=== 2026-06-16 17:20:01 ===
submit_luban.sh: line 3: /home/luban/.bash_profile: No such file or directory
+ set -e
+ LOCK_FILE=my_job.lock
+ '[' -f my_job.lock ']'
+ echo 'Another instance is running, exiting.'
Another instance is running, exiting.
+ exit 1
=== 2026-06-16 17:25:01 ===
submit_luban.sh: line 3: /home/luban/.bash_profile: No such file or directory
+ set -e
+ LOCK_FILE=my_job.lock
+ '[' -f my_job.lock ']'
+ echo 'Another instance is running, exiting.'
Another instance is running, exiting.
+ exit 1
=== 2026-06-16 17:30:01 ===
submit_luban.sh: line 3: /home/luban/.bash_profile: No such file or directory
+ set -e
+ LOCK_FILE=my_job.lock
+ '[' -f my_job.lock ']'
+ echo 'Another instance is running, exiting.'
Another instance is running, exiting.
+ exit 1
=== 2026-06-16 17:35:01 ===
submit_luban.sh: line 3: /home/luban/.bash_profile: No such file or directory
+ set -e
+ LOCK_FILE=my_job.lock
+ '[' -f my_job.lock ']'
+ echo 'Another instance is running, exiting.'
Another instance is running, exiting.
+ exit 1
=== 2026-06-16 17:40:01 ===
submit_luban.sh: line 3: /home/luban/.bash_profile: No such file or directory
+ set -e
+ LOCK_FILE=my_job.lock
+ '[' -f my_job.lock ']'
+ echo 'Another instance is running, exiting.'
Another instance is running, exiting.
+ exit 1
=== 2026-06-16 17:45:01 ===
submit_luban.sh: line 3: /home/luban/.bash_profile: No such file or directory
+ set -e
+ LOCK_FILE=my_job.lock
+ '[' -f my_job.lock ']'
+ echo 'Another instance is running, exiting.'
Another instance is running, exiting.
+ exit 1
=== 2026-06-16 17:50:01 ===
submit_luban.sh: line 3: /home/luban/.bash_profile: No such file or directory
+ set -e
+ LOCK_FILE=my_job.lock
+ '[' -f my_job.lock ']'
+ echo 'Another instance is running, exiting.'
Another instance is running, exiting.
+ exit 1
=== 2026-06-16 17:55:01 ===
submit_luban.sh: line 3: /home/luban/.bash_profile: No such file or directory
+ set -e
+ LOCK_FILE=my_job.lock
+ '[' -f my_job.lock ']'
+ echo 'Another instance is running, exiting.'
Another instance is running, exiting.
+ exit 1
=== 2026-06-16 18:00:01 ===
submit_luban.sh: line 3: /home/luban/.bash_profile: No such file or directory
+ set -e
+ LOCK_FILE=my_job.lock
+ '[' -f my_job.lock ']'
+ echo 'Another instance is running, exiting.'
Another instance is running, exiting.
+ exit 1
=== 2026-06-16 18:05:01 ===
submit_luban.sh: line 3: /home/luban/.bash_profile: No such file or directory
+ set -e
+ LOCK_FILE=my_job.lock
+ '[' -f my_job.lock ']'
+ echo 'Another instance is running, exiting.'
Another instance is running, exiting.
+ exit 1
=== 2026-06-16 18:10:01 ===
submit_luban.sh: line 3: /home/luban/.bash_profile: No such file or directory
+ set -e
+ LOCK_FILE=my_job.lock
+ '[' -f my_job.lock ']'
+ echo 'Another instance is running, exiting.'
Another instance is running, exiting.
+ exit 1
=== 2026-06-16 18:15:01 ===
submit_luban.sh: line 3: /home/luban/.bash_profile: No such file or directory
+ set -e
+ LOCK_FILE=my_job.lock
+ '[' -f my_job.lock ']'
+ echo 'Another instance is running, exiting.'
Another instance is running, exiting.
+ exit 1
=== 2026-06-16 18:20:01 ===
submit_luban.sh: line 3: /home/luban/.bash_profile: No such file or directory
+ set -e
+ LOCK_FILE=my_job.lock
+ '[' -f my_job.lock ']'
+ echo 'Another instance is running, exiting.'
Another instance is running, exiting.
+ exit 1
=== 2026-06-16 18:25:01 ===
submit_luban.sh: line 3: /home/luban/.bash_profile: No such file or directory
+ set -e
+ LOCK_FILE=my_job.lock
+ '[' -f my_job.lock ']'
+ echo 'Another instance is running, exiting.'
Another instance is running, exiting.
+ exit 1
=== 2026-06-16 18:30:01 ===
submit_luban.sh: line 3: /home/luban/.bash_profile: No such file or directory
+ set -e
+ LOCK_FILE=my_job.lock
+ '[' -f my_job.lock ']'
+ echo 'Another instance is running, exiting.'
Another instance is running, exiting.
+ exit 1
=== 2026-06-16 18:35:01 ===
submit_luban.sh: line 3: /home/luban/.bash_profile: No such file or directory
+ set -e
+ LOCK_FILE=my_job.lock
+ '[' -f my_job.lock ']'
+ echo 'Another instance is running, exiting.'
Another instance is running, exiting.
+ exit 1
=== 2026-06-16 18:40:01 ===
submit_luban.sh: line 3: /home/luban/.bash_profile: No such file or directory
+ set -e
+ LOCK_FILE=my_job.lock
+ '[' -f my_job.lock ']'
+ echo 'Another instance is running, exiting.'
Another instance is running, exiting.
+ exit 1
=== 2026-06-16 18:45:01 ===
submit_luban.sh: line 3: /home/luban/.bash_profile: No such file or directory
+ set -e
+ LOCK_FILE=my_job.lock
+ '[' -f my_job.lock ']'
+ echo 388725
+ trap cleanup EXIT
+ echo 'Start job...'
Start job...
+ CONF_FILE=./common.conf
+ ckpt_day=20260614
+ : 1
+ '[' 1 -eq 1 ']'
++ date +%Y%m%d
+ current_date=20260616
+ temp_date=20260616
+ max_days=20
+ found=0
+ eday=
++ date -d '20260614 +1 day' +%Y%m%d
+ bday=20260615
+ count=0
+ [[ 20260616 -ge 20260615 ]]
+ '[' 0 -ge 20 ']'
+ done_file_path=hdfs://DClusterUS1/user/prod_soda_trade_strategy/rank/zhangshuai/MX/mew_sam/data_df_all//20260616/_SUCCESS
+ /usr/local/hadoop-current/bin/hadoop fs -test -e hdfs://DClusterUS1/user/prod_soda_trade_strategy/rank/zhangshuai/MX/mew_sam/data_df_all//20260616/_SUCCESS
++ date -d '20260616 -1 day' +%Y%m%d
+ temp_date=20260615
+ [[ 0 -ne 0 ]]
+ count=1
+ [[ 20260615 -ge 20260615 ]]
+ '[' 1 -ge 20 ']'
+ done_file_path=hdfs://DClusterUS1/user/prod_soda_trade_strategy/rank/zhangshuai/MX/mew_sam/data_df_all//20260615/_SUCCESS
+ /usr/local/hadoop-current/bin/hadoop fs -test -e hdfs://DClusterUS1/user/prod_soda_trade_strategy/rank/zhangshuai/MX/mew_sam/data_df_all//20260615/_SUCCESS
++ date -d '20260615 -1 day' +%Y%m%d
+ temp_date=20260614
+ [[ 0 -ne 0 ]]
+ count=2
+ [[ 20260614 -ge 20260615 ]]
+ [[ 0 -eq 0 ]]
+ echo 'no ready day'
no ready day
+ exit 1
+ cleanup
+ rm -f my_job.lock
=== 2026-06-16 18:50:01 ===
submit_luban.sh: line 3: /home/luban/.bash_profile: No such file or directory
+ set -e
+ LOCK_FILE=my_job.lock
+ '[' -f my_job.lock ']'
+ echo 395331
+ trap cleanup EXIT
+ echo 'Start job...'
Start job...
+ CONF_FILE=./common.conf
+ ckpt_day=20260614
+ : 1
+ '[' 1 -eq 1 ']'
++ date +%Y%m%d
+ current_date=20260616
+ temp_date=20260616
+ max_days=20
+ found=0
+ eday=
++ date -d '20260614 +1 day' +%Y%m%d
+ bday=20260615
+ count=0
+ [[ 20260616 -ge 20260615 ]]
+ '[' 0 -ge 20 ']'
+ done_file_path=hdfs://DClusterUS1/user/prod_soda_trade_strategy/rank/zhangshuai/MX/mew_sam/data_df_all//20260616/_SUCCESS
+ /usr/local/hadoop-current/bin/hadoop fs -test -e hdfs://DClusterUS1/user/prod_soda_trade_strategy/rank/zhangshuai/MX/mew_sam/data_df_all//20260616/_SUCCESS
++ date -d '20260616 -1 day' +%Y%m%d
+ temp_date=20260615
+ [[ 0 -ne 0 ]]
+ count=1
+ [[ 20260615 -ge 20260615 ]]
+ '[' 1 -ge 20 ']'
+ done_file_path=hdfs://DClusterUS1/user/prod_soda_trade_strategy/rank/zhangshuai/MX/mew_sam/data_df_all//20260615/_SUCCESS
+ /usr/local/hadoop-current/bin/hadoop fs -test -e hdfs://DClusterUS1/user/prod_soda_trade_strategy/rank/zhangshuai/MX/mew_sam/data_df_all//20260615/_SUCCESS
++ date -d '20260615 -1 day' +%Y%m%d
+ temp_date=20260614
+ [[ 0 -ne 0 ]]
+ count=2
+ [[ 20260614 -ge 20260615 ]]
+ [[ 0 -eq 0 ]]
+ echo 'no ready day'
no ready day
+ exit 1
+ cleanup
+ rm -f my_job.lock
=== 2026-06-16 18:55:01 ===
submit_luban.sh: line 3: /home/luban/.bash_profile: No such file or directory
+ set -e
+ LOCK_FILE=my_job.lock
+ '[' -f my_job.lock ']'
+ echo 401996
+ trap cleanup EXIT
+ echo 'Start job...'
Start job...
+ CONF_FILE=./common.conf
+ ckpt_day=20260614
+ : 1
+ '[' 1 -eq 1 ']'
++ date +%Y%m%d
+ current_date=20260616
+ temp_date=20260616
+ max_days=20
+ found=0
+ eday=
++ date -d '20260614 +1 day' +%Y%m%d
+ bday=20260615
+ count=0
+ [[ 20260616 -ge 20260615 ]]
+ '[' 0 -ge 20 ']'
+ done_file_path=hdfs://DClusterUS1/user/prod_soda_trade_strategy/rank/zhangshuai/MX/mew_sam/data_df_all//20260616/_SUCCESS
+ /usr/local/hadoop-current/bin/hadoop fs -test -e hdfs://DClusterUS1/user/prod_soda_trade_strategy/rank/zhangshuai/MX/mew_sam/data_df_all//20260616/_SUCCESS
++ date -d '20260616 -1 day' +%Y%m%d
+ temp_date=20260615
+ [[ 0 -ne 0 ]]
+ count=1
+ [[ 20260615 -ge 20260615 ]]
+ '[' 1 -ge 20 ']'
+ done_file_path=hdfs://DClusterUS1/user/prod_soda_trade_strategy/rank/zhangshuai/MX/mew_sam/data_df_all//20260615/_SUCCESS
+ /usr/local/hadoop-current/bin/hadoop fs -test -e hdfs://DClusterUS1/user/prod_soda_trade_strategy/rank/zhangshuai/MX/mew_sam/data_df_all//20260615/_SUCCESS
++ date -d '20260615 -1 day' +%Y%m%d
+ temp_date=20260614
+ [[ 0 -ne 0 ]]
+ count=2
+ [[ 20260614 -ge 20260615 ]]
+ [[ 0 -eq 0 ]]
+ echo 'no ready day'
no ready day
+ exit 1
+ cleanup
+ rm -f my_job.lock
=== 2026-06-16 19:00:01 ===
submit_luban.sh: line 3: /home/luban/.bash_profile: No such file or directory
+ set -e
+ LOCK_FILE=my_job.lock
+ '[' -f my_job.lock ']'
+ echo 408105
+ trap cleanup EXIT
+ echo 'Start job...'
Start job...
+ CONF_FILE=./common.conf
+ ckpt_day=20260614
+ : 1
+ '[' 1 -eq 1 ']'
++ date +%Y%m%d
+ current_date=20260616
+ temp_date=20260616
+ max_days=20
+ found=0
+ eday=
++ date -d '20260614 +1 day' +%Y%m%d
+ bday=20260615
+ count=0
+ [[ 20260616 -ge 20260615 ]]
+ '[' 0 -ge 20 ']'
+ done_file_path=hdfs://DClusterUS1/user/prod_soda_trade_strategy/rank/zhangshuai/MX/mew_sam/data_df_all//20260616/_SUCCESS
+ /usr/local/hadoop-current/bin/hadoop fs -test -e hdfs://DClusterUS1/user/prod_soda_trade_strategy/rank/zhangshuai/MX/mew_sam/data_df_all//20260616/_SUCCESS
++ date -d '20260616 -1 day' +%Y%m%d
+ temp_date=20260615
+ [[ 0 -ne 0 ]]
+ count=1
+ [[ 20260615 -ge 20260615 ]]
+ '[' 1 -ge 20 ']'
+ done_file_path=hdfs://DClusterUS1/user/prod_soda_trade_strategy/rank/zhangshuai/MX/mew_sam/data_df_all//20260615/_SUCCESS
+ /usr/local/hadoop-current/bin/hadoop fs -test -e hdfs://DClusterUS1/user/prod_soda_trade_strategy/rank/zhangshuai/MX/mew_sam/data_df_all//20260615/_SUCCESS
++ date -d '20260615 -1 day' +%Y%m%d
+ temp_date=20260614
+ [[ 0 -ne 0 ]]
+ count=2
+ [[ 20260614 -ge 20260615 ]]
+ [[ 0 -eq 0 ]]
+ echo 'no ready day'
no ready day
+ exit 1
+ cleanup
+ rm -f my_job.lock
=== 2026-06-16 19:05:01 ===
submit_luban.sh: line 3: /home/luban/.bash_profile: No such file or directory
+ set -e
+ LOCK_FILE=my_job.lock
+ '[' -f my_job.lock ']'
+ echo 414732
+ trap cleanup EXIT
+ echo 'Start job...'
Start job...
+ CONF_FILE=./common.conf
+ ckpt_day=20260614
+ : 1
+ '[' 1 -eq 1 ']'
++ date +%Y%m%d
+ current_date=20260616
+ temp_date=20260616
+ max_days=20
+ found=0
+ eday=
++ date -d '20260614 +1 day' +%Y%m%d
+ bday=20260615
+ count=0
+ [[ 20260616 -ge 20260615 ]]
+ '[' 0 -ge 20 ']'
+ done_file_path=hdfs://DClusterUS1/user/prod_soda_trade_strategy/rank/zhangshuai/MX/mew_sam/data_df_all//20260616/_SUCCESS
+ /usr/local/hadoop-current/bin/hadoop fs -test -e hdfs://DClusterUS1/user/prod_soda_trade_strategy/rank/zhangshuai/MX/mew_sam/data_df_all//20260616/_SUCCESS
++ date -d '20260616 -1 day' +%Y%m%d
+ temp_date=20260615
+ [[ 0 -ne 0 ]]
+ count=1
+ [[ 20260615 -ge 20260615 ]]
+ '[' 1 -ge 20 ']'
+ done_file_path=hdfs://DClusterUS1/user/prod_soda_trade_strategy/rank/zhangshuai/MX/mew_sam/data_df_all//20260615/_SUCCESS
+ /usr/local/hadoop-current/bin/hadoop fs -test -e hdfs://DClusterUS1/user/prod_soda_trade_strategy/rank/zhangshuai/MX/mew_sam/data_df_all//20260615/_SUCCESS
++ date -d '20260615 -1 day' +%Y%m%d
+ temp_date=20260614
+ [[ 0 -ne 0 ]]
+ count=2
+ [[ 20260614 -ge 20260615 ]]
+ [[ 0 -eq 0 ]]
+ echo 'no ready day'
no ready day
+ exit 1
+ cleanup
+ rm -f my_job.lock
=== 2026-06-16 19:10:01 ===
submit_luban.sh: line 3: /home/luban/.bash_profile: No such file or directory
+ set -e
+ LOCK_FILE=my_job.lock
+ '[' -f my_job.lock ']'
+ echo 420923
+ trap cleanup EXIT
+ echo 'Start job...'
Start job...
+ CONF_FILE=./common.conf
+ ckpt_day=20260614
+ : 1
+ '[' 1 -eq 1 ']'
++ date +%Y%m%d
+ current_date=20260616
+ temp_date=20260616
+ max_days=20
+ found=0
+ eday=
++ date -d '20260614 +1 day' +%Y%m%d
+ bday=20260615
+ count=0
+ [[ 20260616 -ge 20260615 ]]
+ '[' 0 -ge 20 ']'
+ done_file_path=hdfs://DClusterUS1/user/prod_soda_trade_strategy/rank/zhangshuai/MX/mew_sam/data_df_all//20260616/_SUCCESS
+ /usr/local/hadoop-current/bin/hadoop fs -test -e hdfs://DClusterUS1/user/prod_soda_trade_strategy/rank/zhangshuai/MX/mew_sam/data_df_all//20260616/_SUCCESS
++ date -d '20260616 -1 day' +%Y%m%d
+ temp_date=20260615
+ [[ 0 -ne 0 ]]
+ count=1
+ [[ 20260615 -ge 20260615 ]]
+ '[' 1 -ge 20 ']'
+ done_file_path=hdfs://DClusterUS1/user/prod_soda_trade_strategy/rank/zhangshuai/MX/mew_sam/data_df_all//20260615/_SUCCESS
+ /usr/local/hadoop-current/bin/hadoop fs -test -e hdfs://DClusterUS1/user/prod_soda_trade_strategy/rank/zhangshuai/MX/mew_sam/data_df_all//20260615/_SUCCESS
++ date -d '20260615 -1 day' +%Y%m%d
+ temp_date=20260614
+ [[ 0 -ne 0 ]]
+ count=2
+ [[ 20260614 -ge 20260615 ]]
+ [[ 0 -eq 0 ]]
+ echo 'no ready day'
no ready day
+ exit 1
+ cleanup
+ rm -f my_job.lock
=== 2026-06-16 19:15:01 ===
submit_luban.sh: line 3: /home/luban/.bash_profile: No such file or directory
+ set -e
+ LOCK_FILE=my_job.lock
+ '[' -f my_job.lock ']'
+ echo 427044
+ trap cleanup EXIT
+ echo 'Start job...'
Start job...
+ CONF_FILE=./common.conf
+ ckpt_day=20260614
+ : 1
+ '[' 1 -eq 1 ']'
++ date +%Y%m%d
+ current_date=20260616
+ temp_date=20260616
+ max_days=20
+ found=0
+ eday=
++ date -d '20260614 +1 day' +%Y%m%d
+ bday=20260615
+ count=0
+ [[ 20260616 -ge 20260615 ]]
+ '[' 0 -ge 20 ']'
+ done_file_path=hdfs://DClusterUS1/user/prod_soda_trade_strategy/rank/zhangshuai/MX/mew_sam/data_df_all//20260616/_SUCCESS
+ /usr/local/hadoop-current/bin/hadoop fs -test -e hdfs://DClusterUS1/user/prod_soda_trade_strategy/rank/zhangshuai/MX/mew_sam/data_df_all//20260616/_SUCCESS
++ date -d '20260616 -1 day' +%Y%m%d
+ temp_date=20260615
+ [[ 0 -ne 0 ]]
+ count=1
+ [[ 20260615 -ge 20260615 ]]
+ '[' 1 -ge 20 ']'
+ done_file_path=hdfs://DClusterUS1/user/prod_soda_trade_strategy/rank/zhangshuai/MX/mew_sam/data_df_all//20260615/_SUCCESS
+ /usr/local/hadoop-current/bin/hadoop fs -test -e hdfs://DClusterUS1/user/prod_soda_trade_strategy/rank/zhangshuai/MX/mew_sam/data_df_all//20260615/_SUCCESS
++ date -d '20260615 -1 day' +%Y%m%d
+ temp_date=20260614
+ [[ 0 -ne 0 ]]
+ count=2
+ [[ 20260614 -ge 20260615 ]]
+ [[ 0 -eq 0 ]]
+ echo 'no ready day'
no ready day
+ exit 1
+ cleanup
+ rm -f my_job.lock
=== 2026-06-16 19:20:01 ===
submit_luban.sh: line 3: /home/luban/.bash_profile: No such file or directory
+ set -e
+ LOCK_FILE=my_job.lock
+ '[' -f my_job.lock ']'
+ echo 433169
+ trap cleanup EXIT
+ echo 'Start job...'
Start job...
+ CONF_FILE=./common.conf
+ ckpt_day=20260614
+ : 1
+ '[' 1 -eq 1 ']'
++ date +%Y%m%d
+ current_date=20260616
+ temp_date=20260616
+ max_days=20
+ found=0
+ eday=
++ date -d '20260614 +1 day' +%Y%m%d
+ bday=20260615
+ count=0
+ [[ 20260616 -ge 20260615 ]]
+ '[' 0 -ge 20 ']'
+ done_file_path=hdfs://DClusterUS1/user/prod_soda_trade_strategy/rank/zhangshuai/MX/mew_sam/data_df_all//20260616/_SUCCESS
+ /usr/local/hadoop-current/bin/hadoop fs -test -e hdfs://DClusterUS1/user/prod_soda_trade_strategy/rank/zhangshuai/MX/mew_sam/data_df_all//20260616/_SUCCESS
++ date -d '20260616 -1 day' +%Y%m%d
+ temp_date=20260615
+ [[ 0 -ne 0 ]]
+ count=1
+ [[ 20260615 -ge 20260615 ]]
+ '[' 1 -ge 20 ']'
+ done_file_path=hdfs://DClusterUS1/user/prod_soda_trade_strategy/rank/zhangshuai/MX/mew_sam/data_df_all//20260615/_SUCCESS
+ /usr/local/hadoop-current/bin/hadoop fs -test -e hdfs://DClusterUS1/user/prod_soda_trade_strategy/rank/zhangshuai/MX/mew_sam/data_df_all//20260615/_SUCCESS
++ date -d '20260615 -1 day' +%Y%m%d
+ temp_date=20260614
+ [[ 0 -ne 0 ]]
+ count=2
+ [[ 20260614 -ge 20260615 ]]
+ [[ 0 -eq 0 ]]
+ echo 'no ready day'
no ready day
+ exit 1
+ cleanup
+ rm -f my_job.lock
=== 2026-06-16 19:25:01 ===
submit_luban.sh: line 3: /home/luban/.bash_profile: No such file or directory
+ set -e
+ LOCK_FILE=my_job.lock
+ '[' -f my_job.lock ']'
+ echo 439281
+ trap cleanup EXIT
+ echo 'Start job...'
Start job...
+ CONF_FILE=./common.conf
+ ckpt_day=20260614
+ : 1
+ '[' 1 -eq 1 ']'
++ date +%Y%m%d
+ current_date=20260616
+ temp_date=20260616
+ max_days=20
+ found=0
+ eday=
++ date -d '20260614 +1 day' +%Y%m%d
+ bday=20260615
+ count=0
+ [[ 20260616 -ge 20260615 ]]
+ '[' 0 -ge 20 ']'
+ done_file_path=hdfs://DClusterUS1/user/prod_soda_trade_strategy/rank/zhangshuai/MX/mew_sam/data_df_all//20260616/_SUCCESS
+ /usr/local/hadoop-current/bin/hadoop fs -test -e hdfs://DClusterUS1/user/prod_soda_trade_strategy/rank/zhangshuai/MX/mew_sam/data_df_all//20260616/_SUCCESS
++ date -d '20260616 -1 day' +%Y%m%d
+ temp_date=20260615
+ [[ 0 -ne 0 ]]
+ count=1
+ [[ 20260615 -ge 20260615 ]]
+ '[' 1 -ge 20 ']'
+ done_file_path=hdfs://DClusterUS1/user/prod_soda_trade_strategy/rank/zhangshuai/MX/mew_sam/data_df_all//20260615/_SUCCESS
+ /usr/local/hadoop-current/bin/hadoop fs -test -e hdfs://DClusterUS1/user/prod_soda_trade_strategy/rank/zhangshuai/MX/mew_sam/data_df_all//20260615/_SUCCESS
++ date -d '20260615 -1 day' +%Y%m%d
+ temp_date=20260614
+ [[ 0 -ne 0 ]]
+ count=2
+ [[ 20260614 -ge 20260615 ]]
+ [[ 0 -eq 0 ]]
+ echo 'no ready day'
no ready day
+ exit 1
+ cleanup
+ rm -f my_job.lock
=== 2026-06-16 19:30:01 ===
submit_luban.sh: line 3: /home/luban/.bash_profile: No such file or directory
+ set -e
+ LOCK_FILE=my_job.lock
+ '[' -f my_job.lock ']'
+ echo 445390
+ trap cleanup EXIT
+ echo 'Start job...'
Start job...
+ CONF_FILE=./common.conf
+ ckpt_day=20260614
+ : 1
+ '[' 1 -eq 1 ']'
++ date +%Y%m%d
+ current_date=20260616
+ temp_date=20260616
+ max_days=20
+ found=0
+ eday=
++ date -d '20260614 +1 day' +%Y%m%d
+ bday=20260615
+ count=0
+ [[ 20260616 -ge 20260615 ]]
+ '[' 0 -ge 20 ']'
+ done_file_path=hdfs://DClusterUS1/user/prod_soda_trade_strategy/rank/zhangshuai/MX/mew_sam/data_df_all//20260616/_SUCCESS
+ /usr/local/hadoop-current/bin/hadoop fs -test -e hdfs://DClusterUS1/user/prod_soda_trade_strategy/rank/zhangshuai/MX/mew_sam/data_df_all//20260616/_SUCCESS
++ date -d '20260616 -1 day' +%Y%m%d
+ temp_date=20260615
+ [[ 0 -ne 0 ]]
+ count=1
+ [[ 20260615 -ge 20260615 ]]
+ '[' 1 -ge 20 ']'
+ done_file_path=hdfs://DClusterUS1/user/prod_soda_trade_strategy/rank/zhangshuai/MX/mew_sam/data_df_all//20260615/_SUCCESS
+ /usr/local/hadoop-current/bin/hadoop fs -test -e hdfs://DClusterUS1/user/prod_soda_trade_strategy/rank/zhangshuai/MX/mew_sam/data_df_all//20260615/_SUCCESS
++ date -d '20260615 -1 day' +%Y%m%d
+ temp_date=20260614
+ [[ 0 -ne 0 ]]
+ count=2
+ [[ 20260614 -ge 20260615 ]]
+ [[ 0 -eq 0 ]]
+ echo 'no ready day'
no ready day
+ exit 1
+ cleanup
+ rm -f my_job.lock
=== 2026-06-16 19:35:01 ===
submit_luban.sh: line 3: /home/luban/.bash_profile: No such file or directory
+ set -e
+ LOCK_FILE=my_job.lock
+ '[' -f my_job.lock ']'
+ echo 451483
+ trap cleanup EXIT
+ echo 'Start job...'
Start job...
+ CONF_FILE=./common.conf
+ ckpt_day=20260614
+ : 1
+ '[' 1 -eq 1 ']'
++ date +%Y%m%d
+ current_date=20260616
+ temp_date=20260616
+ max_days=20
+ found=0
+ eday=
++ date -d '20260614 +1 day' +%Y%m%d
+ bday=20260615
+ count=0
+ [[ 20260616 -ge 20260615 ]]
+ '[' 0 -ge 20 ']'
+ done_file_path=hdfs://DClusterUS1/user/prod_soda_trade_strategy/rank/zhangshuai/MX/mew_sam/data_df_all//20260616/_SUCCESS
+ /usr/local/hadoop-current/bin/hadoop fs -test -e hdfs://DClusterUS1/user/prod_soda_trade_strategy/rank/zhangshuai/MX/mew_sam/data_df_all//20260616/_SUCCESS
++ date -d '20260616 -1 day' +%Y%m%d
+ temp_date=20260615
+ [[ 0 -ne 0 ]]
+ count=1
+ [[ 20260615 -ge 20260615 ]]
+ '[' 1 -ge 20 ']'
+ done_file_path=hdfs://DClusterUS1/user/prod_soda_trade_strategy/rank/zhangshuai/MX/mew_sam/data_df_all//20260615/_SUCCESS
+ /usr/local/hadoop-current/bin/hadoop fs -test -e hdfs://DClusterUS1/user/prod_soda_trade_strategy/rank/zhangshuai/MX/mew_sam/data_df_all//20260615/_SUCCESS
++ date -d '20260615 -1 day' +%Y%m%d
+ temp_date=20260614
+ [[ 0 -ne 0 ]]
+ count=2
+ [[ 20260614 -ge 20260615 ]]
+ [[ 0 -eq 0 ]]
+ echo 'no ready day'
no ready day
+ exit 1
+ cleanup
+ rm -f my_job.lock
=== 2026-06-16 19:40:01 ===
submit_luban.sh: line 3: /home/luban/.bash_profile: No such file or directory
+ set -e
+ LOCK_FILE=my_job.lock
+ '[' -f my_job.lock ']'
+ echo 457598
+ trap cleanup EXIT
+ echo 'Start job...'
Start job...
+ CONF_FILE=./common.conf
+ ckpt_day=20260614
+ : 1
+ '[' 1 -eq 1 ']'
++ date +%Y%m%d
+ current_date=20260616
+ temp_date=20260616
+ max_days=20
+ found=0
+ eday=
++ date -d '20260614 +1 day' +%Y%m%d
+ bday=20260615
+ count=0
+ [[ 20260616 -ge 20260615 ]]
+ '[' 0 -ge 20 ']'
+ done_file_path=hdfs://DClusterUS1/user/prod_soda_trade_strategy/rank/zhangshuai/MX/mew_sam/data_df_all//20260616/_SUCCESS
+ /usr/local/hadoop-current/bin/hadoop fs -test -e hdfs://DClusterUS1/user/prod_soda_trade_strategy/rank/zhangshuai/MX/mew_sam/data_df_all//20260616/_SUCCESS
++ date -d '20260616 -1 day' +%Y%m%d
+ temp_date=20260615
+ [[ 0 -ne 0 ]]
+ count=1
+ [[ 20260615 -ge 20260615 ]]
+ '[' 1 -ge 20 ']'
+ done_file_path=hdfs://DClusterUS1/user/prod_soda_trade_strategy/rank/zhangshuai/MX/mew_sam/data_df_all//20260615/_SUCCESS
+ /usr/local/hadoop-current/bin/hadoop fs -test -e hdfs://DClusterUS1/user/prod_soda_trade_strategy/rank/zhangshuai/MX/mew_sam/data_df_all//20260615/_SUCCESS
++ date -d '20260615 -1 day' +%Y%m%d
+ temp_date=20260614
+ [[ 0 -ne 0 ]]
+ count=2
+ [[ 20260614 -ge 20260615 ]]
+ [[ 0 -eq 0 ]]
+ echo 'no ready day'
no ready day
+ exit 1
+ cleanup
+ rm -f my_job.lock
=== 2026-06-16 19:45:01 ===
submit_luban.sh: line 3: /home/luban/.bash_profile: No such file or directory
+ set -e
+ LOCK_FILE=my_job.lock
+ '[' -f my_job.lock ']'
+ echo 463717
+ trap cleanup EXIT
+ echo 'Start job...'
Start job...
+ CONF_FILE=./common.conf
+ ckpt_day=20260614
+ : 1
+ '[' 1 -eq 1 ']'
++ date +%Y%m%d
+ current_date=20260616
+ temp_date=20260616
+ max_days=20
+ found=0
+ eday=
++ date -d '20260614 +1 day' +%Y%m%d
+ bday=20260615
+ count=0
+ [[ 20260616 -ge 20260615 ]]
+ '[' 0 -ge 20 ']'
+ done_file_path=hdfs://DClusterUS1/user/prod_soda_trade_strategy/rank/zhangshuai/MX/mew_sam/data_df_all//20260616/_SUCCESS
+ /usr/local/hadoop-current/bin/hadoop fs -test -e hdfs://DClusterUS1/user/prod_soda_trade_strategy/rank/zhangshuai/MX/mew_sam/data_df_all//20260616/_SUCCESS
++ date -d '20260616 -1 day' +%Y%m%d
+ temp_date=20260615
+ [[ 0 -ne 0 ]]
+ count=1
+ [[ 20260615 -ge 20260615 ]]
+ '[' 1 -ge 20 ']'
+ done_file_path=hdfs://DClusterUS1/user/prod_soda_trade_strategy/rank/zhangshuai/MX/mew_sam/data_df_all//20260615/_SUCCESS
+ /usr/local/hadoop-current/bin/hadoop fs -test -e hdfs://DClusterUS1/user/prod_soda_trade_strategy/rank/zhangshuai/MX/mew_sam/data_df_all//20260615/_SUCCESS
++ date -d '20260615 -1 day' +%Y%m%d
+ temp_date=20260614
+ [[ 0 -ne 0 ]]
+ count=2
+ [[ 20260614 -ge 20260615 ]]
+ [[ 0 -eq 0 ]]
+ echo 'no ready day'
no ready day
+ exit 1
+ cleanup
+ rm -f my_job.lock
=== 2026-06-16 19:50:01 ===
submit_luban.sh: line 3: /home/luban/.bash_profile: No such file or directory
+ set -e
+ LOCK_FILE=my_job.lock
+ '[' -f my_job.lock ']'
+ echo 469840
+ trap cleanup EXIT
+ echo 'Start job...'
Start job...
+ CONF_FILE=./common.conf
+ ckpt_day=20260614
+ : 1
+ '[' 1 -eq 1 ']'
++ date +%Y%m%d
+ current_date=20260616
+ temp_date=20260616
+ max_days=20
+ found=0
+ eday=
++ date -d '20260614 +1 day' +%Y%m%d
+ bday=20260615
+ count=0
+ [[ 20260616 -ge 20260615 ]]
+ '[' 0 -ge 20 ']'
+ done_file_path=hdfs://DClusterUS1/user/prod_soda_trade_strategy/rank/zhangshuai/MX/mew_sam/data_df_all//20260616/_SUCCESS
+ /usr/local/hadoop-current/bin/hadoop fs -test -e hdfs://DClusterUS1/user/prod_soda_trade_strategy/rank/zhangshuai/MX/mew_sam/data_df_all//20260616/_SUCCESS
++ date -d '20260616 -1 day' +%Y%m%d
+ temp_date=20260615
+ [[ 0 -ne 0 ]]
+ count=1
+ [[ 20260615 -ge 20260615 ]]
+ '[' 1 -ge 20 ']'
+ done_file_path=hdfs://DClusterUS1/user/prod_soda_trade_strategy/rank/zhangshuai/MX/mew_sam/data_df_all//20260615/_SUCCESS
+ /usr/local/hadoop-current/bin/hadoop fs -test -e hdfs://DClusterUS1/user/prod_soda_trade_strategy/rank/zhangshuai/MX/mew_sam/data_df_all//20260615/_SUCCESS
++ date -d '20260615 -1 day' +%Y%m%d
+ temp_date=20260614
+ [[ 0 -ne 0 ]]
+ count=2
+ [[ 20260614 -ge 20260615 ]]
+ [[ 0 -eq 0 ]]
+ echo 'no ready day'
no ready day
+ exit 1
+ cleanup
+ rm -f my_job.lock
=== 2026-06-16 19:55:01 ===
submit_luban.sh: line 3: /home/luban/.bash_profile: No such file or directory
+ set -e
+ LOCK_FILE=my_job.lock
+ '[' -f my_job.lock ']'
+ echo 476090
+ trap cleanup EXIT
+ echo 'Start job...'
Start job...
+ CONF_FILE=./common.conf
+ ckpt_day=20260614
+ : 1
+ '[' 1 -eq 1 ']'
++ date +%Y%m%d
+ current_date=20260616
+ temp_date=20260616
+ max_days=20
+ found=0
+ eday=
++ date -d '20260614 +1 day' +%Y%m%d
+ bday=20260615
+ count=0
+ [[ 20260616 -ge 20260615 ]]
+ '[' 0 -ge 20 ']'
+ done_file_path=hdfs://DClusterUS1/user/prod_soda_trade_strategy/rank/zhangshuai/MX/mew_sam/data_df_all//20260616/_SUCCESS
+ /usr/local/hadoop-current/bin/hadoop fs -test -e hdfs://DClusterUS1/user/prod_soda_trade_strategy/rank/zhangshuai/MX/mew_sam/data_df_all//20260616/_SUCCESS
++ date -d '20260616 -1 day' +%Y%m%d
+ temp_date=20260615
+ [[ 0 -ne 0 ]]
+ count=1
+ [[ 20260615 -ge 20260615 ]]
+ '[' 1 -ge 20 ']'
+ done_file_path=hdfs://DClusterUS1/user/prod_soda_trade_strategy/rank/zhangshuai/MX/mew_sam/data_df_all//20260615/_SUCCESS
+ /usr/local/hadoop-current/bin/hadoop fs -test -e hdfs://DClusterUS1/user/prod_soda_trade_strategy/rank/zhangshuai/MX/mew_sam/data_df_all//20260615/_SUCCESS
++ date -d '20260615 -1 day' +%Y%m%d
+ temp_date=20260614
+ [[ 0 -ne 0 ]]
+ count=2
+ [[ 20260614 -ge 20260615 ]]
+ [[ 0 -eq 0 ]]
+ echo 'no ready day'
no ready day
+ exit 1
+ cleanup
+ rm -f my_job.lock
=== 2026-06-16 20:00:01 ===
submit_luban.sh: line 3: /home/luban/.bash_profile: No such file or directory
+ set -e
+ LOCK_FILE=my_job.lock
+ '[' -f my_job.lock ']'
+ echo 482213
+ trap cleanup EXIT
+ echo 'Start job...'
Start job...
+ CONF_FILE=./common.conf
+ ckpt_day=20260614
+ : 1
+ '[' 1 -eq 1 ']'
++ date +%Y%m%d
+ current_date=20260616
+ temp_date=20260616
+ max_days=20
+ found=0
+ eday=
++ date -d '20260614 +1 day' +%Y%m%d
+ bday=20260615
+ count=0
+ [[ 20260616 -ge 20260615 ]]
+ '[' 0 -ge 20 ']'
+ done_file_path=hdfs://DClusterUS1/user/prod_soda_trade_strategy/rank/zhangshuai/MX/mew_sam/data_df_all//20260616/_SUCCESS
+ /usr/local/hadoop-current/bin/hadoop fs -test -e hdfs://DClusterUS1/user/prod_soda_trade_strategy/rank/zhangshuai/MX/mew_sam/data_df_all//20260616/_SUCCESS
++ date -d '20260616 -1 day' +%Y%m%d
+ temp_date=20260615
+ [[ 0 -ne 0 ]]
+ count=1
+ [[ 20260615 -ge 20260615 ]]
+ '[' 1 -ge 20 ']'
+ done_file_path=hdfs://DClusterUS1/user/prod_soda_trade_strategy/rank/zhangshuai/MX/mew_sam/data_df_all//20260615/_SUCCESS
+ /usr/local/hadoop-current/bin/hadoop fs -test -e hdfs://DClusterUS1/user/prod_soda_trade_strategy/rank/zhangshuai/MX/mew_sam/data_df_all//20260615/_SUCCESS
++ date -d '20260615 -1 day' +%Y%m%d
+ temp_date=20260614
+ [[ 0 -ne 0 ]]
+ count=2
+ [[ 20260614 -ge 20260615 ]]
+ [[ 0 -eq 0 ]]
+ echo 'no ready day'
no ready day
+ exit 1
+ cleanup
+ rm -f my_job.lock
=== 2026-06-16 20:05:01 ===
submit_luban.sh: line 3: /home/luban/.bash_profile: No such file or directory
+ set -e
+ LOCK_FILE=my_job.lock
+ '[' -f my_job.lock ']'
+ echo 488329
+ trap cleanup EXIT
+ echo 'Start job...'
Start job...
+ CONF_FILE=./common.conf
+ ckpt_day=20260614
+ : 1
+ '[' 1 -eq 1 ']'
++ date +%Y%m%d
+ current_date=20260616
+ temp_date=20260616
+ max_days=20
+ found=0
+ eday=
++ date -d '20260614 +1 day' +%Y%m%d
+ bday=20260615
+ count=0
+ [[ 20260616 -ge 20260615 ]]
+ '[' 0 -ge 20 ']'
+ done_file_path=hdfs://DClusterUS1/user/prod_soda_trade_strategy/rank/zhangshuai/MX/mew_sam/data_df_all//20260616/_SUCCESS
+ /usr/local/hadoop-current/bin/hadoop fs -test -e hdfs://DClusterUS1/user/prod_soda_trade_strategy/rank/zhangshuai/MX/mew_sam/data_df_all//20260616/_SUCCESS
++ date -d '20260616 -1 day' +%Y%m%d
+ temp_date=20260615
+ [[ 0 -ne 0 ]]
+ count=1
+ [[ 20260615 -ge 20260615 ]]
+ '[' 1 -ge 20 ']'
+ done_file_path=hdfs://DClusterUS1/user/prod_soda_trade_strategy/rank/zhangshuai/MX/mew_sam/data_df_all//20260615/_SUCCESS
+ /usr/local/hadoop-current/bin/hadoop fs -test -e hdfs://DClusterUS1/user/prod_soda_trade_strategy/rank/zhangshuai/MX/mew_sam/data_df_all//20260615/_SUCCESS
++ date -d '20260615 -1 day' +%Y%m%d
+ temp_date=20260614
+ [[ 0 -ne 0 ]]
+ count=2
+ [[ 20260614 -ge 20260615 ]]
+ [[ 0 -eq 0 ]]
+ echo 'no ready day'
no ready day
+ exit 1
+ cleanup
+ rm -f my_job.lock
=== 2026-06-16 20:10:01 ===
submit_luban.sh: line 3: /home/luban/.bash_profile: No such file or directory
+ set -e
+ LOCK_FILE=my_job.lock
+ '[' -f my_job.lock ']'
+ echo 494455
+ trap cleanup EXIT
+ echo 'Start job...'
Start job...
+ CONF_FILE=./common.conf
+ ckpt_day=20260614
+ : 1
+ '[' 1 -eq 1 ']'
++ date +%Y%m%d
+ current_date=20260616
+ temp_date=20260616
+ max_days=20
+ found=0
+ eday=
++ date -d '20260614 +1 day' +%Y%m%d
+ bday=20260615
+ count=0
+ [[ 20260616 -ge 20260615 ]]
+ '[' 0 -ge 20 ']'
+ done_file_path=hdfs://DClusterUS1/user/prod_soda_trade_strategy/rank/zhangshuai/MX/mew_sam/data_df_all//20260616/_SUCCESS
+ /usr/local/hadoop-current/bin/hadoop fs -test -e hdfs://DClusterUS1/user/prod_soda_trade_strategy/rank/zhangshuai/MX/mew_sam/data_df_all//20260616/_SUCCESS
++ date -d '20260616 -1 day' +%Y%m%d
+ temp_date=20260615
+ [[ 0 -ne 0 ]]
+ count=1
+ [[ 20260615 -ge 20260615 ]]
+ '[' 1 -ge 20 ']'
+ done_file_path=hdfs://DClusterUS1/user/prod_soda_trade_strategy/rank/zhangshuai/MX/mew_sam/data_df_all//20260615/_SUCCESS
+ /usr/local/hadoop-current/bin/hadoop fs -test -e hdfs://DClusterUS1/user/prod_soda_trade_strategy/rank/zhangshuai/MX/mew_sam/data_df_all//20260615/_SUCCESS
++ date -d '20260615 -1 day' +%Y%m%d
+ temp_date=20260614
+ [[ 0 -ne 0 ]]
+ count=2
+ [[ 20260614 -ge 20260615 ]]
+ [[ 0 -eq 0 ]]
+ echo 'no ready day'
no ready day
+ exit 1
+ cleanup
+ rm -f my_job.lock
=== 2026-06-16 20:15:01 ===
submit_luban.sh: line 3: /home/luban/.bash_profile: No such file or directory
+ set -e
+ LOCK_FILE=my_job.lock
+ '[' -f my_job.lock ']'
+ echo 500610
+ trap cleanup EXIT
+ echo 'Start job...'
Start job...
+ CONF_FILE=./common.conf
+ ckpt_day=20260614
+ : 1
+ '[' 1 -eq 1 ']'
++ date +%Y%m%d
+ current_date=20260616
+ temp_date=20260616
+ max_days=20
+ found=0
+ eday=
++ date -d '20260614 +1 day' +%Y%m%d
+ bday=20260615
+ count=0
+ [[ 20260616 -ge 20260615 ]]
+ '[' 0 -ge 20 ']'
+ done_file_path=hdfs://DClusterUS1/user/prod_soda_trade_strategy/rank/zhangshuai/MX/mew_sam/data_df_all//20260616/_SUCCESS
+ /usr/local/hadoop-current/bin/hadoop fs -test -e hdfs://DClusterUS1/user/prod_soda_trade_strategy/rank/zhangshuai/MX/mew_sam/data_df_all//20260616/_SUCCESS
++ date -d '20260616 -1 day' +%Y%m%d
+ temp_date=20260615
+ [[ 0 -ne 0 ]]
+ count=1
+ [[ 20260615 -ge 20260615 ]]
+ '[' 1 -ge 20 ']'
+ done_file_path=hdfs://DClusterUS1/user/prod_soda_trade_strategy/rank/zhangshuai/MX/mew_sam/data_df_all//20260615/_SUCCESS
+ /usr/local/hadoop-current/bin/hadoop fs -test -e hdfs://DClusterUS1/user/prod_soda_trade_strategy/rank/zhangshuai/MX/mew_sam/data_df_all//20260615/_SUCCESS
++ date -d '20260615 -1 day' +%Y%m%d
+ temp_date=20260614
+ [[ 0 -ne 0 ]]
+ count=2
+ [[ 20260614 -ge 20260615 ]]
+ [[ 0 -eq 0 ]]
+ echo 'no ready day'
no ready day
+ exit 1
+ cleanup
+ rm -f my_job.lock
=== 2026-06-16 20:20:01 ===
submit_luban.sh: line 3: /home/luban/.bash_profile: No such file or directory
+ set -e
+ LOCK_FILE=my_job.lock
+ '[' -f my_job.lock ']'
+ echo 506791
+ trap cleanup EXIT
+ echo 'Start job...'
Start job...
+ CONF_FILE=./common.conf
+ ckpt_day=20260614
+ : 1
+ '[' 1 -eq 1 ']'
++ date +%Y%m%d
+ current_date=20260616
+ temp_date=20260616
+ max_days=20
+ found=0
+ eday=
++ date -d '20260614 +1 day' +%Y%m%d
+ bday=20260615
+ count=0
+ [[ 20260616 -ge 20260615 ]]
+ '[' 0 -ge 20 ']'
+ done_file_path=hdfs://DClusterUS1/user/prod_soda_trade_strategy/rank/zhangshuai/MX/mew_sam/data_df_all//20260616/_SUCCESS
+ /usr/local/hadoop-current/bin/hadoop fs -test -e hdfs://DClusterUS1/user/prod_soda_trade_strategy/rank/zhangshuai/MX/mew_sam/data_df_all//20260616/_SUCCESS
++ date -d '20260616 -1 day' +%Y%m%d
+ temp_date=20260615
+ [[ 0 -ne 0 ]]
+ count=1
+ [[ 20260615 -ge 20260615 ]]
+ '[' 1 -ge 20 ']'
+ done_file_path=hdfs://DClusterUS1/user/prod_soda_trade_strategy/rank/zhangshuai/MX/mew_sam/data_df_all//20260615/_SUCCESS
+ /usr/local/hadoop-current/bin/hadoop fs -test -e hdfs://DClusterUS1/user/prod_soda_trade_strategy/rank/zhangshuai/MX/mew_sam/data_df_all//20260615/_SUCCESS
++ date -d '20260615 -1 day' +%Y%m%d
+ temp_date=20260614
+ [[ 0 -ne 0 ]]
+ count=2
+ [[ 20260614 -ge 20260615 ]]
+ [[ 0 -eq 0 ]]
+ echo 'no ready day'
no ready day
+ exit 1
+ cleanup
+ rm -f my_job.lock
=== 2026-06-16 20:25:01 ===
submit_luban.sh: line 3: /home/luban/.bash_profile: No such file or directory
+ set -e
+ LOCK_FILE=my_job.lock
+ '[' -f my_job.lock ']'
+ echo 513201
+ trap cleanup EXIT
+ echo 'Start job...'
Start job...
+ CONF_FILE=./common.conf
+ ckpt_day=20260614
+ : 1
+ '[' 1 -eq 1 ']'
++ date +%Y%m%d
+ current_date=20260616
+ temp_date=20260616
+ max_days=20
+ found=0
+ eday=
++ date -d '20260614 +1 day' +%Y%m%d
+ bday=20260615
+ count=0
+ [[ 20260616 -ge 20260615 ]]
+ '[' 0 -ge 20 ']'
+ done_file_path=hdfs://DClusterUS1/user/prod_soda_trade_strategy/rank/zhangshuai/MX/mew_sam/data_df_all//20260616/_SUCCESS
+ /usr/local/hadoop-current/bin/hadoop fs -test -e hdfs://DClusterUS1/user/prod_soda_trade_strategy/rank/zhangshuai/MX/mew_sam/data_df_all//20260616/_SUCCESS
++ date -d '20260616 -1 day' +%Y%m%d
+ temp_date=20260615
+ [[ 0 -ne 0 ]]
+ count=1
+ [[ 20260615 -ge 20260615 ]]
+ '[' 1 -ge 20 ']'
+ done_file_path=hdfs://DClusterUS1/user/prod_soda_trade_strategy/rank/zhangshuai/MX/mew_sam/data_df_all//20260615/_SUCCESS
+ /usr/local/hadoop-current/bin/hadoop fs -test -e hdfs://DClusterUS1/user/prod_soda_trade_strategy/rank/zhangshuai/MX/mew_sam/data_df_all//20260615/_SUCCESS
++ date -d '20260615 -1 day' +%Y%m%d
+ temp_date=20260614
+ [[ 0 -ne 0 ]]
+ count=2
+ [[ 20260614 -ge 20260615 ]]
+ [[ 0 -eq 0 ]]
+ echo 'no ready day'
no ready day
+ exit 1
+ cleanup
+ rm -f my_job.lock
=== 2026-06-16 20:30:01 ===
submit_luban.sh: line 3: /home/luban/.bash_profile: No such file or directory
+ set -e
+ LOCK_FILE=my_job.lock
+ '[' -f my_job.lock ']'
+ echo 519768
+ trap cleanup EXIT
+ echo 'Start job...'
Start job...
+ CONF_FILE=./common.conf
+ ckpt_day=20260614
+ : 1
+ '[' 1 -eq 1 ']'
++ date +%Y%m%d
+ current_date=20260616
+ temp_date=20260616
+ max_days=20
+ found=0
+ eday=
++ date -d '20260614 +1 day' +%Y%m%d
+ bday=20260615
+ count=0
+ [[ 20260616 -ge 20260615 ]]
+ '[' 0 -ge 20 ']'
+ done_file_path=hdfs://DClusterUS1/user/prod_soda_trade_strategy/rank/zhangshuai/MX/mew_sam/data_df_all//20260616/_SUCCESS
+ /usr/local/hadoop-current/bin/hadoop fs -test -e hdfs://DClusterUS1/user/prod_soda_trade_strategy/rank/zhangshuai/MX/mew_sam/data_df_all//20260616/_SUCCESS
++ date -d '20260616 -1 day' +%Y%m%d
+ temp_date=20260615
+ [[ 0 -ne 0 ]]
+ count=1
+ [[ 20260615 -ge 20260615 ]]
+ '[' 1 -ge 20 ']'
+ done_file_path=hdfs://DClusterUS1/user/prod_soda_trade_strategy/rank/zhangshuai/MX/mew_sam/data_df_all//20260615/_SUCCESS
+ /usr/local/hadoop-current/bin/hadoop fs -test -e hdfs://DClusterUS1/user/prod_soda_trade_strategy/rank/zhangshuai/MX/mew_sam/data_df_all//20260615/_SUCCESS
++ date -d '20260615 -1 day' +%Y%m%d
+ temp_date=20260614
+ [[ 0 -ne 0 ]]
+ count=2
+ [[ 20260614 -ge 20260615 ]]
+ [[ 0 -eq 0 ]]
+ echo 'no ready day'
no ready day
+ exit 1
+ cleanup
+ rm -f my_job.lock
=== 2026-06-16 20:35:01 ===
submit_luban.sh: line 3: /home/luban/.bash_profile: No such file or directory
+ set -e
+ LOCK_FILE=my_job.lock
+ '[' -f my_job.lock ']'
+ echo 525963
+ trap cleanup EXIT
+ echo 'Start job...'
Start job...
+ CONF_FILE=./common.conf
+ ckpt_day=20260614
+ : 1
+ '[' 1 -eq 1 ']'
++ date +%Y%m%d
+ current_date=20260616
+ temp_date=20260616
+ max_days=20
+ found=0
+ eday=
++ date -d '20260614 +1 day' +%Y%m%d
+ bday=20260615
+ count=0
+ [[ 20260616 -ge 20260615 ]]
+ '[' 0 -ge 20 ']'
+ done_file_path=hdfs://DClusterUS1/user/prod_soda_trade_strategy/rank/zhangshuai/MX/mew_sam/data_df_all//20260616/_SUCCESS
+ /usr/local/hadoop-current/bin/hadoop fs -test -e hdfs://DClusterUS1/user/prod_soda_trade_strategy/rank/zhangshuai/MX/mew_sam/data_df_all//20260616/_SUCCESS
++ date -d '20260616 -1 day' +%Y%m%d
+ temp_date=20260615
+ [[ 0 -ne 0 ]]
+ count=1
+ [[ 20260615 -ge 20260615 ]]
+ '[' 1 -ge 20 ']'
+ done_file_path=hdfs://DClusterUS1/user/prod_soda_trade_strategy/rank/zhangshuai/MX/mew_sam/data_df_all//20260615/_SUCCESS
+ /usr/local/hadoop-current/bin/hadoop fs -test -e hdfs://DClusterUS1/user/prod_soda_trade_strategy/rank/zhangshuai/MX/mew_sam/data_df_all//20260615/_SUCCESS
++ date -d '20260615 -1 day' +%Y%m%d
+ temp_date=20260614
+ [[ 0 -ne 0 ]]
+ count=2
+ [[ 20260614 -ge 20260615 ]]
+ [[ 0 -eq 0 ]]
+ echo 'no ready day'
no ready day
+ exit 1
+ cleanup
+ rm -f my_job.lock
=== 2026-06-16 20:40:01 ===
submit_luban.sh: line 3: /home/luban/.bash_profile: No such file or directory
+ set -e
+ LOCK_FILE=my_job.lock
+ '[' -f my_job.lock ']'
+ echo 532128
+ trap cleanup EXIT
+ echo 'Start job...'
Start job...
+ CONF_FILE=./common.conf
+ ckpt_day=20260614
+ : 1
+ '[' 1 -eq 1 ']'
++ date +%Y%m%d
+ current_date=20260616
+ temp_date=20260616
+ max_days=20
+ found=0
+ eday=
++ date -d '20260614 +1 day' +%Y%m%d
+ bday=20260615
+ count=0
+ [[ 20260616 -ge 20260615 ]]
+ '[' 0 -ge 20 ']'
+ done_file_path=hdfs://DClusterUS1/user/prod_soda_trade_strategy/rank/zhangshuai/MX/mew_sam/data_df_all//20260616/_SUCCESS
+ /usr/local/hadoop-current/bin/hadoop fs -test -e hdfs://DClusterUS1/user/prod_soda_trade_strategy/rank/zhangshuai/MX/mew_sam/data_df_all//20260616/_SUCCESS
++ date -d '20260616 -1 day' +%Y%m%d
+ temp_date=20260615
+ [[ 0 -ne 0 ]]
+ count=1
+ [[ 20260615 -ge 20260615 ]]
+ '[' 1 -ge 20 ']'
+ done_file_path=hdfs://DClusterUS1/user/prod_soda_trade_strategy/rank/zhangshuai/MX/mew_sam/data_df_all//20260615/_SUCCESS
+ /usr/local/hadoop-current/bin/hadoop fs -test -e hdfs://DClusterUS1/user/prod_soda_trade_strategy/rank/zhangshuai/MX/mew_sam/data_df_all//20260615/_SUCCESS
++ date -d '20260615 -1 day' +%Y%m%d
+ temp_date=20260614
+ [[ 0 -ne 0 ]]
+ count=2
+ [[ 20260614 -ge 20260615 ]]
+ [[ 0 -eq 0 ]]
+ echo 'no ready day'
no ready day
+ exit 1
+ cleanup
+ rm -f my_job.lock
=== 2026-06-16 20:45:01 ===
submit_luban.sh: line 3: /home/luban/.bash_profile: No such file or directory
+ set -e
+ LOCK_FILE=my_job.lock
+ '[' -f my_job.lock ']'
+ echo 539397
+ trap cleanup EXIT
+ echo 'Start job...'
Start job...
+ CONF_FILE=./common.conf
+ ckpt_day=20260614
+ : 1
+ '[' 1 -eq 1 ']'
++ date +%Y%m%d
+ current_date=20260616
+ temp_date=20260616
+ max_days=20
+ found=0
+ eday=
++ date -d '20260614 +1 day' +%Y%m%d
+ bday=20260615
+ count=0
+ [[ 20260616 -ge 20260615 ]]
+ '[' 0 -ge 20 ']'
+ done_file_path=hdfs://DClusterUS1/user/prod_soda_trade_strategy/rank/zhangshuai/MX/mew_sam/data_df_all//20260616/_SUCCESS
+ /usr/local/hadoop-current/bin/hadoop fs -test -e hdfs://DClusterUS1/user/prod_soda_trade_strategy/rank/zhangshuai/MX/mew_sam/data_df_all//20260616/_SUCCESS
++ date -d '20260616 -1 day' +%Y%m%d
+ temp_date=20260615
+ [[ 0 -ne 0 ]]
+ count=1
+ [[ 20260615 -ge 20260615 ]]
+ '[' 1 -ge 20 ']'
+ done_file_path=hdfs://DClusterUS1/user/prod_soda_trade_strategy/rank/zhangshuai/MX/mew_sam/data_df_all//20260615/_SUCCESS
+ /usr/local/hadoop-current/bin/hadoop fs -test -e hdfs://DClusterUS1/user/prod_soda_trade_strategy/rank/zhangshuai/MX/mew_sam/data_df_all//20260615/_SUCCESS
++ date -d '20260615 -1 day' +%Y%m%d
+ temp_date=20260614
+ [[ 0 -ne 0 ]]
+ count=2
+ [[ 20260614 -ge 20260615 ]]
+ [[ 0 -eq 0 ]]
+ echo 'no ready day'
no ready day
+ exit 1
+ cleanup
+ rm -f my_job.lock
=== 2026-06-16 20:50:01 ===
submit_luban.sh: line 3: /home/luban/.bash_profile: No such file or directory
+ set -e
+ LOCK_FILE=my_job.lock
+ '[' -f my_job.lock ']'
+ echo 545590
+ trap cleanup EXIT
+ echo 'Start job...'
Start job...
+ CONF_FILE=./common.conf
+ ckpt_day=20260614
+ : 1
+ '[' 1 -eq 1 ']'
++ date +%Y%m%d
+ current_date=20260616
+ temp_date=20260616
+ max_days=20
+ found=0
+ eday=
++ date -d '20260614 +1 day' +%Y%m%d
+ bday=20260615
+ count=0
+ [[ 20260616 -ge 20260615 ]]
+ '[' 0 -ge 20 ']'
+ done_file_path=hdfs://DClusterUS1/user/prod_soda_trade_strategy/rank/zhangshuai/MX/mew_sam/data_df_all//20260616/_SUCCESS
+ /usr/local/hadoop-current/bin/hadoop fs -test -e hdfs://DClusterUS1/user/prod_soda_trade_strategy/rank/zhangshuai/MX/mew_sam/data_df_all//20260616/_SUCCESS
++ date -d '20260616 -1 day' +%Y%m%d
+ temp_date=20260615
+ [[ 0 -ne 0 ]]
+ count=1
+ [[ 20260615 -ge 20260615 ]]
+ '[' 1 -ge 20 ']'
+ done_file_path=hdfs://DClusterUS1/user/prod_soda_trade_strategy/rank/zhangshuai/MX/mew_sam/data_df_all//20260615/_SUCCESS
+ /usr/local/hadoop-current/bin/hadoop fs -test -e hdfs://DClusterUS1/user/prod_soda_trade_strategy/rank/zhangshuai/MX/mew_sam/data_df_all//20260615/_SUCCESS
++ date -d '20260615 -1 day' +%Y%m%d
+ temp_date=20260614
+ [[ 0 -ne 0 ]]
+ count=2
+ [[ 20260614 -ge 20260615 ]]
+ [[ 0 -eq 0 ]]
+ echo 'no ready day'
no ready day
+ exit 1
+ cleanup
+ rm -f my_job.lock
=== 2026-06-16 20:55:01 ===
submit_luban.sh: line 3: /home/luban/.bash_profile: No such file or directory
+ set -e
+ LOCK_FILE=my_job.lock
+ '[' -f my_job.lock ']'
+ echo 551708
+ trap cleanup EXIT
+ echo 'Start job...'
Start job...
+ CONF_FILE=./common.conf
+ ckpt_day=20260614
+ : 1
+ '[' 1 -eq 1 ']'
++ date +%Y%m%d
+ current_date=20260616
+ temp_date=20260616
+ max_days=20
+ found=0
+ eday=
++ date -d '20260614 +1 day' +%Y%m%d
+ bday=20260615
+ count=0
+ [[ 20260616 -ge 20260615 ]]
+ '[' 0 -ge 20 ']'
+ done_file_path=hdfs://DClusterUS1/user/prod_soda_trade_strategy/rank/zhangshuai/MX/mew_sam/data_df_all//20260616/_SUCCESS
+ /usr/local/hadoop-current/bin/hadoop fs -test -e hdfs://DClusterUS1/user/prod_soda_trade_strategy/rank/zhangshuai/MX/mew_sam/data_df_all//20260616/_SUCCESS
++ date -d '20260616 -1 day' +%Y%m%d
+ temp_date=20260615
+ [[ 0 -ne 0 ]]
+ count=1
+ [[ 20260615 -ge 20260615 ]]
+ '[' 1 -ge 20 ']'
+ done_file_path=hdfs://DClusterUS1/user/prod_soda_trade_strategy/rank/zhangshuai/MX/mew_sam/data_df_all//20260615/_SUCCESS
+ /usr/local/hadoop-current/bin/hadoop fs -test -e hdfs://DClusterUS1/user/prod_soda_trade_strategy/rank/zhangshuai/MX/mew_sam/data_df_all//20260615/_SUCCESS
++ date -d '20260615 -1 day' +%Y%m%d
+ temp_date=20260614
+ [[ 0 -ne 0 ]]
+ count=2
+ [[ 20260614 -ge 20260615 ]]
+ [[ 0 -eq 0 ]]
+ echo 'no ready day'
no ready day
+ exit 1
+ cleanup
+ rm -f my_job.lock
=== 2026-06-16 21:00:01 ===
submit_luban.sh: line 3: /home/luban/.bash_profile: No such file or directory
+ set -e
+ LOCK_FILE=my_job.lock
+ '[' -f my_job.lock ']'
+ echo 557884
+ trap cleanup EXIT
+ echo 'Start job...'
Start job...
+ CONF_FILE=./common.conf
+ ckpt_day=20260614
+ : 1
+ '[' 1 -eq 1 ']'
++ date +%Y%m%d
+ current_date=20260616
+ temp_date=20260616
+ max_days=20
+ found=0
+ eday=
++ date -d '20260614 +1 day' +%Y%m%d
+ bday=20260615
+ count=0
+ [[ 20260616 -ge 20260615 ]]
+ '[' 0 -ge 20 ']'
+ done_file_path=hdfs://DClusterUS1/user/prod_soda_trade_strategy/rank/zhangshuai/MX/mew_sam/data_df_all//20260616/_SUCCESS
+ /usr/local/hadoop-current/bin/hadoop fs -test -e hdfs://DClusterUS1/user/prod_soda_trade_strategy/rank/zhangshuai/MX/mew_sam/data_df_all//20260616/_SUCCESS
++ date -d '20260616 -1 day' +%Y%m%d
+ temp_date=20260615
+ [[ 0 -ne 0 ]]
+ count=1
+ [[ 20260615 -ge 20260615 ]]
+ '[' 1 -ge 20 ']'
+ done_file_path=hdfs://DClusterUS1/user/prod_soda_trade_strategy/rank/zhangshuai/MX/mew_sam/data_df_all//20260615/_SUCCESS
+ /usr/local/hadoop-current/bin/hadoop fs -test -e hdfs://DClusterUS1/user/prod_soda_trade_strategy/rank/zhangshuai/MX/mew_sam/data_df_all//20260615/_SUCCESS
++ date -d '20260615 -1 day' +%Y%m%d
+ temp_date=20260614
+ [[ 0 -ne 0 ]]
+ count=2
+ [[ 20260614 -ge 20260615 ]]
+ [[ 0 -eq 0 ]]
+ echo 'no ready day'
no ready day
+ exit 1
+ cleanup
+ rm -f my_job.lock
=== 2026-06-16 21:05:01 ===
submit_luban.sh: line 3: /home/luban/.bash_profile: No such file or directory
+ set -e
+ LOCK_FILE=my_job.lock
+ '[' -f my_job.lock ']'
+ echo 564010
+ trap cleanup EXIT
+ echo 'Start job...'
Start job...
+ CONF_FILE=./common.conf
+ ckpt_day=20260614
+ : 1
+ '[' 1 -eq 1 ']'
++ date +%Y%m%d
+ current_date=20260616
+ temp_date=20260616
+ max_days=20
+ found=0
+ eday=
++ date -d '20260614 +1 day' +%Y%m%d
+ bday=20260615
+ count=0
+ [[ 20260616 -ge 20260615 ]]
+ '[' 0 -ge 20 ']'
+ done_file_path=hdfs://DClusterUS1/user/prod_soda_trade_strategy/rank/zhangshuai/MX/mew_sam/data_df_all//20260616/_SUCCESS
+ /usr/local/hadoop-current/bin/hadoop fs -test -e hdfs://DClusterUS1/user/prod_soda_trade_strategy/rank/zhangshuai/MX/mew_sam/data_df_all//20260616/_SUCCESS
++ date -d '20260616 -1 day' +%Y%m%d
+ temp_date=20260615
+ [[ 0 -ne 0 ]]
+ count=1
+ [[ 20260615 -ge 20260615 ]]
+ '[' 1 -ge 20 ']'
+ done_file_path=hdfs://DClusterUS1/user/prod_soda_trade_strategy/rank/zhangshuai/MX/mew_sam/data_df_all//20260615/_SUCCESS
+ /usr/local/hadoop-current/bin/hadoop fs -test -e hdfs://DClusterUS1/user/prod_soda_trade_strategy/rank/zhangshuai/MX/mew_sam/data_df_all//20260615/_SUCCESS
++ date -d '20260615 -1 day' +%Y%m%d
+ temp_date=20260614
+ [[ 0 -ne 0 ]]
+ count=2
+ [[ 20260614 -ge 20260615 ]]
+ [[ 0 -eq 0 ]]
+ echo 'no ready day'
no ready day
+ exit 1
+ cleanup
+ rm -f my_job.lock
=== 2026-06-16 21:10:01 ===
submit_luban.sh: line 3: /home/luban/.bash_profile: No such file or directory
+ set -e
+ LOCK_FILE=my_job.lock
+ '[' -f my_job.lock ']'
+ echo 570173
+ trap cleanup EXIT
+ echo 'Start job...'
Start job...
+ CONF_FILE=./common.conf
+ ckpt_day=20260614
+ : 1
+ '[' 1 -eq 1 ']'
++ date +%Y%m%d
+ current_date=20260616
+ temp_date=20260616
+ max_days=20
+ found=0
+ eday=
++ date -d '20260614 +1 day' +%Y%m%d
+ bday=20260615
+ count=0
+ [[ 20260616 -ge 20260615 ]]
+ '[' 0 -ge 20 ']'
+ done_file_path=hdfs://DClusterUS1/user/prod_soda_trade_strategy/rank/zhangshuai/MX/mew_sam/data_df_all//20260616/_SUCCESS
+ /usr/local/hadoop-current/bin/hadoop fs -test -e hdfs://DClusterUS1/user/prod_soda_trade_strategy/rank/zhangshuai/MX/mew_sam/data_df_all//20260616/_SUCCESS
++ date -d '20260616 -1 day' +%Y%m%d
+ temp_date=20260615
+ [[ 0 -ne 0 ]]
+ count=1
+ [[ 20260615 -ge 20260615 ]]
+ '[' 1 -ge 20 ']'
+ done_file_path=hdfs://DClusterUS1/user/prod_soda_trade_strategy/rank/zhangshuai/MX/mew_sam/data_df_all//20260615/_SUCCESS
+ /usr/local/hadoop-current/bin/hadoop fs -test -e hdfs://DClusterUS1/user/prod_soda_trade_strategy/rank/zhangshuai/MX/mew_sam/data_df_all//20260615/_SUCCESS
++ date -d '20260615 -1 day' +%Y%m%d
+ temp_date=20260614
+ [[ 0 -ne 0 ]]
+ count=2
+ [[ 20260614 -ge 20260615 ]]
+ [[ 0 -eq 0 ]]
+ echo 'no ready day'
no ready day
+ exit 1
+ cleanup
+ rm -f my_job.lock
=== 2026-06-16 21:15:01 ===
submit_luban.sh: line 3: /home/luban/.bash_profile: No such file or directory
+ set -e
+ LOCK_FILE=my_job.lock
+ '[' -f my_job.lock ']'
+ echo 576389
+ trap cleanup EXIT
+ echo 'Start job...'
Start job...
+ CONF_FILE=./common.conf
+ ckpt_day=20260614
+ : 1
+ '[' 1 -eq 1 ']'
++ date +%Y%m%d
+ current_date=20260616
+ temp_date=20260616
+ max_days=20
+ found=0
+ eday=
++ date -d '20260614 +1 day' +%Y%m%d
+ bday=20260615
+ count=0
+ [[ 20260616 -ge 20260615 ]]
+ '[' 0 -ge 20 ']'
+ done_file_path=hdfs://DClusterUS1/user/prod_soda_trade_strategy/rank/zhangshuai/MX/mew_sam/data_df_all//20260616/_SUCCESS
+ /usr/local/hadoop-current/bin/hadoop fs -test -e hdfs://DClusterUS1/user/prod_soda_trade_strategy/rank/zhangshuai/MX/mew_sam/data_df_all//20260616/_SUCCESS
++ date -d '20260616 -1 day' +%Y%m%d
+ temp_date=20260615
+ [[ 0 -ne 0 ]]
+ count=1
+ [[ 20260615 -ge 20260615 ]]
+ '[' 1 -ge 20 ']'
+ done_file_path=hdfs://DClusterUS1/user/prod_soda_trade_strategy/rank/zhangshuai/MX/mew_sam/data_df_all//20260615/_SUCCESS
+ /usr/local/hadoop-current/bin/hadoop fs -test -e hdfs://DClusterUS1/user/prod_soda_trade_strategy/rank/zhangshuai/MX/mew_sam/data_df_all//20260615/_SUCCESS
++ date -d '20260615 -1 day' +%Y%m%d
+ temp_date=20260614
+ [[ 0 -ne 0 ]]
+ count=2
+ [[ 20260614 -ge 20260615 ]]
+ [[ 0 -eq 0 ]]
+ echo 'no ready day'
no ready day
+ exit 1
+ cleanup
+ rm -f my_job.lock
=== 2026-06-16 21:20:01 ===
submit_luban.sh: line 3: /home/luban/.bash_profile: No such file or directory
+ set -e
+ LOCK_FILE=my_job.lock
+ '[' -f my_job.lock ']'
+ echo 582531
+ trap cleanup EXIT
+ echo 'Start job...'
Start job...
+ CONF_FILE=./common.conf
+ ckpt_day=20260614
+ : 1
+ '[' 1 -eq 1 ']'
++ date +%Y%m%d
+ current_date=20260616
+ temp_date=20260616
+ max_days=20
+ found=0
+ eday=
++ date -d '20260614 +1 day' +%Y%m%d
+ bday=20260615
+ count=0
+ [[ 20260616 -ge 20260615 ]]
+ '[' 0 -ge 20 ']'
+ done_file_path=hdfs://DClusterUS1/user/prod_soda_trade_strategy/rank/zhangshuai/MX/mew_sam/data_df_all//20260616/_SUCCESS
+ /usr/local/hadoop-current/bin/hadoop fs -test -e hdfs://DClusterUS1/user/prod_soda_trade_strategy/rank/zhangshuai/MX/mew_sam/data_df_all//20260616/_SUCCESS
++ date -d '20260616 -1 day' +%Y%m%d
+ temp_date=20260615
+ [[ 0 -ne 0 ]]
+ count=1
+ [[ 20260615 -ge 20260615 ]]
+ '[' 1 -ge 20 ']'
+ done_file_path=hdfs://DClusterUS1/user/prod_soda_trade_strategy/rank/zhangshuai/MX/mew_sam/data_df_all//20260615/_SUCCESS
+ /usr/local/hadoop-current/bin/hadoop fs -test -e hdfs://DClusterUS1/user/prod_soda_trade_strategy/rank/zhangshuai/MX/mew_sam/data_df_all//20260615/_SUCCESS
++ date -d '20260615 -1 day' +%Y%m%d
+ temp_date=20260614
+ [[ 0 -ne 0 ]]
+ count=2
+ [[ 20260614 -ge 20260615 ]]
+ [[ 0 -eq 0 ]]
+ echo 'no ready day'
no ready day
+ exit 1
+ cleanup
+ rm -f my_job.lock
=== 2026-06-16 21:25:01 ===
submit_luban.sh: line 3: /home/luban/.bash_profile: No such file or directory
+ set -e
+ LOCK_FILE=my_job.lock
+ '[' -f my_job.lock ']'
+ echo 588654
+ trap cleanup EXIT
+ echo 'Start job...'
Start job...
+ CONF_FILE=./common.conf
+ ckpt_day=20260614
+ : 1
+ '[' 1 -eq 1 ']'
++ date +%Y%m%d
+ current_date=20260616
+ temp_date=20260616
+ max_days=20
+ found=0
+ eday=
++ date -d '20260614 +1 day' +%Y%m%d
+ bday=20260615
+ count=0
+ [[ 20260616 -ge 20260615 ]]
+ '[' 0 -ge 20 ']'
+ done_file_path=hdfs://DClusterUS1/user/prod_soda_trade_strategy/rank/zhangshuai/MX/mew_sam/data_df_all//20260616/_SUCCESS
+ /usr/local/hadoop-current/bin/hadoop fs -test -e hdfs://DClusterUS1/user/prod_soda_trade_strategy/rank/zhangshuai/MX/mew_sam/data_df_all//20260616/_SUCCESS
++ date -d '20260616 -1 day' +%Y%m%d
+ temp_date=20260615
+ [[ 0 -ne 0 ]]
+ count=1
+ [[ 20260615 -ge 20260615 ]]
+ '[' 1 -ge 20 ']'
+ done_file_path=hdfs://DClusterUS1/user/prod_soda_trade_strategy/rank/zhangshuai/MX/mew_sam/data_df_all//20260615/_SUCCESS
+ /usr/local/hadoop-current/bin/hadoop fs -test -e hdfs://DClusterUS1/user/prod_soda_trade_strategy/rank/zhangshuai/MX/mew_sam/data_df_all//20260615/_SUCCESS
++ date -d '20260615 -1 day' +%Y%m%d
+ temp_date=20260614
+ [[ 0 -ne 0 ]]
+ count=2
+ [[ 20260614 -ge 20260615 ]]
+ [[ 0 -eq 0 ]]
+ echo 'no ready day'
no ready day
+ exit 1
+ cleanup
+ rm -f my_job.lock
=== 2026-06-16 21:30:01 ===
submit_luban.sh: line 3: /home/luban/.bash_profile: No such file or directory
+ set -e
+ LOCK_FILE=my_job.lock
+ '[' -f my_job.lock ']'
+ echo 594781
+ trap cleanup EXIT
+ echo 'Start job...'
Start job...
+ CONF_FILE=./common.conf
+ ckpt_day=20260614
+ : 1
+ '[' 1 -eq 1 ']'
++ date +%Y%m%d
+ current_date=20260616
+ temp_date=20260616
+ max_days=20
+ found=0
+ eday=
++ date -d '20260614 +1 day' +%Y%m%d
+ bday=20260615
+ count=0
+ [[ 20260616 -ge 20260615 ]]
+ '[' 0 -ge 20 ']'
+ done_file_path=hdfs://DClusterUS1/user/prod_soda_trade_strategy/rank/zhangshuai/MX/mew_sam/data_df_all//20260616/_SUCCESS
+ /usr/local/hadoop-current/bin/hadoop fs -test -e hdfs://DClusterUS1/user/prod_soda_trade_strategy/rank/zhangshuai/MX/mew_sam/data_df_all//20260616/_SUCCESS
++ date -d '20260616 -1 day' +%Y%m%d
+ temp_date=20260615
+ [[ 0 -ne 0 ]]
+ count=1
+ [[ 20260615 -ge 20260615 ]]
+ '[' 1 -ge 20 ']'
+ done_file_path=hdfs://DClusterUS1/user/prod_soda_trade_strategy/rank/zhangshuai/MX/mew_sam/data_df_all//20260615/_SUCCESS
+ /usr/local/hadoop-current/bin/hadoop fs -test -e hdfs://DClusterUS1/user/prod_soda_trade_strategy/rank/zhangshuai/MX/mew_sam/data_df_all//20260615/_SUCCESS
++ date -d '20260615 -1 day' +%Y%m%d
+ temp_date=20260614
+ [[ 0 -ne 0 ]]
+ count=2
+ [[ 20260614 -ge 20260615 ]]
+ [[ 0 -eq 0 ]]
+ echo 'no ready day'
no ready day
+ exit 1
+ cleanup
+ rm -f my_job.lock
=== 2026-06-16 21:35:02 ===
submit_luban.sh: line 3: /home/luban/.bash_profile: No such file or directory
+ set -e
+ LOCK_FILE=my_job.lock
+ '[' -f my_job.lock ']'
+ echo 600890
+ trap cleanup EXIT
+ echo 'Start job...'
Start job...
+ CONF_FILE=./common.conf
+ ckpt_day=20260614
+ : 1
+ '[' 1 -eq 1 ']'
++ date +%Y%m%d
+ current_date=20260616
+ temp_date=20260616
+ max_days=20
+ found=0
+ eday=
++ date -d '20260614 +1 day' +%Y%m%d
+ bday=20260615
+ count=0
+ [[ 20260616 -ge 20260615 ]]
+ '[' 0 -ge 20 ']'
+ done_file_path=hdfs://DClusterUS1/user/prod_soda_trade_strategy/rank/zhangshuai/MX/mew_sam/data_df_all//20260616/_SUCCESS
+ /usr/local/hadoop-current/bin/hadoop fs -test -e hdfs://DClusterUS1/user/prod_soda_trade_strategy/rank/zhangshuai/MX/mew_sam/data_df_all//20260616/_SUCCESS
++ date -d '20260616 -1 day' +%Y%m%d
+ temp_date=20260615
+ [[ 0 -ne 0 ]]
+ count=1
+ [[ 20260615 -ge 20260615 ]]
+ '[' 1 -ge 20 ']'
+ done_file_path=hdfs://DClusterUS1/user/prod_soda_trade_strategy/rank/zhangshuai/MX/mew_sam/data_df_all//20260615/_SUCCESS
+ /usr/local/hadoop-current/bin/hadoop fs -test -e hdfs://DClusterUS1/user/prod_soda_trade_strategy/rank/zhangshuai/MX/mew_sam/data_df_all//20260615/_SUCCESS
++ date -d '20260615 -1 day' +%Y%m%d
+ temp_date=20260614
+ [[ 0 -ne 0 ]]
+ count=2
+ [[ 20260614 -ge 20260615 ]]
+ [[ 0 -eq 0 ]]
+ echo 'no ready day'
no ready day
+ exit 1
+ cleanup
+ rm -f my_job.lock
=== 2026-06-16 21:40:01 ===
submit_luban.sh: line 3: /home/luban/.bash_profile: No such file or directory
+ set -e
+ LOCK_FILE=my_job.lock
+ '[' -f my_job.lock ']'
+ echo 607003
+ trap cleanup EXIT
+ echo 'Start job...'
Start job...
+ CONF_FILE=./common.conf
+ ckpt_day=20260614
+ : 1
+ '[' 1 -eq 1 ']'
++ date +%Y%m%d
+ current_date=20260616
+ temp_date=20260616
+ max_days=20
+ found=0
+ eday=
++ date -d '20260614 +1 day' +%Y%m%d
+ bday=20260615
+ count=0
+ [[ 20260616 -ge 20260615 ]]
+ '[' 0 -ge 20 ']'
+ done_file_path=hdfs://DClusterUS1/user/prod_soda_trade_strategy/rank/zhangshuai/MX/mew_sam/data_df_all//20260616/_SUCCESS
+ /usr/local/hadoop-current/bin/hadoop fs -test -e hdfs://DClusterUS1/user/prod_soda_trade_strategy/rank/zhangshuai/MX/mew_sam/data_df_all//20260616/_SUCCESS
++ date -d '20260616 -1 day' +%Y%m%d
+ temp_date=20260615
+ [[ 0 -ne 0 ]]
+ count=1
+ [[ 20260615 -ge 20260615 ]]
+ '[' 1 -ge 20 ']'
+ done_file_path=hdfs://DClusterUS1/user/prod_soda_trade_strategy/rank/zhangshuai/MX/mew_sam/data_df_all//20260615/_SUCCESS
+ /usr/local/hadoop-current/bin/hadoop fs -test -e hdfs://DClusterUS1/user/prod_soda_trade_strategy/rank/zhangshuai/MX/mew_sam/data_df_all//20260615/_SUCCESS
++ date -d '20260615 -1 day' +%Y%m%d
+ temp_date=20260614
+ [[ 0 -ne 0 ]]
+ count=2
+ [[ 20260614 -ge 20260615 ]]
+ [[ 0 -eq 0 ]]
+ echo 'no ready day'
no ready day
+ exit 1
+ cleanup
+ rm -f my_job.lock
=== 2026-06-16 21:45:01 ===
submit_luban.sh: line 3: /home/luban/.bash_profile: No such file or directory
+ set -e
+ LOCK_FILE=my_job.lock
+ '[' -f my_job.lock ']'
+ echo 613111
+ trap cleanup EXIT
+ echo 'Start job...'
Start job...
+ CONF_FILE=./common.conf
+ ckpt_day=20260614
+ : 1
+ '[' 1 -eq 1 ']'
++ date +%Y%m%d
+ current_date=20260616
+ temp_date=20260616
+ max_days=20
+ found=0
+ eday=
++ date -d '20260614 +1 day' +%Y%m%d
+ bday=20260615
+ count=0
+ [[ 20260616 -ge 20260615 ]]
+ '[' 0 -ge 20 ']'
+ done_file_path=hdfs://DClusterUS1/user/prod_soda_trade_strategy/rank/zhangshuai/MX/mew_sam/data_df_all//20260616/_SUCCESS
+ /usr/local/hadoop-current/bin/hadoop fs -test -e hdfs://DClusterUS1/user/prod_soda_trade_strategy/rank/zhangshuai/MX/mew_sam/data_df_all//20260616/_SUCCESS
++ date -d '20260616 -1 day' +%Y%m%d
+ temp_date=20260615
+ [[ 0 -ne 0 ]]
+ count=1
+ [[ 20260615 -ge 20260615 ]]
+ '[' 1 -ge 20 ']'
+ done_file_path=hdfs://DClusterUS1/user/prod_soda_trade_strategy/rank/zhangshuai/MX/mew_sam/data_df_all//20260615/_SUCCESS
+ /usr/local/hadoop-current/bin/hadoop fs -test -e hdfs://DClusterUS1/user/prod_soda_trade_strategy/rank/zhangshuai/MX/mew_sam/data_df_all//20260615/_SUCCESS
++ date -d '20260615 -1 day' +%Y%m%d
+ temp_date=20260614
+ [[ 0 -ne 0 ]]
+ count=2
+ [[ 20260614 -ge 20260615 ]]
+ [[ 0 -eq 0 ]]
+ echo 'no ready day'
no ready day
+ exit 1
+ cleanup
+ rm -f my_job.lock
=== 2026-06-16 21:50:01 ===
submit_luban.sh: line 3: /home/luban/.bash_profile: No such file or directory
+ set -e
+ LOCK_FILE=my_job.lock
+ '[' -f my_job.lock ']'
+ echo 619224
+ trap cleanup EXIT
+ echo 'Start job...'
Start job...
+ CONF_FILE=./common.conf
+ ckpt_day=20260614
+ : 1
+ '[' 1 -eq 1 ']'
++ date +%Y%m%d
+ current_date=20260616
+ temp_date=20260616
+ max_days=20
+ found=0
+ eday=
++ date -d '20260614 +1 day' +%Y%m%d
+ bday=20260615
+ count=0
+ [[ 20260616 -ge 20260615 ]]
+ '[' 0 -ge 20 ']'
+ done_file_path=hdfs://DClusterUS1/user/prod_soda_trade_strategy/rank/zhangshuai/MX/mew_sam/data_df_all//20260616/_SUCCESS
+ /usr/local/hadoop-current/bin/hadoop fs -test -e hdfs://DClusterUS1/user/prod_soda_trade_strategy/rank/zhangshuai/MX/mew_sam/data_df_all//20260616/_SUCCESS
++ date -d '20260616 -1 day' +%Y%m%d
+ temp_date=20260615
+ [[ 0 -ne 0 ]]
+ count=1
+ [[ 20260615 -ge 20260615 ]]
+ '[' 1 -ge 20 ']'
+ done_file_path=hdfs://DClusterUS1/user/prod_soda_trade_strategy/rank/zhangshuai/MX/mew_sam/data_df_all//20260615/_SUCCESS
+ /usr/local/hadoop-current/bin/hadoop fs -test -e hdfs://DClusterUS1/user/prod_soda_trade_strategy/rank/zhangshuai/MX/mew_sam/data_df_all//20260615/_SUCCESS
++ date -d '20260615 -1 day' +%Y%m%d
+ temp_date=20260614
+ [[ 0 -ne 0 ]]
+ count=2
+ [[ 20260614 -ge 20260615 ]]
+ [[ 0 -eq 0 ]]
+ echo 'no ready day'
no ready day
+ exit 1
+ cleanup
+ rm -f my_job.lock
=== 2026-06-16 21:55:01 ===
submit_luban.sh: line 3: /home/luban/.bash_profile: No such file or directory
+ set -e
+ LOCK_FILE=my_job.lock
+ '[' -f my_job.lock ']'
+ echo 625928
+ trap cleanup EXIT
+ echo 'Start job...'
Start job...
+ CONF_FILE=./common.conf
+ ckpt_day=20260614
+ : 1
+ '[' 1 -eq 1 ']'
++ date +%Y%m%d
+ current_date=20260616
+ temp_date=20260616
+ max_days=20
+ found=0
+ eday=
++ date -d '20260614 +1 day' +%Y%m%d
+ bday=20260615
+ count=0
+ [[ 20260616 -ge 20260615 ]]
+ '[' 0 -ge 20 ']'
+ done_file_path=hdfs://DClusterUS1/user/prod_soda_trade_strategy/rank/zhangshuai/MX/mew_sam/data_df_all//20260616/_SUCCESS
+ /usr/local/hadoop-current/bin/hadoop fs -test -e hdfs://DClusterUS1/user/prod_soda_trade_strategy/rank/zhangshuai/MX/mew_sam/data_df_all//20260616/_SUCCESS
++ date -d '20260616 -1 day' +%Y%m%d
+ temp_date=20260615
+ [[ 0 -ne 0 ]]
+ count=1
+ [[ 20260615 -ge 20260615 ]]
+ '[' 1 -ge 20 ']'
+ done_file_path=hdfs://DClusterUS1/user/prod_soda_trade_strategy/rank/zhangshuai/MX/mew_sam/data_df_all//20260615/_SUCCESS
+ /usr/local/hadoop-current/bin/hadoop fs -test -e hdfs://DClusterUS1/user/prod_soda_trade_strategy/rank/zhangshuai/MX/mew_sam/data_df_all//20260615/_SUCCESS
++ date -d '20260615 -1 day' +%Y%m%d
+ temp_date=20260614
+ [[ 0 -ne 0 ]]
+ count=2
+ [[ 20260614 -ge 20260615 ]]
+ [[ 0 -eq 0 ]]
+ echo 'no ready day'
no ready day
+ exit 1
+ cleanup
+ rm -f my_job.lock
=== 2026-06-16 22:00:01 ===
submit_luban.sh: line 3: /home/luban/.bash_profile: No such file or directory
+ set -e
+ LOCK_FILE=my_job.lock
+ '[' -f my_job.lock ']'
+ echo 632044
+ trap cleanup EXIT
+ echo 'Start job...'
Start job...
+ CONF_FILE=./common.conf
+ ckpt_day=20260614
+ : 1
+ '[' 1 -eq 1 ']'
++ date +%Y%m%d
+ current_date=20260616
+ temp_date=20260616
+ max_days=20
+ found=0
+ eday=
++ date -d '20260614 +1 day' +%Y%m%d
+ bday=20260615
+ count=0
+ [[ 20260616 -ge 20260615 ]]
+ '[' 0 -ge 20 ']'
+ done_file_path=hdfs://DClusterUS1/user/prod_soda_trade_strategy/rank/zhangshuai/MX/mew_sam/data_df_all//20260616/_SUCCESS
+ /usr/local/hadoop-current/bin/hadoop fs -test -e hdfs://DClusterUS1/user/prod_soda_trade_strategy/rank/zhangshuai/MX/mew_sam/data_df_all//20260616/_SUCCESS
++ date -d '20260616 -1 day' +%Y%m%d
+ temp_date=20260615
+ [[ 0 -ne 0 ]]
+ count=1
+ [[ 20260615 -ge 20260615 ]]
+ '[' 1 -ge 20 ']'
+ done_file_path=hdfs://DClusterUS1/user/prod_soda_trade_strategy/rank/zhangshuai/MX/mew_sam/data_df_all//20260615/_SUCCESS
+ /usr/local/hadoop-current/bin/hadoop fs -test -e hdfs://DClusterUS1/user/prod_soda_trade_strategy/rank/zhangshuai/MX/mew_sam/data_df_all//20260615/_SUCCESS
++ date -d '20260615 -1 day' +%Y%m%d
+ temp_date=20260614
+ [[ 0 -ne 0 ]]
+ count=2
+ [[ 20260614 -ge 20260615 ]]
+ [[ 0 -eq 0 ]]
+ echo 'no ready day'
no ready day
+ exit 1
+ cleanup
+ rm -f my_job.lock
=== 2026-06-16 22:05:01 ===
submit_luban.sh: line 3: /home/luban/.bash_profile: No such file or directory
+ set -e
+ LOCK_FILE=my_job.lock
+ '[' -f my_job.lock ']'
+ echo 638166
+ trap cleanup EXIT
+ echo 'Start job...'
Start job...
+ CONF_FILE=./common.conf
+ ckpt_day=20260614
+ : 1
+ '[' 1 -eq 1 ']'
++ date +%Y%m%d
+ current_date=20260616
+ temp_date=20260616
+ max_days=20
+ found=0
+ eday=
++ date -d '20260614 +1 day' +%Y%m%d
+ bday=20260615
+ count=0
+ [[ 20260616 -ge 20260615 ]]
+ '[' 0 -ge 20 ']'
+ done_file_path=hdfs://DClusterUS1/user/prod_soda_trade_strategy/rank/zhangshuai/MX/mew_sam/data_df_all//20260616/_SUCCESS
+ /usr/local/hadoop-current/bin/hadoop fs -test -e hdfs://DClusterUS1/user/prod_soda_trade_strategy/rank/zhangshuai/MX/mew_sam/data_df_all//20260616/_SUCCESS
++ date -d '20260616 -1 day' +%Y%m%d
+ temp_date=20260615
+ [[ 0 -ne 0 ]]
+ count=1
+ [[ 20260615 -ge 20260615 ]]
+ '[' 1 -ge 20 ']'
+ done_file_path=hdfs://DClusterUS1/user/prod_soda_trade_strategy/rank/zhangshuai/MX/mew_sam/data_df_all//20260615/_SUCCESS
+ /usr/local/hadoop-current/bin/hadoop fs -test -e hdfs://DClusterUS1/user/prod_soda_trade_strategy/rank/zhangshuai/MX/mew_sam/data_df_all//20260615/_SUCCESS
++ date -d '20260615 -1 day' +%Y%m%d
+ temp_date=20260614
+ [[ 0 -ne 0 ]]
+ count=2
+ [[ 20260614 -ge 20260615 ]]
+ [[ 0 -eq 0 ]]
+ echo 'no ready day'
no ready day
+ exit 1
+ cleanup
+ rm -f my_job.lock
=== 2026-06-16 22:10:01 ===
submit_luban.sh: line 3: /home/luban/.bash_profile: No such file or directory
+ set -e
+ LOCK_FILE=my_job.lock
+ '[' -f my_job.lock ']'
+ echo 644287
+ trap cleanup EXIT
+ echo 'Start job...'
Start job...
+ CONF_FILE=./common.conf
+ ckpt_day=20260614
+ : 1
+ '[' 1 -eq 1 ']'
++ date +%Y%m%d
+ current_date=20260616
+ temp_date=20260616
+ max_days=20
+ found=0
+ eday=
++ date -d '20260614 +1 day' +%Y%m%d
+ bday=20260615
+ count=0
+ [[ 20260616 -ge 20260615 ]]
+ '[' 0 -ge 20 ']'
+ done_file_path=hdfs://DClusterUS1/user/prod_soda_trade_strategy/rank/zhangshuai/MX/mew_sam/data_df_all//20260616/_SUCCESS
+ /usr/local/hadoop-current/bin/hadoop fs -test -e hdfs://DClusterUS1/user/prod_soda_trade_strategy/rank/zhangshuai/MX/mew_sam/data_df_all//20260616/_SUCCESS
++ date -d '20260616 -1 day' +%Y%m%d
+ temp_date=20260615
+ [[ 0 -ne 0 ]]
+ count=1
+ [[ 20260615 -ge 20260615 ]]
+ '[' 1 -ge 20 ']'
+ done_file_path=hdfs://DClusterUS1/user/prod_soda_trade_strategy/rank/zhangshuai/MX/mew_sam/data_df_all//20260615/_SUCCESS
+ /usr/local/hadoop-current/bin/hadoop fs -test -e hdfs://DClusterUS1/user/prod_soda_trade_strategy/rank/zhangshuai/MX/mew_sam/data_df_all//20260615/_SUCCESS
++ date -d '20260615 -1 day' +%Y%m%d
+ temp_date=20260614
+ [[ 0 -ne 0 ]]
+ count=2
+ [[ 20260614 -ge 20260615 ]]
+ [[ 0 -eq 0 ]]
+ echo 'no ready day'
no ready day
+ exit 1
+ cleanup
+ rm -f my_job.lock
=== 2026-06-16 22:15:01 ===
submit_luban.sh: line 3: /home/luban/.bash_profile: No such file or directory
+ set -e
+ LOCK_FILE=my_job.lock
+ '[' -f my_job.lock ']'
+ echo 650403
+ trap cleanup EXIT
+ echo 'Start job...'
Start job...
+ CONF_FILE=./common.conf
+ ckpt_day=20260614
+ : 1
+ '[' 1 -eq 1 ']'
++ date +%Y%m%d
+ current_date=20260616
+ temp_date=20260616
+ max_days=20
+ found=0
+ eday=
++ date -d '20260614 +1 day' +%Y%m%d
+ bday=20260615
+ count=0
+ [[ 20260616 -ge 20260615 ]]
+ '[' 0 -ge 20 ']'
+ done_file_path=hdfs://DClusterUS1/user/prod_soda_trade_strategy/rank/zhangshuai/MX/mew_sam/data_df_all//20260616/_SUCCESS
+ /usr/local/hadoop-current/bin/hadoop fs -test -e hdfs://DClusterUS1/user/prod_soda_trade_strategy/rank/zhangshuai/MX/mew_sam/data_df_all//20260616/_SUCCESS
++ date -d '20260616 -1 day' +%Y%m%d
+ temp_date=20260615
+ [[ 0 -ne 0 ]]
+ count=1
+ [[ 20260615 -ge 20260615 ]]
+ '[' 1 -ge 20 ']'
+ done_file_path=hdfs://DClusterUS1/user/prod_soda_trade_strategy/rank/zhangshuai/MX/mew_sam/data_df_all//20260615/_SUCCESS
+ /usr/local/hadoop-current/bin/hadoop fs -test -e hdfs://DClusterUS1/user/prod_soda_trade_strategy/rank/zhangshuai/MX/mew_sam/data_df_all//20260615/_SUCCESS
++ date -d '20260615 -1 day' +%Y%m%d
+ temp_date=20260614
+ [[ 0 -ne 0 ]]
+ count=2
+ [[ 20260614 -ge 20260615 ]]
+ [[ 0 -eq 0 ]]
+ echo 'no ready day'
no ready day
+ exit 1
+ cleanup
+ rm -f my_job.lock
=== 2026-06-16 22:20:01 ===
submit_luban.sh: line 3: /home/luban/.bash_profile: No such file or directory
+ set -e
+ LOCK_FILE=my_job.lock
+ '[' -f my_job.lock ']'
+ echo 656515
+ trap cleanup EXIT
+ echo 'Start job...'
Start job...
+ CONF_FILE=./common.conf
+ ckpt_day=20260614
+ : 1
+ '[' 1 -eq 1 ']'
++ date +%Y%m%d
+ current_date=20260616
+ temp_date=20260616
+ max_days=20
+ found=0
+ eday=
++ date -d '20260614 +1 day' +%Y%m%d
+ bday=20260615
+ count=0
+ [[ 20260616 -ge 20260615 ]]
+ '[' 0 -ge 20 ']'
+ done_file_path=hdfs://DClusterUS1/user/prod_soda_trade_strategy/rank/zhangshuai/MX/mew_sam/data_df_all//20260616/_SUCCESS
+ /usr/local/hadoop-current/bin/hadoop fs -test -e hdfs://DClusterUS1/user/prod_soda_trade_strategy/rank/zhangshuai/MX/mew_sam/data_df_all//20260616/_SUCCESS
++ date -d '20260616 -1 day' +%Y%m%d
+ temp_date=20260615
+ [[ 0 -ne 0 ]]
+ count=1
+ [[ 20260615 -ge 20260615 ]]
+ '[' 1 -ge 20 ']'
+ done_file_path=hdfs://DClusterUS1/user/prod_soda_trade_strategy/rank/zhangshuai/MX/mew_sam/data_df_all//20260615/_SUCCESS
+ /usr/local/hadoop-current/bin/hadoop fs -test -e hdfs://DClusterUS1/user/prod_soda_trade_strategy/rank/zhangshuai/MX/mew_sam/data_df_all//20260615/_SUCCESS
++ date -d '20260615 -1 day' +%Y%m%d
+ temp_date=20260614
+ [[ 0 -ne 0 ]]
+ count=2
+ [[ 20260614 -ge 20260615 ]]
+ [[ 0 -eq 0 ]]
+ echo 'no ready day'
no ready day
+ exit 1
+ cleanup
+ rm -f my_job.lock
=== 2026-06-16 22:25:01 ===
submit_luban.sh: line 3: /home/luban/.bash_profile: No such file or directory
+ set -e
+ LOCK_FILE=my_job.lock
+ '[' -f my_job.lock ']'
+ echo 662636
+ trap cleanup EXIT
+ echo 'Start job...'
Start job...
+ CONF_FILE=./common.conf
+ ckpt_day=20260614
+ : 1
+ '[' 1 -eq 1 ']'
++ date +%Y%m%d
+ current_date=20260616
+ temp_date=20260616
+ max_days=20
+ found=0
+ eday=
++ date -d '20260614 +1 day' +%Y%m%d
+ bday=20260615
+ count=0
+ [[ 20260616 -ge 20260615 ]]
+ '[' 0 -ge 20 ']'
+ done_file_path=hdfs://DClusterUS1/user/prod_soda_trade_strategy/rank/zhangshuai/MX/mew_sam/data_df_all//20260616/_SUCCESS
+ /usr/local/hadoop-current/bin/hadoop fs -test -e hdfs://DClusterUS1/user/prod_soda_trade_strategy/rank/zhangshuai/MX/mew_sam/data_df_all//20260616/_SUCCESS
++ date -d '20260616 -1 day' +%Y%m%d
+ temp_date=20260615
+ [[ 0 -ne 0 ]]
+ count=1
+ [[ 20260615 -ge 20260615 ]]
+ '[' 1 -ge 20 ']'
+ done_file_path=hdfs://DClusterUS1/user/prod_soda_trade_strategy/rank/zhangshuai/MX/mew_sam/data_df_all//20260615/_SUCCESS
+ /usr/local/hadoop-current/bin/hadoop fs -test -e hdfs://DClusterUS1/user/prod_soda_trade_strategy/rank/zhangshuai/MX/mew_sam/data_df_all//20260615/_SUCCESS
++ date -d '20260615 -1 day' +%Y%m%d
+ temp_date=20260614
+ [[ 0 -ne 0 ]]
+ count=2
+ [[ 20260614 -ge 20260615 ]]
+ [[ 0 -eq 0 ]]
+ echo 'no ready day'
no ready day
+ exit 1
+ cleanup
+ rm -f my_job.lock
=== 2026-06-16 22:30:01 ===
submit_luban.sh: line 3: /home/luban/.bash_profile: No such file or directory
+ set -e
+ LOCK_FILE=my_job.lock
+ '[' -f my_job.lock ']'
+ echo 668757
+ trap cleanup EXIT
+ echo 'Start job...'
Start job...
+ CONF_FILE=./common.conf
+ ckpt_day=20260614
+ : 1
+ '[' 1 -eq 1 ']'
++ date +%Y%m%d
+ current_date=20260616
+ temp_date=20260616
+ max_days=20
+ found=0
+ eday=
++ date -d '20260614 +1 day' +%Y%m%d
+ bday=20260615
+ count=0
+ [[ 20260616 -ge 20260615 ]]
+ '[' 0 -ge 20 ']'
+ done_file_path=hdfs://DClusterUS1/user/prod_soda_trade_strategy/rank/zhangshuai/MX/mew_sam/data_df_all//20260616/_SUCCESS
+ /usr/local/hadoop-current/bin/hadoop fs -test -e hdfs://DClusterUS1/user/prod_soda_trade_strategy/rank/zhangshuai/MX/mew_sam/data_df_all//20260616/_SUCCESS
++ date -d '20260616 -1 day' +%Y%m%d
+ temp_date=20260615
+ [[ 0 -ne 0 ]]
+ count=1
+ [[ 20260615 -ge 20260615 ]]
+ '[' 1 -ge 20 ']'
+ done_file_path=hdfs://DClusterUS1/user/prod_soda_trade_strategy/rank/zhangshuai/MX/mew_sam/data_df_all//20260615/_SUCCESS
+ /usr/local/hadoop-current/bin/hadoop fs -test -e hdfs://DClusterUS1/user/prod_soda_trade_strategy/rank/zhangshuai/MX/mew_sam/data_df_all//20260615/_SUCCESS
++ date -d '20260615 -1 day' +%Y%m%d
+ temp_date=20260614
+ [[ 0 -ne 0 ]]
+ count=2
+ [[ 20260614 -ge 20260615 ]]
+ [[ 0 -eq 0 ]]
+ echo 'no ready day'
no ready day
+ exit 1
+ cleanup
+ rm -f my_job.lock
=== 2026-06-16 22:35:01 ===
submit_luban.sh: line 3: /home/luban/.bash_profile: No such file or directory
+ set -e
+ LOCK_FILE=my_job.lock
+ '[' -f my_job.lock ']'
+ echo 674872
+ trap cleanup EXIT
+ echo 'Start job...'
Start job...
+ CONF_FILE=./common.conf
+ ckpt_day=20260614
+ : 1
+ '[' 1 -eq 1 ']'
++ date +%Y%m%d
+ current_date=20260616
+ temp_date=20260616
+ max_days=20
+ found=0
+ eday=
++ date -d '20260614 +1 day' +%Y%m%d
+ bday=20260615
+ count=0
+ [[ 20260616 -ge 20260615 ]]
+ '[' 0 -ge 20 ']'
+ done_file_path=hdfs://DClusterUS1/user/prod_soda_trade_strategy/rank/zhangshuai/MX/mew_sam/data_df_all//20260616/_SUCCESS
+ /usr/local/hadoop-current/bin/hadoop fs -test -e hdfs://DClusterUS1/user/prod_soda_trade_strategy/rank/zhangshuai/MX/mew_sam/data_df_all//20260616/_SUCCESS
++ date -d '20260616 -1 day' +%Y%m%d
+ temp_date=20260615
+ [[ 0 -ne 0 ]]
+ count=1
+ [[ 20260615 -ge 20260615 ]]
+ '[' 1 -ge 20 ']'
+ done_file_path=hdfs://DClusterUS1/user/prod_soda_trade_strategy/rank/zhangshuai/MX/mew_sam/data_df_all//20260615/_SUCCESS
+ /usr/local/hadoop-current/bin/hadoop fs -test -e hdfs://DClusterUS1/user/prod_soda_trade_strategy/rank/zhangshuai/MX/mew_sam/data_df_all//20260615/_SUCCESS
++ date -d '20260615 -1 day' +%Y%m%d
+ temp_date=20260614
+ [[ 0 -ne 0 ]]
+ count=2
+ [[ 20260614 -ge 20260615 ]]
+ [[ 0 -eq 0 ]]
+ echo 'no ready day'
no ready day
+ exit 1
+ cleanup
+ rm -f my_job.lock
=== 2026-06-16 22:40:01 ===
submit_luban.sh: line 3: /home/luban/.bash_profile: No such file or directory
+ set -e
+ LOCK_FILE=my_job.lock
+ '[' -f my_job.lock ']'
+ echo 680990
+ trap cleanup EXIT
+ echo 'Start job...'
Start job...
+ CONF_FILE=./common.conf
+ ckpt_day=20260614
+ : 1
+ '[' 1 -eq 1 ']'
++ date +%Y%m%d
+ current_date=20260616
+ temp_date=20260616
+ max_days=20
+ found=0
+ eday=
++ date -d '20260614 +1 day' +%Y%m%d
+ bday=20260615
+ count=0
+ [[ 20260616 -ge 20260615 ]]
+ '[' 0 -ge 20 ']'
+ done_file_path=hdfs://DClusterUS1/user/prod_soda_trade_strategy/rank/zhangshuai/MX/mew_sam/data_df_all//20260616/_SUCCESS
+ /usr/local/hadoop-current/bin/hadoop fs -test -e hdfs://DClusterUS1/user/prod_soda_trade_strategy/rank/zhangshuai/MX/mew_sam/data_df_all//20260616/_SUCCESS
++ date -d '20260616 -1 day' +%Y%m%d
+ temp_date=20260615
+ [[ 0 -ne 0 ]]
+ count=1
+ [[ 20260615 -ge 20260615 ]]
+ '[' 1 -ge 20 ']'
+ done_file_path=hdfs://DClusterUS1/user/prod_soda_trade_strategy/rank/zhangshuai/MX/mew_sam/data_df_all//20260615/_SUCCESS
+ /usr/local/hadoop-current/bin/hadoop fs -test -e hdfs://DClusterUS1/user/prod_soda_trade_strategy/rank/zhangshuai/MX/mew_sam/data_df_all//20260615/_SUCCESS
++ date -d '20260615 -1 day' +%Y%m%d
+ temp_date=20260614
+ [[ 0 -ne 0 ]]
+ count=2
+ [[ 20260614 -ge 20260615 ]]
+ [[ 0 -eq 0 ]]
+ echo 'no ready day'
no ready day
+ exit 1
+ cleanup
+ rm -f my_job.lock
=== 2026-06-16 22:45:01 ===
submit_luban.sh: line 3: /home/luban/.bash_profile: No such file or directory
+ set -e
+ LOCK_FILE=my_job.lock
+ '[' -f my_job.lock ']'
+ echo 687108
+ trap cleanup EXIT
+ echo 'Start job...'
Start job...
+ CONF_FILE=./common.conf
+ ckpt_day=20260614
+ : 1
+ '[' 1 -eq 1 ']'
++ date +%Y%m%d
+ current_date=20260616
+ temp_date=20260616
+ max_days=20
+ found=0
+ eday=
++ date -d '20260614 +1 day' +%Y%m%d
+ bday=20260615
+ count=0
+ [[ 20260616 -ge 20260615 ]]
+ '[' 0 -ge 20 ']'
+ done_file_path=hdfs://DClusterUS1/user/prod_soda_trade_strategy/rank/zhangshuai/MX/mew_sam/data_df_all//20260616/_SUCCESS
+ /usr/local/hadoop-current/bin/hadoop fs -test -e hdfs://DClusterUS1/user/prod_soda_trade_strategy/rank/zhangshuai/MX/mew_sam/data_df_all//20260616/_SUCCESS
++ date -d '20260616 -1 day' +%Y%m%d
+ temp_date=20260615
+ [[ 0 -ne 0 ]]
+ count=1
+ [[ 20260615 -ge 20260615 ]]
+ '[' 1 -ge 20 ']'
+ done_file_path=hdfs://DClusterUS1/user/prod_soda_trade_strategy/rank/zhangshuai/MX/mew_sam/data_df_all//20260615/_SUCCESS
+ /usr/local/hadoop-current/bin/hadoop fs -test -e hdfs://DClusterUS1/user/prod_soda_trade_strategy/rank/zhangshuai/MX/mew_sam/data_df_all//20260615/_SUCCESS
++ date -d '20260615 -1 day' +%Y%m%d
+ temp_date=20260614
+ [[ 0 -ne 0 ]]
+ count=2
+ [[ 20260614 -ge 20260615 ]]
+ [[ 0 -eq 0 ]]
+ echo 'no ready day'
no ready day
+ exit 1
+ cleanup
+ rm -f my_job.lock
=== 2026-06-16 22:50:01 ===
submit_luban.sh: line 3: /home/luban/.bash_profile: No such file or directory
+ set -e
+ LOCK_FILE=my_job.lock
+ '[' -f my_job.lock ']'
+ echo 693222
+ trap cleanup EXIT
+ echo 'Start job...'
Start job...
+ CONF_FILE=./common.conf
+ ckpt_day=20260614
+ : 1
+ '[' 1 -eq 1 ']'
++ date +%Y%m%d
+ current_date=20260616
+ temp_date=20260616
+ max_days=20
+ found=0
+ eday=
++ date -d '20260614 +1 day' +%Y%m%d
+ bday=20260615
+ count=0
+ [[ 20260616 -ge 20260615 ]]
+ '[' 0 -ge 20 ']'
+ done_file_path=hdfs://DClusterUS1/user/prod_soda_trade_strategy/rank/zhangshuai/MX/mew_sam/data_df_all//20260616/_SUCCESS
+ /usr/local/hadoop-current/bin/hadoop fs -test -e hdfs://DClusterUS1/user/prod_soda_trade_strategy/rank/zhangshuai/MX/mew_sam/data_df_all//20260616/_SUCCESS
++ date -d '20260616 -1 day' +%Y%m%d
+ temp_date=20260615
+ [[ 0 -ne 0 ]]
+ count=1
+ [[ 20260615 -ge 20260615 ]]
+ '[' 1 -ge 20 ']'
+ done_file_path=hdfs://DClusterUS1/user/prod_soda_trade_strategy/rank/zhangshuai/MX/mew_sam/data_df_all//20260615/_SUCCESS
+ /usr/local/hadoop-current/bin/hadoop fs -test -e hdfs://DClusterUS1/user/prod_soda_trade_strategy/rank/zhangshuai/MX/mew_sam/data_df_all//20260615/_SUCCESS
++ date -d '20260615 -1 day' +%Y%m%d
+ temp_date=20260614
+ [[ 0 -ne 0 ]]
+ count=2
+ [[ 20260614 -ge 20260615 ]]
+ [[ 0 -eq 0 ]]
+ echo 'no ready day'
no ready day
+ exit 1
+ cleanup
+ rm -f my_job.lock
=== 2026-06-16 22:55:01 ===
submit_luban.sh: line 3: /home/luban/.bash_profile: No such file or directory
+ set -e
+ LOCK_FILE=my_job.lock
+ '[' -f my_job.lock ']'
+ echo 699342
+ trap cleanup EXIT
+ echo 'Start job...'
Start job...
+ CONF_FILE=./common.conf
+ ckpt_day=20260614
+ : 1
+ '[' 1 -eq 1 ']'
++ date +%Y%m%d
+ current_date=20260616
+ temp_date=20260616
+ max_days=20
+ found=0
+ eday=
++ date -d '20260614 +1 day' +%Y%m%d
+ bday=20260615
+ count=0
+ [[ 20260616 -ge 20260615 ]]
+ '[' 0 -ge 20 ']'
+ done_file_path=hdfs://DClusterUS1/user/prod_soda_trade_strategy/rank/zhangshuai/MX/mew_sam/data_df_all//20260616/_SUCCESS
+ /usr/local/hadoop-current/bin/hadoop fs -test -e hdfs://DClusterUS1/user/prod_soda_trade_strategy/rank/zhangshuai/MX/mew_sam/data_df_all//20260616/_SUCCESS
++ date -d '20260616 -1 day' +%Y%m%d
+ temp_date=20260615
+ [[ 0 -ne 0 ]]
+ count=1
+ [[ 20260615 -ge 20260615 ]]
+ '[' 1 -ge 20 ']'
+ done_file_path=hdfs://DClusterUS1/user/prod_soda_trade_strategy/rank/zhangshuai/MX/mew_sam/data_df_all//20260615/_SUCCESS
+ /usr/local/hadoop-current/bin/hadoop fs -test -e hdfs://DClusterUS1/user/prod_soda_trade_strategy/rank/zhangshuai/MX/mew_sam/data_df_all//20260615/_SUCCESS
++ date -d '20260615 -1 day' +%Y%m%d
+ temp_date=20260614
+ [[ 0 -ne 0 ]]
+ count=2
+ [[ 20260614 -ge 20260615 ]]
+ [[ 0 -eq 0 ]]
+ echo 'no ready day'
no ready day
+ exit 1
+ cleanup
+ rm -f my_job.lock
=== 2026-06-16 23:00:01 ===
submit_luban.sh: line 3: /home/luban/.bash_profile: No such file or directory
+ set -e
+ LOCK_FILE=my_job.lock
+ '[' -f my_job.lock ']'
+ echo 705467
+ trap cleanup EXIT
+ echo 'Start job...'
Start job...
+ CONF_FILE=./common.conf
+ ckpt_day=20260614
+ : 1
+ '[' 1 -eq 1 ']'
++ date +%Y%m%d
+ current_date=20260616
+ temp_date=20260616
+ max_days=20
+ found=0
+ eday=
++ date -d '20260614 +1 day' +%Y%m%d
+ bday=20260615
+ count=0
+ [[ 20260616 -ge 20260615 ]]
+ '[' 0 -ge 20 ']'
+ done_file_path=hdfs://DClusterUS1/user/prod_soda_trade_strategy/rank/zhangshuai/MX/mew_sam/data_df_all//20260616/_SUCCESS
+ /usr/local/hadoop-current/bin/hadoop fs -test -e hdfs://DClusterUS1/user/prod_soda_trade_strategy/rank/zhangshuai/MX/mew_sam/data_df_all//20260616/_SUCCESS
++ date -d '20260616 -1 day' +%Y%m%d
+ temp_date=20260615
+ [[ 0 -ne 0 ]]
+ count=1
+ [[ 20260615 -ge 20260615 ]]
+ '[' 1 -ge 20 ']'
+ done_file_path=hdfs://DClusterUS1/user/prod_soda_trade_strategy/rank/zhangshuai/MX/mew_sam/data_df_all//20260615/_SUCCESS
+ /usr/local/hadoop-current/bin/hadoop fs -test -e hdfs://DClusterUS1/user/prod_soda_trade_strategy/rank/zhangshuai/MX/mew_sam/data_df_all//20260615/_SUCCESS
++ date -d '20260615 -1 day' +%Y%m%d
+ temp_date=20260614
+ [[ 0 -ne 0 ]]
+ count=2
+ [[ 20260614 -ge 20260615 ]]
+ [[ 0 -eq 0 ]]
+ echo 'no ready day'
no ready day
+ exit 1
+ cleanup
+ rm -f my_job.lock
=== 2026-06-16 23:05:01 ===
submit_luban.sh: line 3: /home/luban/.bash_profile: No such file or directory
+ set -e
+ LOCK_FILE=my_job.lock
+ '[' -f my_job.lock ']'
+ echo 711582
+ trap cleanup EXIT
+ echo 'Start job...'
Start job...
+ CONF_FILE=./common.conf
+ ckpt_day=20260614
+ : 1
+ '[' 1 -eq 1 ']'
++ date +%Y%m%d
+ current_date=20260616
+ temp_date=20260616
+ max_days=20
+ found=0
+ eday=
++ date -d '20260614 +1 day' +%Y%m%d
+ bday=20260615
+ count=0
+ [[ 20260616 -ge 20260615 ]]
+ '[' 0 -ge 20 ']'
+ done_file_path=hdfs://DClusterUS1/user/prod_soda_trade_strategy/rank/zhangshuai/MX/mew_sam/data_df_all//20260616/_SUCCESS
+ /usr/local/hadoop-current/bin/hadoop fs -test -e hdfs://DClusterUS1/user/prod_soda_trade_strategy/rank/zhangshuai/MX/mew_sam/data_df_all//20260616/_SUCCESS
++ date -d '20260616 -1 day' +%Y%m%d
+ temp_date=20260615
+ [[ 0 -ne 0 ]]
+ count=1
+ [[ 20260615 -ge 20260615 ]]
+ '[' 1 -ge 20 ']'
+ done_file_path=hdfs://DClusterUS1/user/prod_soda_trade_strategy/rank/zhangshuai/MX/mew_sam/data_df_all//20260615/_SUCCESS
+ /usr/local/hadoop-current/bin/hadoop fs -test -e hdfs://DClusterUS1/user/prod_soda_trade_strategy/rank/zhangshuai/MX/mew_sam/data_df_all//20260615/_SUCCESS
++ date -d '20260615 -1 day' +%Y%m%d
+ temp_date=20260614
+ [[ 0 -ne 0 ]]
+ count=2
+ [[ 20260614 -ge 20260615 ]]
+ [[ 0 -eq 0 ]]
+ echo 'no ready day'
no ready day
+ exit 1
+ cleanup
+ rm -f my_job.lock
=== 2026-06-16 23:10:01 ===
submit_luban.sh: line 3: /home/luban/.bash_profile: No such file or directory
+ set -e
+ LOCK_FILE=my_job.lock
+ '[' -f my_job.lock ']'
+ echo 717708
+ trap cleanup EXIT
+ echo 'Start job...'
Start job...
+ CONF_FILE=./common.conf
+ ckpt_day=20260614
+ : 1
+ '[' 1 -eq 1 ']'
++ date +%Y%m%d
+ current_date=20260616
+ temp_date=20260616
+ max_days=20
+ found=0
+ eday=
++ date -d '20260614 +1 day' +%Y%m%d
+ bday=20260615
+ count=0
+ [[ 20260616 -ge 20260615 ]]
+ '[' 0 -ge 20 ']'
+ done_file_path=hdfs://DClusterUS1/user/prod_soda_trade_strategy/rank/zhangshuai/MX/mew_sam/data_df_all//20260616/_SUCCESS
+ /usr/local/hadoop-current/bin/hadoop fs -test -e hdfs://DClusterUS1/user/prod_soda_trade_strategy/rank/zhangshuai/MX/mew_sam/data_df_all//20260616/_SUCCESS
++ date -d '20260616 -1 day' +%Y%m%d
+ temp_date=20260615
+ [[ 0 -ne 0 ]]
+ count=1
+ [[ 20260615 -ge 20260615 ]]
+ '[' 1 -ge 20 ']'
+ done_file_path=hdfs://DClusterUS1/user/prod_soda_trade_strategy/rank/zhangshuai/MX/mew_sam/data_df_all//20260615/_SUCCESS
+ /usr/local/hadoop-current/bin/hadoop fs -test -e hdfs://DClusterUS1/user/prod_soda_trade_strategy/rank/zhangshuai/MX/mew_sam/data_df_all//20260615/_SUCCESS
++ date -d '20260615 -1 day' +%Y%m%d
+ temp_date=20260614
+ [[ 0 -ne 0 ]]
+ count=2
+ [[ 20260614 -ge 20260615 ]]
+ [[ 0 -eq 0 ]]
+ echo 'no ready day'
no ready day
+ exit 1
+ cleanup
+ rm -f my_job.lock
=== 2026-06-16 23:15:01 ===
submit_luban.sh: line 3: /home/luban/.bash_profile: No such file or directory
+ set -e
+ LOCK_FILE=my_job.lock
+ '[' -f my_job.lock ']'
+ echo 723817
+ trap cleanup EXIT
+ echo 'Start job...'
Start job...
+ CONF_FILE=./common.conf
+ ckpt_day=20260614
+ : 1
+ '[' 1 -eq 1 ']'
++ date +%Y%m%d
+ current_date=20260616
+ temp_date=20260616
+ max_days=20
+ found=0
+ eday=
++ date -d '20260614 +1 day' +%Y%m%d
+ bday=20260615
+ count=0
+ [[ 20260616 -ge 20260615 ]]
+ '[' 0 -ge 20 ']'
+ done_file_path=hdfs://DClusterUS1/user/prod_soda_trade_strategy/rank/zhangshuai/MX/mew_sam/data_df_all//20260616/_SUCCESS
+ /usr/local/hadoop-current/bin/hadoop fs -test -e hdfs://DClusterUS1/user/prod_soda_trade_strategy/rank/zhangshuai/MX/mew_sam/data_df_all//20260616/_SUCCESS
++ date -d '20260616 -1 day' +%Y%m%d
+ temp_date=20260615
+ [[ 0 -ne 0 ]]
+ count=1
+ [[ 20260615 -ge 20260615 ]]
+ '[' 1 -ge 20 ']'
+ done_file_path=hdfs://DClusterUS1/user/prod_soda_trade_strategy/rank/zhangshuai/MX/mew_sam/data_df_all//20260615/_SUCCESS
+ /usr/local/hadoop-current/bin/hadoop fs -test -e hdfs://DClusterUS1/user/prod_soda_trade_strategy/rank/zhangshuai/MX/mew_sam/data_df_all//20260615/_SUCCESS
+ echo 'temp_date is exist'
temp_date is exist
+ eday=20260615
+ found=1
+ break
+ [[ 1 -eq 0 ]]
+ [[ ! -d ./model/checkpoints/20260614_0 ]]
+ train_start_day=20260615
+ train_end_day=20260615
+ API_URL=http://10.14.127.44:80/api/v3/jobs
+ PROJECT_UUID=1b108a55ac6c4893bb427c6efa0a80d5
+ TOKEN=185abf3ee9c8454ab21f534ec9f25330
+ HEADERS=(-H 'Content-Type: application/json' -H "JIANSHU-PROJECT-TOKEN: ${TOKEN}" -H "JIANSHU-PROJECT-UUID: ${PROJECT_UUID}")
+ echo 正在提交任务...
正在提交任务...
++ curl -s -X POST http://10.14.127.44:80/api/v3/jobs -H 'Content-Type: application/json' -H 'JIANSHU-PROJECT-TOKEN: 185abf3ee9c8454ab21f534ec9f25330' -H 'JIANSHU-PROJECT-UUID: 1b108a55ac6c4893bb427c6efa0a80d5' -d '{
    "userUuid": "fb8b6210117a4930b598581b5a1da5fa",
    "projectUuid": "1b108a55ac6c4893bb427c6efa0a80d5",
    "imageUuid": "e1389ab30bb145d1b72b77f738310a11",
    "scriptPath": "/nfs/dataset-ofs-rank-ssl/chenpinyuan/tf_train/tf_train_new_input_query_slot_big_fea_size/train.sh",
    "scriptSourceType": "file",
    "resourceUuid": "8d053ced94df4883837eb91a1afa9a87",
    "regionName": "nmg01",
    "name": "tf_train_new_input_query_slot_big_fea_size_daily",
    "level": "PRO",
    "backoffLimit": 1,
    "priority": 1,
    "volumeRegions":[]
}'
+ RESPONSE='{"code":0,"data":{"activeDeadlineSeconds":1296000,"appId":"k8s-job-9pyzxy-1781622905867","backoffCount":0,"backoffLimit":1,"createTime":1781622905888,"dedicatedHostingIP":false,"id":1694175,"image":{"comment":"rank-a6000","desc":"rank-a6000","uuid":"e1389ab30bb145d1b72b77f738310a11"},"jobName":"tf_train_new_input_query_slot_big_fea_size_daily","jobType":"JOB","project":{"desc":"国际化外卖","projectId":100003,"projectName":"Food-MP-Strategy","userName":"lijianli","uuid":"1b108a55ac6c4893bb427c6efa0a80d5"},"region":"nmg01","resource":{"cpuCount":12,"desc":"1GPU/45G/12CPU/64G","gpuCount":48,"groupName":"PRO_JOB","memCount":64,"name":"生产1卡(L20)","tagId":"135","uuid":"8d053ced94df4883837eb91a1afa9a87"},"scriptPath":"/nfs/dataset-ofs-rank-ssl/chenpinyuan/tf_train/tf_train_new_input_query_slot_big_fea_size/train.sh","status":"submitting","updateTime":1781622905888,"user":{"name":"chenpinyuan","uuid":"fb8b6210117a4930b598581b5a1da5fa"}},"msg":"success"}'
++ jq -r .data.appId
++ echo '{"code":0,"data":{"activeDeadlineSeconds":1296000,"appId":"k8s-job-9pyzxy-1781622905867","backoffCount":0,"backoffLimit":1,"createTime":1781622905888,"dedicatedHostingIP":false,"id":1694175,"image":{"comment":"rank-a6000","desc":"rank-a6000","uuid":"e1389ab30bb145d1b72b77f738310a11"},"jobName":"tf_train_new_input_query_slot_big_fea_size_daily","jobType":"JOB","project":{"desc":"国际化外卖","projectId":100003,"projectName":"Food-MP-Strategy","userName":"lijianli","uuid":"1b108a55ac6c4893bb427c6efa0a80d5"},"region":"nmg01","resource":{"cpuCount":12,"desc":"1GPU/45G/12CPU/64G","gpuCount":48,"groupName":"PRO_JOB","memCount":64,"name":"生产1卡(L20)","tagId":"135","uuid":"8d053ced94df4883837eb91a1afa9a87"},"scriptPath":"/nfs/dataset-ofs-rank-ssl/chenpinyuan/tf_train/tf_train_new_input_query_slot_big_fea_size/train.sh","status":"submitting","updateTime":1781622905888,"user":{"name":"chenpinyuan","uuid":"fb8b6210117a4930b598581b5a1da5fa"}},"msg":"success"}'
+ JOB_UUID=k8s-job-9pyzxy-1781622905867
+ [[ k8s-job-9pyzxy-1781622905867 == \n\u\l\l ]]
+ [[ -z k8s-job-9pyzxy-1781622905867 ]]
+ true
+ sleep 60
+ QUERY_URL='http://10.14.127.44:80/api/v3/jobs/k8s-job-9pyzxy-1781622905867?userUuid=fb8b6210117a4930b598581b5a1da5fa'
++ curl -s -X GET 'http://10.14.127.44:80/api/v3/jobs/k8s-job-9pyzxy-1781622905867?userUuid=fb8b6210117a4930b598581b5a1da5fa' -H 'Content-Type: application/json' -H 'JIANSHU-PROJECT-TOKEN: 185abf3ee9c8454ab21f534ec9f25330' -H 'JIANSHU-PROJECT-UUID: 1b108a55ac6c4893bb427c6efa0a80d5'
+ STATUS_JSON='{"code":0,"data":{"activeDeadlineSeconds":1296000,"appId":"k8s-job-9pyzxy-1781622905867","backoffCount":0,"backoffLimit":1,"createTime":1781622905000,"dedicatedHostingIP":false,"hostIp":"10.12.159.23","id":1694175,"image":{"comment":"rank-a6000","desc":"rank-a6000","uuid":"e1389ab30bb145d1b72b77f738310a11"},"ip":"10.12.159.23","jobName":"tf_train_new_input_query_slot_big_fea_size_daily","jobType":"JOB","monitorUrl":"http://monitor.ml.didiglobal.com/d/a6nrotRvz/lts-pods?refresh=5m&orgId=1&var-datasource=prometheus&var-container=All&var-namespace=100003-ns&var-pod=k8s-job-9pyzxy-1781622905867","project":{"desc":"国际化外卖","projectId":100003,"projectName":"Food-MP-Strategy","userName":"lijianli","uuid":"1b108a55ac6c4893bb427c6efa0a80d5"},"region":"nmg01","resource":{"cpuCount":12,"desc":"1GPU/45G/12CPU/64G","gpuCount":48,"groupName":"PRO_JOB","memCount":64,"name":"生产1卡(L20)","tagId":"135","uuid":"8d053ced94df4883837eb91a1afa9a87"},"scriptPath":"/nfs/dataset-ofs-rank-ssl/chenpinyuan/tf_train/tf_train_new_input_query_slot_big_fea_size/train.sh","status":"running","updateTime":1781622913000,"user":{"name":"chenpinyuan","uuid":"fb8b6210117a4930b598581b5a1da5fa"}},"msg":"success"}'
++ jq -r .data.status
++ echo '{"code":0,"data":{"activeDeadlineSeconds":1296000,"appId":"k8s-job-9pyzxy-1781622905867","backoffCount":0,"backoffLimit":1,"createTime":1781622905000,"dedicatedHostingIP":false,"hostIp":"10.12.159.23","id":1694175,"image":{"comment":"rank-a6000","desc":"rank-a6000","uuid":"e1389ab30bb145d1b72b77f738310a11"},"ip":"10.12.159.23","jobName":"tf_train_new_input_query_slot_big_fea_size_daily","jobType":"JOB","monitorUrl":"http://monitor.ml.didiglobal.com/d/a6nrotRvz/lts-pods?refresh=5m&orgId=1&var-datasource=prometheus&var-container=All&var-namespace=100003-ns&var-pod=k8s-job-9pyzxy-1781622905867","project":{"desc":"国际化外卖","projectId":100003,"projectName":"Food-MP-Strategy","userName":"lijianli","uuid":"1b108a55ac6c4893bb427c6efa0a80d5"},"region":"nmg01","resource":{"cpuCount":12,"desc":"1GPU/45G/12CPU/64G","gpuCount":48,"groupName":"PRO_JOB","memCount":64,"name":"生产1卡(L20)","tagId":"135","uuid":"8d053ced94df4883837eb91a1afa9a87"},"scriptPath":"/nfs/dataset-ofs-rank-ssl/chenpinyuan/tf_train/tf_train_new_input_query_slot_big_fea_size/train.sh","status":"running","updateTime":1781622913000,"user":{"name":"chenpinyuan","uuid":"fb8b6210117a4930b598581b5a1da5fa"}},"msg":"success"}'
+ RAW_STATUS=running
++ echo running
++ tr '[:lower:]' '[:upper:]'
+ STATUS=RUNNING
+ [[ RUNNING == \S\U\C\C\E\E\D\E\D ]]
+ [[ RUNNING == \C\O\M\P\L\E\T\E\D ]]
+ [[ RUNNING == \S\U\C\C\E\S\S ]]
+ [[ RUNNING == \F\A\I\L\E\D ]]
+ [[ RUNNING == \E\R\R\O\R ]]
+ [[ RUNNING == \S\T\O\P\P\E\D ]]
+ [[ RUNNING == \n\u\l\l ]]
+ true
+ sleep 60
+ QUERY_URL='http://10.14.127.44:80/api/v3/jobs/k8s-job-9pyzxy-1781622905867?userUuid=fb8b6210117a4930b598581b5a1da5fa'
++ curl -s -X GET 'http://10.14.127.44:80/api/v3/jobs/k8s-job-9pyzxy-1781622905867?userUuid=fb8b6210117a4930b598581b5a1da5fa' -H 'Content-Type: application/json' -H 'JIANSHU-PROJECT-TOKEN: 185abf3ee9c8454ab21f534ec9f25330' -H 'JIANSHU-PROJECT-UUID: 1b108a55ac6c4893bb427c6efa0a80d5'
+ STATUS_JSON='{"code":0,"data":{"activeDeadlineSeconds":1296000,"appId":"k8s-job-9pyzxy-1781622905867","backoffCount":0,"backoffLimit":1,"createTime":1781622905000,"dedicatedHostingIP":false,"hostIp":"10.12.159.23","id":1694175,"image":{"comment":"rank-a6000","desc":"rank-a6000","uuid":"e1389ab30bb145d1b72b77f738310a11"},"ip":"10.12.159.23","jobName":"tf_train_new_input_query_slot_big_fea_size_daily","jobType":"JOB","monitorUrl":"http://monitor.ml.didiglobal.com/d/a6nrotRvz/lts-pods?refresh=5m&orgId=1&var-datasource=prometheus&var-container=All&var-namespace=100003-ns&var-pod=k8s-job-9pyzxy-1781622905867","project":{"desc":"国际化外卖","projectId":100003,"projectName":"Food-MP-Strategy","userName":"lijianli","uuid":"1b108a55ac6c4893bb427c6efa0a80d5"},"region":"nmg01","resource":{"cpuCount":12,"desc":"1GPU/45G/12CPU/64G","gpuCount":48,"groupName":"PRO_JOB","memCount":64,"name":"生产1卡(L20)","tagId":"135","uuid":"8d053ced94df4883837eb91a1afa9a87"},"scriptPath":"/nfs/dataset-ofs-rank-ssl/chenpinyuan/tf_train/tf_train_new_input_query_slot_big_fea_size/train.sh","status":"running","updateTime":1781622913000,"user":{"name":"chenpinyuan","uuid":"fb8b6210117a4930b598581b5a1da5fa"}},"msg":"success"}'
++ jq -r .data.status
++ echo '{"code":0,"data":{"activeDeadlineSeconds":1296000,"appId":"k8s-job-9pyzxy-1781622905867","backoffCount":0,"backoffLimit":1,"createTime":1781622905000,"dedicatedHostingIP":false,"hostIp":"10.12.159.23","id":1694175,"image":{"comment":"rank-a6000","desc":"rank-a6000","uuid":"e1389ab30bb145d1b72b77f738310a11"},"ip":"10.12.159.23","jobName":"tf_train_new_input_query_slot_big_fea_size_daily","jobType":"JOB","monitorUrl":"http://monitor.ml.didiglobal.com/d/a6nrotRvz/lts-pods?refresh=5m&orgId=1&var-datasource=prometheus&var-container=All&var-namespace=100003-ns&var-pod=k8s-job-9pyzxy-1781622905867","project":{"desc":"国际化外卖","projectId":100003,"projectName":"Food-MP-Strategy","userName":"lijianli","uuid":"1b108a55ac6c4893bb427c6efa0a80d5"},"region":"nmg01","resource":{"cpuCount":12,"desc":"1GPU/45G/12CPU/64G","gpuCount":48,"groupName":"PRO_JOB","memCount":64,"name":"生产1卡(L20)","tagId":"135","uuid":"8d053ced94df4883837eb91a1afa9a87"},"scriptPath":"/nfs/dataset-ofs-rank-ssl/chenpinyuan/tf_train/tf_train_new_input_query_slot_big_fea_size/train.sh","status":"running","updateTime":1781622913000,"user":{"name":"chenpinyuan","uuid":"fb8b6210117a4930b598581b5a1da5fa"}},"msg":"success"}'
+ RAW_STATUS=running
++ echo running
++ tr '[:lower:]' '[:upper:]'
+ STATUS=RUNNING
+ [[ RUNNING == \S\U\C\C\E\E\D\E\D ]]
+ [[ RUNNING == \C\O\M\P\L\E\T\E\D ]]
+ [[ RUNNING == \S\U\C\C\E\S\S ]]
+ [[ RUNNING == \F\A\I\L\E\D ]]
+ [[ RUNNING == \E\R\R\O\R ]]
+ [[ RUNNING == \S\T\O\P\P\E\D ]]
+ [[ RUNNING == \n\u\l\l ]]
+ true
+ sleep 60
+ QUERY_URL='http://10.14.127.44:80/api/v3/jobs/k8s-job-9pyzxy-1781622905867?userUuid=fb8b6210117a4930b598581b5a1da5fa'
++ curl -s -X GET 'http://10.14.127.44:80/api/v3/jobs/k8s-job-9pyzxy-1781622905867?userUuid=fb8b6210117a4930b598581b5a1da5fa' -H 'Content-Type: application/json' -H 'JIANSHU-PROJECT-TOKEN: 185abf3ee9c8454ab21f534ec9f25330' -H 'JIANSHU-PROJECT-UUID: 1b108a55ac6c4893bb427c6efa0a80d5'
+ STATUS_JSON='{"code":0,"data":{"activeDeadlineSeconds":1296000,"appId":"k8s-job-9pyzxy-1781622905867","backoffCount":0,"backoffLimit":1,"createTime":1781622905000,"dedicatedHostingIP":false,"hostIp":"10.12.159.23","id":1694175,"image":{"comment":"rank-a6000","desc":"rank-a6000","uuid":"e1389ab30bb145d1b72b77f738310a11"},"ip":"10.12.159.23","jobName":"tf_train_new_input_query_slot_big_fea_size_daily","jobType":"JOB","monitorUrl":"http://monitor.ml.didiglobal.com/d/a6nrotRvz/lts-pods?refresh=5m&orgId=1&var-datasource=prometheus&var-container=All&var-namespace=100003-ns&var-pod=k8s-job-9pyzxy-1781622905867","project":{"desc":"国际化外卖","projectId":100003,"projectName":"Food-MP-Strategy","userName":"lijianli","uuid":"1b108a55ac6c4893bb427c6efa0a80d5"},"region":"nmg01","resource":{"cpuCount":12,"desc":"1GPU/45G/12CPU/64G","gpuCount":48,"groupName":"PRO_JOB","memCount":64,"name":"生产1卡(L20)","tagId":"135","uuid":"8d053ced94df4883837eb91a1afa9a87"},"scriptPath":"/nfs/dataset-ofs-rank-ssl/chenpinyuan/tf_train/tf_train_new_input_query_slot_big_fea_size/train.sh","status":"running","updateTime":1781622913000,"user":{"name":"chenpinyuan","uuid":"fb8b6210117a4930b598581b5a1da5fa"}},"msg":"success"}'
++ jq -r .data.status
++ echo '{"code":0,"data":{"activeDeadlineSeconds":1296000,"appId":"k8s-job-9pyzxy-1781622905867","backoffCount":0,"backoffLimit":1,"createTime":1781622905000,"dedicatedHostingIP":false,"hostIp":"10.12.159.23","id":1694175,"image":{"comment":"rank-a6000","desc":"rank-a6000","uuid":"e1389ab30bb145d1b72b77f738310a11"},"ip":"10.12.159.23","jobName":"tf_train_new_input_query_slot_big_fea_size_daily","jobType":"JOB","monitorUrl":"http://monitor.ml.didiglobal.com/d/a6nrotRvz/lts-pods?refresh=5m&orgId=1&var-datasource=prometheus&var-container=All&var-namespace=100003-ns&var-pod=k8s-job-9pyzxy-1781622905867","project":{"desc":"国际化外卖","projectId":100003,"projectName":"Food-MP-Strategy","userName":"lijianli","uuid":"1b108a55ac6c4893bb427c6efa0a80d5"},"region":"nmg01","resource":{"cpuCount":12,"desc":"1GPU/45G/12CPU/64G","gpuCount":48,"groupName":"PRO_JOB","memCount":64,"name":"生产1卡(L20)","tagId":"135","uuid":"8d053ced94df4883837eb91a1afa9a87"},"scriptPath":"/nfs/dataset-ofs-rank-ssl/chenpinyuan/tf_train/tf_train_new_input_query_slot_big_fea_size/train.sh","status":"running","updateTime":1781622913000,"user":{"name":"chenpinyuan","uuid":"fb8b6210117a4930b598581b5a1da5fa"}},"msg":"success"}'
+ RAW_STATUS=running
++ echo running
++ tr '[:lower:]' '[:upper:]'
+ STATUS=RUNNING
+ [[ RUNNING == \S\U\C\C\E\E\D\E\D ]]
+ [[ RUNNING == \C\O\M\P\L\E\T\E\D ]]
+ [[ RUNNING == \S\U\C\C\E\S\S ]]
+ [[ RUNNING == \F\A\I\L\E\D ]]
+ [[ RUNNING == \E\R\R\O\R ]]
+ [[ RUNNING == \S\T\O\P\P\E\D ]]
+ [[ RUNNING == \n\u\l\l ]]
+ true
+ sleep 60
+ QUERY_URL='http://10.14.127.44:80/api/v3/jobs/k8s-job-9pyzxy-1781622905867?userUuid=fb8b6210117a4930b598581b5a1da5fa'
++ curl -s -X GET 'http://10.14.127.44:80/api/v3/jobs/k8s-job-9pyzxy-1781622905867?userUuid=fb8b6210117a4930b598581b5a1da5fa' -H 'Content-Type: application/json' -H 'JIANSHU-PROJECT-TOKEN: 185abf3ee9c8454ab21f534ec9f25330' -H 'JIANSHU-PROJECT-UUID: 1b108a55ac6c4893bb427c6efa0a80d5'
+ STATUS_JSON='{"code":0,"data":{"activeDeadlineSeconds":1296000,"appId":"k8s-job-9pyzxy-1781622905867","backoffCount":0,"backoffLimit":1,"createTime":1781622905000,"dedicatedHostingIP":false,"hostIp":"10.12.159.23","id":1694175,"image":{"comment":"rank-a6000","desc":"rank-a6000","uuid":"e1389ab30bb145d1b72b77f738310a11"},"ip":"10.12.159.23","jobName":"tf_train_new_input_query_slot_big_fea_size_daily","jobType":"JOB","monitorUrl":"http://monitor.ml.didiglobal.com/d/a6nrotRvz/lts-pods?refresh=5m&orgId=1&var-datasource=prometheus&var-container=All&var-namespace=100003-ns&var-pod=k8s-job-9pyzxy-1781622905867","project":{"desc":"国际化外卖","projectId":100003,"projectName":"Food-MP-Strategy","userName":"lijianli","uuid":"1b108a55ac6c4893bb427c6efa0a80d5"},"region":"nmg01","resource":{"cpuCount":12,"desc":"1GPU/45G/12CPU/64G","gpuCount":48,"groupName":"PRO_JOB","memCount":64,"name":"生产1卡(L20)","tagId":"135","uuid":"8d053ced94df4883837eb91a1afa9a87"},"scriptPath":"/nfs/dataset-ofs-rank-ssl/chenpinyuan/tf_train/tf_train_new_input_query_slot_big_fea_size/train.sh","status":"running","updateTime":1781622913000,"user":{"name":"chenpinyuan","uuid":"fb8b6210117a4930b598581b5a1da5fa"}},"msg":"success"}'
++ jq -r .data.status
++ echo '{"code":0,"data":{"activeDeadlineSeconds":1296000,"appId":"k8s-job-9pyzxy-1781622905867","backoffCount":0,"backoffLimit":1,"createTime":1781622905000,"dedicatedHostingIP":false,"hostIp":"10.12.159.23","id":1694175,"image":{"comment":"rank-a6000","desc":"rank-a6000","uuid":"e1389ab30bb145d1b72b77f738310a11"},"ip":"10.12.159.23","jobName":"tf_train_new_input_query_slot_big_fea_size_daily","jobType":"JOB","monitorUrl":"http://monitor.ml.didiglobal.com/d/a6nrotRvz/lts-pods?refresh=5m&orgId=1&var-datasource=prometheus&var-container=All&var-namespace=100003-ns&var-pod=k8s-job-9pyzxy-1781622905867","project":{"desc":"国际化外卖","projectId":100003,"projectName":"Food-MP-Strategy","userName":"lijianli","uuid":"1b108a55ac6c4893bb427c6efa0a80d5"},"region":"nmg01","resource":{"cpuCount":12,"desc":"1GPU/45G/12CPU/64G","gpuCount":48,"groupName":"PRO_JOB","memCount":64,"name":"生产1卡(L20)","tagId":"135","uuid":"8d053ced94df4883837eb91a1afa9a87"},"scriptPath":"/nfs/dataset-ofs-rank-ssl/chenpinyuan/tf_train/tf_train_new_input_query_slot_big_fea_size/train.sh","status":"running","updateTime":1781622913000,"user":{"name":"chenpinyuan","uuid":"fb8b6210117a4930b598581b5a1da5fa"}},"msg":"success"}'
+ RAW_STATUS=running
++ echo running
++ tr '[:lower:]' '[:upper:]'
+ STATUS=RUNNING
+ [[ RUNNING == \S\U\C\C\E\E\D\E\D ]]
+ [[ RUNNING == \C\O\M\P\L\E\T\E\D ]]
+ [[ RUNNING == \S\U\C\C\E\S\S ]]
+ [[ RUNNING == \F\A\I\L\E\D ]]
+ [[ RUNNING == \E\R\R\O\R ]]
+ [[ RUNNING == \S\T\O\P\P\E\D ]]
+ [[ RUNNING == \n\u\l\l ]]
+ true
+ sleep 60
=== 2026-06-16 23:20:01 ===
submit_luban.sh: line 3: /home/luban/.bash_profile: No such file or directory
+ set -e
+ LOCK_FILE=my_job.lock
+ '[' -f my_job.lock ']'
+ echo 'Another instance is running, exiting.'
Another instance is running, exiting.
+ exit 1
+ QUERY_URL='http://10.14.127.44:80/api/v3/jobs/k8s-job-9pyzxy-1781622905867?userUuid=fb8b6210117a4930b598581b5a1da5fa'
++ curl -s -X GET 'http://10.14.127.44:80/api/v3/jobs/k8s-job-9pyzxy-1781622905867?userUuid=fb8b6210117a4930b598581b5a1da5fa' -H 'Content-Type: application/json' -H 'JIANSHU-PROJECT-TOKEN: 185abf3ee9c8454ab21f534ec9f25330' -H 'JIANSHU-PROJECT-UUID: 1b108a55ac6c4893bb427c6efa0a80d5'
+ STATUS_JSON='{"code":0,"data":{"activeDeadlineSeconds":1296000,"appId":"k8s-job-9pyzxy-1781622905867","backoffCount":0,"backoffLimit":1,"createTime":1781622905000,"dedicatedHostingIP":false,"hostIp":"10.12.159.23","id":1694175,"image":{"comment":"rank-a6000","desc":"rank-a6000","uuid":"e1389ab30bb145d1b72b77f738310a11"},"ip":"10.12.159.23","jobName":"tf_train_new_input_query_slot_big_fea_size_daily","jobType":"JOB","monitorUrl":"http://monitor.ml.didiglobal.com/d/a6nrotRvz/lts-pods?refresh=5m&orgId=1&var-datasource=prometheus&var-container=All&var-namespace=100003-ns&var-pod=k8s-job-9pyzxy-1781622905867","project":{"desc":"国际化外卖","projectId":100003,"projectName":"Food-MP-Strategy","userName":"lijianli","uuid":"1b108a55ac6c4893bb427c6efa0a80d5"},"region":"nmg01","resource":{"cpuCount":12,"desc":"1GPU/45G/12CPU/64G","gpuCount":48,"groupName":"PRO_JOB","memCount":64,"name":"生产1卡(L20)","tagId":"135","uuid":"8d053ced94df4883837eb91a1afa9a87"},"scriptPath":"/nfs/dataset-ofs-rank-ssl/chenpinyuan/tf_train/tf_train_new_input_query_slot_big_fea_size/train.sh","status":"running","updateTime":1781622913000,"user":{"name":"chenpinyuan","uuid":"fb8b6210117a4930b598581b5a1da5fa"}},"msg":"success"}'
++ jq -r .data.status
++ echo '{"code":0,"data":{"activeDeadlineSeconds":1296000,"appId":"k8s-job-9pyzxy-1781622905867","backoffCount":0,"backoffLimit":1,"createTime":1781622905000,"dedicatedHostingIP":false,"hostIp":"10.12.159.23","id":1694175,"image":{"comment":"rank-a6000","desc":"rank-a6000","uuid":"e1389ab30bb145d1b72b77f738310a11"},"ip":"10.12.159.23","jobName":"tf_train_new_input_query_slot_big_fea_size_daily","jobType":"JOB","monitorUrl":"http://monitor.ml.didiglobal.com/d/a6nrotRvz/lts-pods?refresh=5m&orgId=1&var-datasource=prometheus&var-container=All&var-namespace=100003-ns&var-pod=k8s-job-9pyzxy-1781622905867","project":{"desc":"国际化外卖","projectId":100003,"projectName":"Food-MP-Strategy","userName":"lijianli","uuid":"1b108a55ac6c4893bb427c6efa0a80d5"},"region":"nmg01","resource":{"cpuCount":12,"desc":"1GPU/45G/12CPU/64G","gpuCount":48,"groupName":"PRO_JOB","memCount":64,"name":"生产1卡(L20)","tagId":"135","uuid":"8d053ced94df4883837eb91a1afa9a87"},"scriptPath":"/nfs/dataset-ofs-rank-ssl/chenpinyuan/tf_train/tf_train_new_input_query_slot_big_fea_size/train.sh","status":"running","updateTime":1781622913000,"user":{"name":"chenpinyuan","uuid":"fb8b6210117a4930b598581b5a1da5fa"}},"msg":"success"}'
+ RAW_STATUS=running
++ echo running
++ tr '[:lower:]' '[:upper:]'
+ STATUS=RUNNING
+ [[ RUNNING == \S\U\C\C\E\E\D\E\D ]]
+ [[ RUNNING == \C\O\M\P\L\E\T\E\D ]]
+ [[ RUNNING == \S\U\C\C\E\S\S ]]
+ [[ RUNNING == \F\A\I\L\E\D ]]
+ [[ RUNNING == \E\R\R\O\R ]]
+ [[ RUNNING == \S\T\O\P\P\E\D ]]
+ [[ RUNNING == \n\u\l\l ]]
+ true
+ sleep 60
+ QUERY_URL='http://10.14.127.44:80/api/v3/jobs/k8s-job-9pyzxy-1781622905867?userUuid=fb8b6210117a4930b598581b5a1da5fa'
++ curl -s -X GET 'http://10.14.127.44:80/api/v3/jobs/k8s-job-9pyzxy-1781622905867?userUuid=fb8b6210117a4930b598581b5a1da5fa' -H 'Content-Type: application/json' -H 'JIANSHU-PROJECT-TOKEN: 185abf3ee9c8454ab21f534ec9f25330' -H 'JIANSHU-PROJECT-UUID: 1b108a55ac6c4893bb427c6efa0a80d5'
+ STATUS_JSON='{"code":0,"data":{"activeDeadlineSeconds":1296000,"appId":"k8s-job-9pyzxy-1781622905867","backoffCount":0,"backoffLimit":1,"createTime":1781622905000,"dedicatedHostingIP":false,"hostIp":"10.12.159.23","id":1694175,"image":{"comment":"rank-a6000","desc":"rank-a6000","uuid":"e1389ab30bb145d1b72b77f738310a11"},"ip":"10.12.159.23","jobName":"tf_train_new_input_query_slot_big_fea_size_daily","jobType":"JOB","monitorUrl":"http://monitor.ml.didiglobal.com/d/a6nrotRvz/lts-pods?refresh=5m&orgId=1&var-datasource=prometheus&var-container=All&var-namespace=100003-ns&var-pod=k8s-job-9pyzxy-1781622905867","project":{"desc":"国际化外卖","projectId":100003,"projectName":"Food-MP-Strategy","userName":"lijianli","uuid":"1b108a55ac6c4893bb427c6efa0a80d5"},"region":"nmg01","resource":{"cpuCount":12,"desc":"1GPU/45G/12CPU/64G","gpuCount":48,"groupName":"PRO_JOB","memCount":64,"name":"生产1卡(L20)","tagId":"135","uuid":"8d053ced94df4883837eb91a1afa9a87"},"scriptPath":"/nfs/dataset-ofs-rank-ssl/chenpinyuan/tf_train/tf_train_new_input_query_slot_big_fea_size/train.sh","status":"running","updateTime":1781622913000,"user":{"name":"chenpinyuan","uuid":"fb8b6210117a4930b598581b5a1da5fa"}},"msg":"success"}'
++ jq -r .data.status
++ echo '{"code":0,"data":{"activeDeadlineSeconds":1296000,"appId":"k8s-job-9pyzxy-1781622905867","backoffCount":0,"backoffLimit":1,"createTime":1781622905000,"dedicatedHostingIP":false,"hostIp":"10.12.159.23","id":1694175,"image":{"comment":"rank-a6000","desc":"rank-a6000","uuid":"e1389ab30bb145d1b72b77f738310a11"},"ip":"10.12.159.23","jobName":"tf_train_new_input_query_slot_big_fea_size_daily","jobType":"JOB","monitorUrl":"http://monitor.ml.didiglobal.com/d/a6nrotRvz/lts-pods?refresh=5m&orgId=1&var-datasource=prometheus&var-container=All&var-namespace=100003-ns&var-pod=k8s-job-9pyzxy-1781622905867","project":{"desc":"国际化外卖","projectId":100003,"projectName":"Food-MP-Strategy","userName":"lijianli","uuid":"1b108a55ac6c4893bb427c6efa0a80d5"},"region":"nmg01","resource":{"cpuCount":12,"desc":"1GPU/45G/12CPU/64G","gpuCount":48,"groupName":"PRO_JOB","memCount":64,"name":"生产1卡(L20)","tagId":"135","uuid":"8d053ced94df4883837eb91a1afa9a87"},"scriptPath":"/nfs/dataset-ofs-rank-ssl/chenpinyuan/tf_train/tf_train_new_input_query_slot_big_fea_size/train.sh","status":"running","updateTime":1781622913000,"user":{"name":"chenpinyuan","uuid":"fb8b6210117a4930b598581b5a1da5fa"}},"msg":"success"}'
+ RAW_STATUS=running
++ echo running
++ tr '[:lower:]' '[:upper:]'
+ STATUS=RUNNING
+ [[ RUNNING == \S\U\C\C\E\E\D\E\D ]]
+ [[ RUNNING == \C\O\M\P\L\E\T\E\D ]]
+ [[ RUNNING == \S\U\C\C\E\S\S ]]
+ [[ RUNNING == \F\A\I\L\E\D ]]
+ [[ RUNNING == \E\R\R\O\R ]]
+ [[ RUNNING == \S\T\O\P\P\E\D ]]
+ [[ RUNNING == \n\u\l\l ]]
+ true
+ sleep 60
+ QUERY_URL='http://10.14.127.44:80/api/v3/jobs/k8s-job-9pyzxy-1781622905867?userUuid=fb8b6210117a4930b598581b5a1da5fa'
++ curl -s -X GET 'http://10.14.127.44:80/api/v3/jobs/k8s-job-9pyzxy-1781622905867?userUuid=fb8b6210117a4930b598581b5a1da5fa' -H 'Content-Type: application/json' -H 'JIANSHU-PROJECT-TOKEN: 185abf3ee9c8454ab21f534ec9f25330' -H 'JIANSHU-PROJECT-UUID: 1b108a55ac6c4893bb427c6efa0a80d5'
+ STATUS_JSON='{"code":0,"data":{"activeDeadlineSeconds":1296000,"appId":"k8s-job-9pyzxy-1781622905867","backoffCount":0,"backoffLimit":1,"createTime":1781622905000,"dedicatedHostingIP":false,"finishTime":1781623300000,"hostIp":"10.12.159.23","id":1694175,"image":{"comment":"rank-a6000","desc":"rank-a6000","uuid":"e1389ab30bb145d1b72b77f738310a11"},"ip":"10.12.159.23","jobName":"tf_train_new_input_query_slot_big_fea_size_daily","jobType":"JOB","monitorUrl":"http://monitor.ml.didiglobal.com/d/a6nrotRvz/lts-pods?refresh=5m&orgId=1&var-datasource=prometheus&var-container=All&from=1781622905000&to=1781623300000&var-namespace=100003-ns&var-pod=k8s-job-9pyzxy-1781622905867","project":{"desc":"国际化外卖","projectId":100003,"projectName":"Food-MP-Strategy","userName":"lijianli","uuid":"1b108a55ac6c4893bb427c6efa0a80d5"},"region":"nmg01","resource":{"cpuCount":12,"desc":"1GPU/45G/12CPU/64G","gpuCount":48,"groupName":"PRO_JOB","memCount":64,"name":"生产1卡(L20)","tagId":"135","uuid":"8d053ced94df4883837eb91a1afa9a87"},"scriptPath":"/nfs/dataset-ofs-rank-ssl/chenpinyuan/tf_train/tf_train_new_input_query_slot_big_fea_size/train.sh","status":"succeeded","updateTime":1781623300000,"user":{"name":"chenpinyuan","uuid":"fb8b6210117a4930b598581b5a1da5fa"}},"msg":"success"}'
++ jq -r .data.status
++ echo '{"code":0,"data":{"activeDeadlineSeconds":1296000,"appId":"k8s-job-9pyzxy-1781622905867","backoffCount":0,"backoffLimit":1,"createTime":1781622905000,"dedicatedHostingIP":false,"finishTime":1781623300000,"hostIp":"10.12.159.23","id":1694175,"image":{"comment":"rank-a6000","desc":"rank-a6000","uuid":"e1389ab30bb145d1b72b77f738310a11"},"ip":"10.12.159.23","jobName":"tf_train_new_input_query_slot_big_fea_size_daily","jobType":"JOB","monitorUrl":"http://monitor.ml.didiglobal.com/d/a6nrotRvz/lts-pods?refresh=5m&orgId=1&var-datasource=prometheus&var-container=All&from=1781622905000&to=1781623300000&var-namespace=100003-ns&var-pod=k8s-job-9pyzxy-1781622905867","project":{"desc":"国际化外卖","projectId":100003,"projectName":"Food-MP-Strategy","userName":"lijianli","uuid":"1b108a55ac6c4893bb427c6efa0a80d5"},"region":"nmg01","resource":{"cpuCount":12,"desc":"1GPU/45G/12CPU/64G","gpuCount":48,"groupName":"PRO_JOB","memCount":64,"name":"生产1卡(L20)","tagId":"135","uuid":"8d053ced94df4883837eb91a1afa9a87"},"scriptPath":"/nfs/dataset-ofs-rank-ssl/chenpinyuan/tf_train/tf_train_new_input_query_slot_big_fea_size/train.sh","status":"succeeded","updateTime":1781623300000,"user":{"name":"chenpinyuan","uuid":"fb8b6210117a4930b598581b5a1da5fa"}},"msg":"success"}'
+ RAW_STATUS=succeeded
++ echo succeeded
++ tr '[:lower:]' '[:upper:]'
+ STATUS=SUCCEEDED
+ [[ SUCCEEDED == \S\U\C\C\E\E\D\E\D ]]
+ echo success
success
+ break
+ echo 'Job done.'
Job done.
+ cleanup
+ rm -f my_job.lock
=== 2026-06-16 23:25:01 ===
submit_luban.sh: line 3: /home/luban/.bash_profile: No such file or directory
+ set -e
+ LOCK_FILE=my_job.lock
+ '[' -f my_job.lock ']'
+ echo 736325
+ trap cleanup EXIT
+ echo 'Start job...'
Start job...
+ CONF_FILE=./common.conf
+ ckpt_day=20260615
+ : 1
+ '[' 1 -eq 1 ']'
++ date +%Y%m%d
+ current_date=20260616
+ temp_date=20260616
+ max_days=20
+ found=0
+ eday=
++ date -d '20260615 +1 day' +%Y%m%d
+ bday=20260616
+ count=0
+ [[ 20260616 -ge 20260616 ]]
+ '[' 0 -ge 20 ']'
+ done_file_path=hdfs://DClusterUS1/user/prod_soda_trade_strategy/rank/zhangshuai/MX/mew_sam/data_df_all//20260616/_SUCCESS
+ /usr/local/hadoop-current/bin/hadoop fs -test -e hdfs://DClusterUS1/user/prod_soda_trade_strategy/rank/zhangshuai/MX/mew_sam/data_df_all//20260616/_SUCCESS
++ date -d '20260616 -1 day' +%Y%m%d
+ temp_date=20260615
+ [[ 0 -ne 0 ]]
+ count=1
+ [[ 20260615 -ge 20260616 ]]
+ [[ 0 -eq 0 ]]
+ echo 'no ready day'
no ready day
+ exit 1
+ cleanup
+ rm -f my_job.lock
=== 2026-06-16 23:30:01 ===
submit_luban.sh: line 3: /home/luban/.bash_profile: No such file or directory
+ set -e
+ LOCK_FILE=my_job.lock
+ '[' -f my_job.lock ']'
+ echo 742379
+ trap cleanup EXIT
+ echo 'Start job...'
Start job...
+ CONF_FILE=./common.conf
+ ckpt_day=20260615
+ : 1
+ '[' 1 -eq 1 ']'
++ date +%Y%m%d
+ current_date=20260616
+ temp_date=20260616
+ max_days=20
+ found=0
+ eday=
++ date -d '20260615 +1 day' +%Y%m%d
+ bday=20260616
+ count=0
+ [[ 20260616 -ge 20260616 ]]
+ '[' 0 -ge 20 ']'
+ done_file_path=hdfs://DClusterUS1/user/prod_soda_trade_strategy/rank/zhangshuai/MX/mew_sam/data_df_all//20260616/_SUCCESS
+ /usr/local/hadoop-current/bin/hadoop fs -test -e hdfs://DClusterUS1/user/prod_soda_trade_strategy/rank/zhangshuai/MX/mew_sam/data_df_all//20260616/_SUCCESS
++ date -d '20260616 -1 day' +%Y%m%d
+ temp_date=20260615
+ [[ 0 -ne 0 ]]
+ count=1
+ [[ 20260615 -ge 20260616 ]]
+ [[ 0 -eq 0 ]]
+ echo 'no ready day'
no ready day
+ exit 1
+ cleanup
+ rm -f my_job.lock
=== 2026-06-16 23:35:01 ===
submit_luban.sh: line 3: /home/luban/.bash_profile: No such file or directory
+ set -e
+ LOCK_FILE=my_job.lock
+ '[' -f my_job.lock ']'
+ echo 748353
+ trap cleanup EXIT
+ echo 'Start job...'
Start job...
+ CONF_FILE=./common.conf
+ ckpt_day=20260615
+ : 1
+ '[' 1 -eq 1 ']'
++ date +%Y%m%d
+ current_date=20260616
+ temp_date=20260616
+ max_days=20
+ found=0
+ eday=
++ date -d '20260615 +1 day' +%Y%m%d
+ bday=20260616
+ count=0
+ [[ 20260616 -ge 20260616 ]]
+ '[' 0 -ge 20 ']'
+ done_file_path=hdfs://DClusterUS1/user/prod_soda_trade_strategy/rank/zhangshuai/MX/mew_sam/data_df_all//20260616/_SUCCESS
+ /usr/local/hadoop-current/bin/hadoop fs -test -e hdfs://DClusterUS1/user/prod_soda_trade_strategy/rank/zhangshuai/MX/mew_sam/data_df_all//20260616/_SUCCESS
++ date -d '20260616 -1 day' +%Y%m%d
+ temp_date=20260615
+ [[ 0 -ne 0 ]]
+ count=1
+ [[ 20260615 -ge 20260616 ]]
+ [[ 0 -eq 0 ]]
+ echo 'no ready day'
no ready day
+ exit 1
+ cleanup
+ rm -f my_job.lock
=== 2026-06-16 23:40:01 ===
submit_luban.sh: line 3: /home/luban/.bash_profile: No such file or directory
+ set -e
+ LOCK_FILE=my_job.lock
+ '[' -f my_job.lock ']'
+ echo 754298
+ trap cleanup EXIT
+ echo 'Start job...'
Start job...
+ CONF_FILE=./common.conf
+ ckpt_day=20260615
+ : 1
+ '[' 1 -eq 1 ']'
++ date +%Y%m%d
+ current_date=20260616
+ temp_date=20260616
+ max_days=20
+ found=0
+ eday=
++ date -d '20260615 +1 day' +%Y%m%d
+ bday=20260616
+ count=0
+ [[ 20260616 -ge 20260616 ]]
+ '[' 0 -ge 20 ']'
+ done_file_path=hdfs://DClusterUS1/user/prod_soda_trade_strategy/rank/zhangshuai/MX/mew_sam/data_df_all//20260616/_SUCCESS
+ /usr/local/hadoop-current/bin/hadoop fs -test -e hdfs://DClusterUS1/user/prod_soda_trade_strategy/rank/zhangshuai/MX/mew_sam/data_df_all//20260616/_SUCCESS
++ date -d '20260616 -1 day' +%Y%m%d
+ temp_date=20260615
+ [[ 0 -ne 0 ]]
+ count=1
+ [[ 20260615 -ge 20260616 ]]
+ [[ 0 -eq 0 ]]
+ echo 'no ready day'
no ready day
+ exit 1
+ cleanup
+ rm -f my_job.lock
=== 2026-06-16 23:45:01 ===
submit_luban.sh: line 3: /home/luban/.bash_profile: No such file or directory
+ set -e
+ LOCK_FILE=my_job.lock
+ '[' -f my_job.lock ']'
+ echo 760371
+ trap cleanup EXIT
+ echo 'Start job...'
Start job...
+ CONF_FILE=./common.conf
+ ckpt_day=20260615
+ : 1
+ '[' 1 -eq 1 ']'
++ date +%Y%m%d
+ current_date=20260616
+ temp_date=20260616
+ max_days=20
+ found=0
+ eday=
++ date -d '20260615 +1 day' +%Y%m%d
+ bday=20260616
+ count=0
+ [[ 20260616 -ge 20260616 ]]
+ '[' 0 -ge 20 ']'
+ done_file_path=hdfs://DClusterUS1/user/prod_soda_trade_strategy/rank/zhangshuai/MX/mew_sam/data_df_all//20260616/_SUCCESS
+ /usr/local/hadoop-current/bin/hadoop fs -test -e hdfs://DClusterUS1/user/prod_soda_trade_strategy/rank/zhangshuai/MX/mew_sam/data_df_all//20260616/_SUCCESS
++ date -d '20260616 -1 day' +%Y%m%d
+ temp_date=20260615
+ [[ 0 -ne 0 ]]
+ count=1
+ [[ 20260615 -ge 20260616 ]]
+ [[ 0 -eq 0 ]]
+ echo 'no ready day'
no ready day
+ exit 1
+ cleanup
+ rm -f my_job.lock
=== 2026-06-16 23:50:01 ===
submit_luban.sh: line 3: /home/luban/.bash_profile: No such file or directory
+ set -e
+ LOCK_FILE=my_job.lock
+ '[' -f my_job.lock ']'
+ echo 766356
+ trap cleanup EXIT
+ echo 'Start job...'
Start job...
+ CONF_FILE=./common.conf
+ ckpt_day=20260615
+ : 1
+ '[' 1 -eq 1 ']'
++ date +%Y%m%d
+ current_date=20260616
+ temp_date=20260616
+ max_days=20
+ found=0
+ eday=
++ date -d '20260615 +1 day' +%Y%m%d
+ bday=20260616
+ count=0
+ [[ 20260616 -ge 20260616 ]]
+ '[' 0 -ge 20 ']'
+ done_file_path=hdfs://DClusterUS1/user/prod_soda_trade_strategy/rank/zhangshuai/MX/mew_sam/data_df_all//20260616/_SUCCESS
+ /usr/local/hadoop-current/bin/hadoop fs -test -e hdfs://DClusterUS1/user/prod_soda_trade_strategy/rank/zhangshuai/MX/mew_sam/data_df_all//20260616/_SUCCESS
++ date -d '20260616 -1 day' +%Y%m%d
+ temp_date=20260615
+ [[ 0 -ne 0 ]]
+ count=1
+ [[ 20260615 -ge 20260616 ]]
+ [[ 0 -eq 0 ]]
+ echo 'no ready day'
no ready day
+ exit 1
+ cleanup
+ rm -f my_job.lock
=== 2026-06-16 23:55:01 ===
submit_luban.sh: line 3: /home/luban/.bash_profile: No such file or directory
+ set -e
+ LOCK_FILE=my_job.lock
+ '[' -f my_job.lock ']'
+ echo 772437
+ trap cleanup EXIT
+ echo 'Start job...'
Start job...
+ CONF_FILE=./common.conf
+ ckpt_day=20260615
+ : 1
+ '[' 1 -eq 1 ']'
++ date +%Y%m%d
+ current_date=20260616
+ temp_date=20260616
+ max_days=20
+ found=0
+ eday=
++ date -d '20260615 +1 day' +%Y%m%d
+ bday=20260616
+ count=0
+ [[ 20260616 -ge 20260616 ]]
+ '[' 0 -ge 20 ']'
+ done_file_path=hdfs://DClusterUS1/user/prod_soda_trade_strategy/rank/zhangshuai/MX/mew_sam/data_df_all//20260616/_SUCCESS
+ /usr/local/hadoop-current/bin/hadoop fs -test -e hdfs://DClusterUS1/user/prod_soda_trade_strategy/rank/zhangshuai/MX/mew_sam/data_df_all//20260616/_SUCCESS
++ date -d '20260616 -1 day' +%Y%m%d
+ temp_date=20260615
+ [[ 0 -ne 0 ]]
+ count=1
+ [[ 20260615 -ge 20260616 ]]
+ [[ 0 -eq 0 ]]
+ echo 'no ready day'
no ready day
+ exit 1
+ cleanup
+ rm -f my_job.lock
=== 2026-06-17 00:00:01 ===
submit_luban.sh: line 3: /home/luban/.bash_profile: No such file or directory
+ set -e
+ LOCK_FILE=my_job.lock
+ '[' -f my_job.lock ']'
+ echo 778427
+ trap cleanup EXIT
+ echo 'Start job...'
Start job...
+ CONF_FILE=./common.conf
+ ckpt_day=20260615
+ : 1
+ '[' 1 -eq 1 ']'
++ date +%Y%m%d
+ current_date=20260617
+ temp_date=20260617
+ max_days=20
+ found=0
+ eday=
++ date -d '20260615 +1 day' +%Y%m%d
+ bday=20260616
+ count=0
+ [[ 20260617 -ge 20260616 ]]
+ '[' 0 -ge 20 ']'
+ done_file_path=hdfs://DClusterUS1/user/prod_soda_trade_strategy/rank/zhangshuai/MX/mew_sam/data_df_all//20260617/_SUCCESS
+ /usr/local/hadoop-current/bin/hadoop fs -test -e hdfs://DClusterUS1/user/prod_soda_trade_strategy/rank/zhangshuai/MX/mew_sam/data_df_all//20260617/_SUCCESS
++ date -d '20260617 -1 day' +%Y%m%d
+ temp_date=20260616
+ [[ 0 -ne 0 ]]
+ count=1
+ [[ 20260616 -ge 20260616 ]]
+ '[' 1 -ge 20 ']'
+ done_file_path=hdfs://DClusterUS1/user/prod_soda_trade_strategy/rank/zhangshuai/MX/mew_sam/data_df_all//20260616/_SUCCESS
+ /usr/local/hadoop-current/bin/hadoop fs -test -e hdfs://DClusterUS1/user/prod_soda_trade_strategy/rank/zhangshuai/MX/mew_sam/data_df_all//20260616/_SUCCESS
++ date -d '20260616 -1 day' +%Y%m%d
+ temp_date=20260615
+ [[ 0 -ne 0 ]]
+ count=2
+ [[ 20260615 -ge 20260616 ]]
+ [[ 0 -eq 0 ]]
+ echo 'no ready day'
no ready day
+ exit 1
+ cleanup
+ rm -f my_job.lock
=== 2026-06-17 00:05:01 ===
submit_luban.sh: line 3: /home/luban/.bash_profile: No such file or directory
+ set -e
+ LOCK_FILE=my_job.lock
+ '[' -f my_job.lock ']'
+ echo 784545
+ trap cleanup EXIT
+ echo 'Start job...'
Start job...
+ CONF_FILE=./common.conf
+ ckpt_day=20260615
+ : 1
+ '[' 1 -eq 1 ']'
++ date +%Y%m%d
+ current_date=20260617
+ temp_date=20260617
+ max_days=20
+ found=0
+ eday=
++ date -d '20260615 +1 day' +%Y%m%d
+ bday=20260616
+ count=0
+ [[ 20260617 -ge 20260616 ]]
+ '[' 0 -ge 20 ']'
+ done_file_path=hdfs://DClusterUS1/user/prod_soda_trade_strategy/rank/zhangshuai/MX/mew_sam/data_df_all//20260617/_SUCCESS
+ /usr/local/hadoop-current/bin/hadoop fs -test -e hdfs://DClusterUS1/user/prod_soda_trade_strategy/rank/zhangshuai/MX/mew_sam/data_df_all//20260617/_SUCCESS
++ date -d '20260617 -1 day' +%Y%m%d
+ temp_date=20260616
+ [[ 0 -ne 0 ]]
+ count=1
+ [[ 20260616 -ge 20260616 ]]
+ '[' 1 -ge 20 ']'
+ done_file_path=hdfs://DClusterUS1/user/prod_soda_trade_strategy/rank/zhangshuai/MX/mew_sam/data_df_all//20260616/_SUCCESS
+ /usr/local/hadoop-current/bin/hadoop fs -test -e hdfs://DClusterUS1/user/prod_soda_trade_strategy/rank/zhangshuai/MX/mew_sam/data_df_all//20260616/_SUCCESS
++ date -d '20260616 -1 day' +%Y%m%d
+ temp_date=20260615
+ [[ 0 -ne 0 ]]
+ count=2
+ [[ 20260615 -ge 20260616 ]]
+ [[ 0 -eq 0 ]]
+ echo 'no ready day'
no ready day
+ exit 1
+ cleanup
+ rm -f my_job.lock
=== 2026-06-17 00:10:01 ===
submit_luban.sh: line 3: /home/luban/.bash_profile: No such file or directory
+ set -e
+ LOCK_FILE=my_job.lock
+ '[' -f my_job.lock ']'
+ echo 790668
+ trap cleanup EXIT
+ echo 'Start job...'
Start job...
+ CONF_FILE=./common.conf
+ ckpt_day=20260615
+ : 1
+ '[' 1 -eq 1 ']'
++ date +%Y%m%d
+ current_date=20260617
+ temp_date=20260617
+ max_days=20
+ found=0
+ eday=
++ date -d '20260615 +1 day' +%Y%m%d
+ bday=20260616
+ count=0
+ [[ 20260617 -ge 20260616 ]]
+ '[' 0 -ge 20 ']'
+ done_file_path=hdfs://DClusterUS1/user/prod_soda_trade_strategy/rank/zhangshuai/MX/mew_sam/data_df_all//20260617/_SUCCESS
+ /usr/local/hadoop-current/bin/hadoop fs -test -e hdfs://DClusterUS1/user/prod_soda_trade_strategy/rank/zhangshuai/MX/mew_sam/data_df_all//20260617/_SUCCESS
++ date -d '20260617 -1 day' +%Y%m%d
+ temp_date=20260616
+ [[ 0 -ne 0 ]]
+ count=1
+ [[ 20260616 -ge 20260616 ]]
+ '[' 1 -ge 20 ']'
+ done_file_path=hdfs://DClusterUS1/user/prod_soda_trade_strategy/rank/zhangshuai/MX/mew_sam/data_df_all//20260616/_SUCCESS
+ /usr/local/hadoop-current/bin/hadoop fs -test -e hdfs://DClusterUS1/user/prod_soda_trade_strategy/rank/zhangshuai/MX/mew_sam/data_df_all//20260616/_SUCCESS
++ date -d '20260616 -1 day' +%Y%m%d
+ temp_date=20260615
+ [[ 0 -ne 0 ]]
+ count=2
+ [[ 20260615 -ge 20260616 ]]
+ [[ 0 -eq 0 ]]
+ echo 'no ready day'
no ready day
+ exit 1
+ cleanup
+ rm -f my_job.lock
=== 2026-06-17 00:15:01 ===
submit_luban.sh: line 3: /home/luban/.bash_profile: No such file or directory
+ set -e
+ LOCK_FILE=my_job.lock
+ '[' -f my_job.lock ']'
+ echo 796786
+ trap cleanup EXIT
+ echo 'Start job...'
Start job...
+ CONF_FILE=./common.conf
+ ckpt_day=20260615
+ : 1
+ '[' 1 -eq 1 ']'
++ date +%Y%m%d
+ current_date=20260617
+ temp_date=20260617
+ max_days=20
+ found=0
+ eday=
++ date -d '20260615 +1 day' +%Y%m%d
+ bday=20260616
+ count=0
+ [[ 20260617 -ge 20260616 ]]
+ '[' 0 -ge 20 ']'
+ done_file_path=hdfs://DClusterUS1/user/prod_soda_trade_strategy/rank/zhangshuai/MX/mew_sam/data_df_all//20260617/_SUCCESS
+ /usr/local/hadoop-current/bin/hadoop fs -test -e hdfs://DClusterUS1/user/prod_soda_trade_strategy/rank/zhangshuai/MX/mew_sam/data_df_all//20260617/_SUCCESS
++ date -d '20260617 -1 day' +%Y%m%d
+ temp_date=20260616
+ [[ 0 -ne 0 ]]
+ count=1
+ [[ 20260616 -ge 20260616 ]]
+ '[' 1 -ge 20 ']'
+ done_file_path=hdfs://DClusterUS1/user/prod_soda_trade_strategy/rank/zhangshuai/MX/mew_sam/data_df_all//20260616/_SUCCESS
+ /usr/local/hadoop-current/bin/hadoop fs -test -e hdfs://DClusterUS1/user/prod_soda_trade_strategy/rank/zhangshuai/MX/mew_sam/data_df_all//20260616/_SUCCESS
++ date -d '20260616 -1 day' +%Y%m%d
+ temp_date=20260615
+ [[ 0 -ne 0 ]]
+ count=2
+ [[ 20260615 -ge 20260616 ]]
+ [[ 0 -eq 0 ]]
+ echo 'no ready day'
no ready day
+ exit 1
+ cleanup
+ rm -f my_job.lock
=== 2026-06-17 00:20:01 ===
submit_luban.sh: line 3: /home/luban/.bash_profile: No such file or directory
+ set -e
+ LOCK_FILE=my_job.lock
+ '[' -f my_job.lock ']'
+ echo 803339
+ trap cleanup EXIT
+ echo 'Start job...'
Start job...
+ CONF_FILE=./common.conf
+ ckpt_day=20260615
+ : 1
+ '[' 1 -eq 1 ']'
++ date +%Y%m%d
+ current_date=20260617
+ temp_date=20260617
+ max_days=20
+ found=0
+ eday=
++ date -d '20260615 +1 day' +%Y%m%d
+ bday=20260616
+ count=0
+ [[ 20260617 -ge 20260616 ]]
+ '[' 0 -ge 20 ']'
+ done_file_path=hdfs://DClusterUS1/user/prod_soda_trade_strategy/rank/zhangshuai/MX/mew_sam/data_df_all//20260617/_SUCCESS
+ /usr/local/hadoop-current/bin/hadoop fs -test -e hdfs://DClusterUS1/user/prod_soda_trade_strategy/rank/zhangshuai/MX/mew_sam/data_df_all//20260617/_SUCCESS
++ date -d '20260617 -1 day' +%Y%m%d
+ temp_date=20260616
+ [[ 0 -ne 0 ]]
+ count=1
+ [[ 20260616 -ge 20260616 ]]
+ '[' 1 -ge 20 ']'
+ done_file_path=hdfs://DClusterUS1/user/prod_soda_trade_strategy/rank/zhangshuai/MX/mew_sam/data_df_all//20260616/_SUCCESS
+ /usr/local/hadoop-current/bin/hadoop fs -test -e hdfs://DClusterUS1/user/prod_soda_trade_strategy/rank/zhangshuai/MX/mew_sam/data_df_all//20260616/_SUCCESS
++ date -d '20260616 -1 day' +%Y%m%d
+ temp_date=20260615
+ [[ 0 -ne 0 ]]
+ count=2
+ [[ 20260615 -ge 20260616 ]]
+ [[ 0 -eq 0 ]]
+ echo 'no ready day'
no ready day
+ exit 1
+ cleanup
+ rm -f my_job.lock
=== 2026-06-17 00:25:01 ===
submit_luban.sh: line 3: /home/luban/.bash_profile: No such file or directory
+ set -e
+ LOCK_FILE=my_job.lock
+ '[' -f my_job.lock ']'
+ echo 809469
+ trap cleanup EXIT
+ echo 'Start job...'
Start job...
+ CONF_FILE=./common.conf
+ ckpt_day=20260615
+ : 1
+ '[' 1 -eq 1 ']'
++ date +%Y%m%d
+ current_date=20260617
+ temp_date=20260617
+ max_days=20
+ found=0
+ eday=
++ date -d '20260615 +1 day' +%Y%m%d
+ bday=20260616
+ count=0
+ [[ 20260617 -ge 20260616 ]]
+ '[' 0 -ge 20 ']'
+ done_file_path=hdfs://DClusterUS1/user/prod_soda_trade_strategy/rank/zhangshuai/MX/mew_sam/data_df_all//20260617/_SUCCESS
+ /usr/local/hadoop-current/bin/hadoop fs -test -e hdfs://DClusterUS1/user/prod_soda_trade_strategy/rank/zhangshuai/MX/mew_sam/data_df_all//20260617/_SUCCESS
++ date -d '20260617 -1 day' +%Y%m%d
+ temp_date=20260616
+ [[ 0 -ne 0 ]]
+ count=1
+ [[ 20260616 -ge 20260616 ]]
+ '[' 1 -ge 20 ']'
+ done_file_path=hdfs://DClusterUS1/user/prod_soda_trade_strategy/rank/zhangshuai/MX/mew_sam/data_df_all//20260616/_SUCCESS
+ /usr/local/hadoop-current/bin/hadoop fs -test -e hdfs://DClusterUS1/user/prod_soda_trade_strategy/rank/zhangshuai/MX/mew_sam/data_df_all//20260616/_SUCCESS
++ date -d '20260616 -1 day' +%Y%m%d
+ temp_date=20260615
+ [[ 0 -ne 0 ]]
+ count=2
+ [[ 20260615 -ge 20260616 ]]
+ [[ 0 -eq 0 ]]
+ echo 'no ready day'
no ready day
+ exit 1
+ cleanup
+ rm -f my_job.lock
=== 2026-06-17 00:30:01 ===
submit_luban.sh: line 3: /home/luban/.bash_profile: No such file or directory
+ set -e
+ LOCK_FILE=my_job.lock
+ '[' -f my_job.lock ']'
+ echo 815590
+ trap cleanup EXIT
+ echo 'Start job...'
Start job...
+ CONF_FILE=./common.conf
+ ckpt_day=20260615
+ : 1
+ '[' 1 -eq 1 ']'
++ date +%Y%m%d
+ current_date=20260617
+ temp_date=20260617
+ max_days=20
+ found=0
+ eday=
++ date -d '20260615 +1 day' +%Y%m%d
+ bday=20260616
+ count=0
+ [[ 20260617 -ge 20260616 ]]
+ '[' 0 -ge 20 ']'
+ done_file_path=hdfs://DClusterUS1/user/prod_soda_trade_strategy/rank/zhangshuai/MX/mew_sam/data_df_all//20260617/_SUCCESS
+ /usr/local/hadoop-current/bin/hadoop fs -test -e hdfs://DClusterUS1/user/prod_soda_trade_strategy/rank/zhangshuai/MX/mew_sam/data_df_all//20260617/_SUCCESS
++ date -d '20260617 -1 day' +%Y%m%d
+ temp_date=20260616
+ [[ 0 -ne 0 ]]
+ count=1
+ [[ 20260616 -ge 20260616 ]]
+ '[' 1 -ge 20 ']'
+ done_file_path=hdfs://DClusterUS1/user/prod_soda_trade_strategy/rank/zhangshuai/MX/mew_sam/data_df_all//20260616/_SUCCESS
+ /usr/local/hadoop-current/bin/hadoop fs -test -e hdfs://DClusterUS1/user/prod_soda_trade_strategy/rank/zhangshuai/MX/mew_sam/data_df_all//20260616/_SUCCESS
++ date -d '20260616 -1 day' +%Y%m%d
+ temp_date=20260615
+ [[ 0 -ne 0 ]]
+ count=2
+ [[ 20260615 -ge 20260616 ]]
+ [[ 0 -eq 0 ]]
+ echo 'no ready day'
no ready day
+ exit 1
+ cleanup
+ rm -f my_job.lock
=== 2026-06-17 00:35:01 ===
submit_luban.sh: line 3: /home/luban/.bash_profile: No such file or directory
+ set -e
+ LOCK_FILE=my_job.lock
+ '[' -f my_job.lock ']'
+ echo 821697
+ trap cleanup EXIT
+ echo 'Start job...'
Start job...
+ CONF_FILE=./common.conf
+ ckpt_day=20260615
+ : 1
+ '[' 1 -eq 1 ']'
++ date +%Y%m%d
+ current_date=20260617
+ temp_date=20260617
+ max_days=20
+ found=0
+ eday=
++ date -d '20260615 +1 day' +%Y%m%d
+ bday=20260616
+ count=0
+ [[ 20260617 -ge 20260616 ]]
+ '[' 0 -ge 20 ']'
+ done_file_path=hdfs://DClusterUS1/user/prod_soda_trade_strategy/rank/zhangshuai/MX/mew_sam/data_df_all//20260617/_SUCCESS
+ /usr/local/hadoop-current/bin/hadoop fs -test -e hdfs://DClusterUS1/user/prod_soda_trade_strategy/rank/zhangshuai/MX/mew_sam/data_df_all//20260617/_SUCCESS
++ date -d '20260617 -1 day' +%Y%m%d
+ temp_date=20260616
+ [[ 0 -ne 0 ]]
+ count=1
+ [[ 20260616 -ge 20260616 ]]
+ '[' 1 -ge 20 ']'
+ done_file_path=hdfs://DClusterUS1/user/prod_soda_trade_strategy/rank/zhangshuai/MX/mew_sam/data_df_all//20260616/_SUCCESS
+ /usr/local/hadoop-current/bin/hadoop fs -test -e hdfs://DClusterUS1/user/prod_soda_trade_strategy/rank/zhangshuai/MX/mew_sam/data_df_all//20260616/_SUCCESS
++ date -d '20260616 -1 day' +%Y%m%d
+ temp_date=20260615
+ [[ 0 -ne 0 ]]
+ count=2
+ [[ 20260615 -ge 20260616 ]]
+ [[ 0 -eq 0 ]]
+ echo 'no ready day'
no ready day
+ exit 1
+ cleanup
+ rm -f my_job.lock
=== 2026-06-17 00:40:01 ===
submit_luban.sh: line 3: /home/luban/.bash_profile: No such file or directory
+ set -e
+ LOCK_FILE=my_job.lock
+ '[' -f my_job.lock ']'
+ echo 827827
+ trap cleanup EXIT
+ echo 'Start job...'
Start job...
+ CONF_FILE=./common.conf
+ ckpt_day=20260615
+ : 1
+ '[' 1 -eq 1 ']'
++ date +%Y%m%d
+ current_date=20260617
+ temp_date=20260617
+ max_days=20
+ found=0
+ eday=
++ date -d '20260615 +1 day' +%Y%m%d
+ bday=20260616
+ count=0
+ [[ 20260617 -ge 20260616 ]]
+ '[' 0 -ge 20 ']'
+ done_file_path=hdfs://DClusterUS1/user/prod_soda_trade_strategy/rank/zhangshuai/MX/mew_sam/data_df_all//20260617/_SUCCESS
+ /usr/local/hadoop-current/bin/hadoop fs -test -e hdfs://DClusterUS1/user/prod_soda_trade_strategy/rank/zhangshuai/MX/mew_sam/data_df_all//20260617/_SUCCESS
++ date -d '20260617 -1 day' +%Y%m%d
+ temp_date=20260616
+ [[ 0 -ne 0 ]]
+ count=1
+ [[ 20260616 -ge 20260616 ]]
+ '[' 1 -ge 20 ']'
+ done_file_path=hdfs://DClusterUS1/user/prod_soda_trade_strategy/rank/zhangshuai/MX/mew_sam/data_df_all//20260616/_SUCCESS
+ /usr/local/hadoop-current/bin/hadoop fs -test -e hdfs://DClusterUS1/user/prod_soda_trade_strategy/rank/zhangshuai/MX/mew_sam/data_df_all//20260616/_SUCCESS
++ date -d '20260616 -1 day' +%Y%m%d
+ temp_date=20260615
+ [[ 0 -ne 0 ]]
+ count=2
+ [[ 20260615 -ge 20260616 ]]
+ [[ 0 -eq 0 ]]
+ echo 'no ready day'
no ready day
+ exit 1
+ cleanup
+ rm -f my_job.lock
=== 2026-06-17 00:45:01 ===
submit_luban.sh: line 3: /home/luban/.bash_profile: No such file or directory
+ set -e
+ LOCK_FILE=my_job.lock
+ '[' -f my_job.lock ']'
+ echo 834648
+ trap cleanup EXIT
+ echo 'Start job...'
Start job...
+ CONF_FILE=./common.conf
+ ckpt_day=20260615
+ : 1
+ '[' 1 -eq 1 ']'
++ date +%Y%m%d
+ current_date=20260617
+ temp_date=20260617
+ max_days=20
+ found=0
+ eday=
++ date -d '20260615 +1 day' +%Y%m%d
+ bday=20260616
+ count=0
+ [[ 20260617 -ge 20260616 ]]
+ '[' 0 -ge 20 ']'
+ done_file_path=hdfs://DClusterUS1/user/prod_soda_trade_strategy/rank/zhangshuai/MX/mew_sam/data_df_all//20260617/_SUCCESS
+ /usr/local/hadoop-current/bin/hadoop fs -test -e hdfs://DClusterUS1/user/prod_soda_trade_strategy/rank/zhangshuai/MX/mew_sam/data_df_all//20260617/_SUCCESS
++ date -d '20260617 -1 day' +%Y%m%d
+ temp_date=20260616
+ [[ 0 -ne 0 ]]
+ count=1
+ [[ 20260616 -ge 20260616 ]]
+ '[' 1 -ge 20 ']'
+ done_file_path=hdfs://DClusterUS1/user/prod_soda_trade_strategy/rank/zhangshuai/MX/mew_sam/data_df_all//20260616/_SUCCESS
+ /usr/local/hadoop-current/bin/hadoop fs -test -e hdfs://DClusterUS1/user/prod_soda_trade_strategy/rank/zhangshuai/MX/mew_sam/data_df_all//20260616/_SUCCESS
++ date -d '20260616 -1 day' +%Y%m%d
+ temp_date=20260615
+ [[ 0 -ne 0 ]]
+ count=2
+ [[ 20260615 -ge 20260616 ]]
+ [[ 0 -eq 0 ]]
+ echo 'no ready day'
no ready day
+ exit 1
+ cleanup
+ rm -f my_job.lock
=== 2026-06-17 00:50:01 ===
submit_luban.sh: line 3: /home/luban/.bash_profile: No such file or directory
+ set -e
+ LOCK_FILE=my_job.lock
+ '[' -f my_job.lock ']'
+ echo 840756
+ trap cleanup EXIT
+ echo 'Start job...'
Start job...
+ CONF_FILE=./common.conf
+ ckpt_day=20260615
+ : 1
+ '[' 1 -eq 1 ']'
++ date +%Y%m%d
+ current_date=20260617
+ temp_date=20260617
+ max_days=20
+ found=0
+ eday=
++ date -d '20260615 +1 day' +%Y%m%d
+ bday=20260616
+ count=0
+ [[ 20260617 -ge 20260616 ]]
+ '[' 0 -ge 20 ']'
+ done_file_path=hdfs://DClusterUS1/user/prod_soda_trade_strategy/rank/zhangshuai/MX/mew_sam/data_df_all//20260617/_SUCCESS
+ /usr/local/hadoop-current/bin/hadoop fs -test -e hdfs://DClusterUS1/user/prod_soda_trade_strategy/rank/zhangshuai/MX/mew_sam/data_df_all//20260617/_SUCCESS
++ date -d '20260617 -1 day' +%Y%m%d
+ temp_date=20260616
+ [[ 0 -ne 0 ]]
+ count=1
+ [[ 20260616 -ge 20260616 ]]
+ '[' 1 -ge 20 ']'
+ done_file_path=hdfs://DClusterUS1/user/prod_soda_trade_strategy/rank/zhangshuai/MX/mew_sam/data_df_all//20260616/_SUCCESS
+ /usr/local/hadoop-current/bin/hadoop fs -test -e hdfs://DClusterUS1/user/prod_soda_trade_strategy/rank/zhangshuai/MX/mew_sam/data_df_all//20260616/_SUCCESS
++ date -d '20260616 -1 day' +%Y%m%d
+ temp_date=20260615
+ [[ 0 -ne 0 ]]
+ count=2
+ [[ 20260615 -ge 20260616 ]]
+ [[ 0 -eq 0 ]]
+ echo 'no ready day'
no ready day
+ exit 1
+ cleanup
+ rm -f my_job.lock
=== 2026-06-17 00:55:01 ===
submit_luban.sh: line 3: /home/luban/.bash_profile: No such file or directory
+ set -e
+ LOCK_FILE=my_job.lock
+ '[' -f my_job.lock ']'
+ echo 846884
+ trap cleanup EXIT
+ echo 'Start job...'
Start job...
+ CONF_FILE=./common.conf
+ ckpt_day=20260615
+ : 1
+ '[' 1 -eq 1 ']'
++ date +%Y%m%d
+ current_date=20260617
+ temp_date=20260617
+ max_days=20
+ found=0
+ eday=
++ date -d '20260615 +1 day' +%Y%m%d
+ bday=20260616
+ count=0
+ [[ 20260617 -ge 20260616 ]]
+ '[' 0 -ge 20 ']'
+ done_file_path=hdfs://DClusterUS1/user/prod_soda_trade_strategy/rank/zhangshuai/MX/mew_sam/data_df_all//20260617/_SUCCESS
+ /usr/local/hadoop-current/bin/hadoop fs -test -e hdfs://DClusterUS1/user/prod_soda_trade_strategy/rank/zhangshuai/MX/mew_sam/data_df_all//20260617/_SUCCESS
++ date -d '20260617 -1 day' +%Y%m%d
+ temp_date=20260616
+ [[ 0 -ne 0 ]]
+ count=1
+ [[ 20260616 -ge 20260616 ]]
+ '[' 1 -ge 20 ']'
+ done_file_path=hdfs://DClusterUS1/user/prod_soda_trade_strategy/rank/zhangshuai/MX/mew_sam/data_df_all//20260616/_SUCCESS
+ /usr/local/hadoop-current/bin/hadoop fs -test -e hdfs://DClusterUS1/user/prod_soda_trade_strategy/rank/zhangshuai/MX/mew_sam/data_df_all//20260616/_SUCCESS
++ date -d '20260616 -1 day' +%Y%m%d
+ temp_date=20260615
+ [[ 0 -ne 0 ]]
+ count=2
+ [[ 20260615 -ge 20260616 ]]
+ [[ 0 -eq 0 ]]
+ echo 'no ready day'
no ready day
+ exit 1
+ cleanup
+ rm -f my_job.lock
=== 2026-06-17 01:00:01 ===
submit_luban.sh: line 3: /home/luban/.bash_profile: No such file or directory
+ set -e
+ LOCK_FILE=my_job.lock
+ '[' -f my_job.lock ']'
+ echo 853578
+ trap cleanup EXIT
+ echo 'Start job...'
Start job...
+ CONF_FILE=./common.conf
+ ckpt_day=20260615
+ : 1
+ '[' 1 -eq 1 ']'
++ date +%Y%m%d
+ current_date=20260617
+ temp_date=20260617
+ max_days=20
+ found=0
+ eday=
++ date -d '20260615 +1 day' +%Y%m%d
+ bday=20260616
+ count=0
+ [[ 20260617 -ge 20260616 ]]
+ '[' 0 -ge 20 ']'
+ done_file_path=hdfs://DClusterUS1/user/prod_soda_trade_strategy/rank/zhangshuai/MX/mew_sam/data_df_all//20260617/_SUCCESS
+ /usr/local/hadoop-current/bin/hadoop fs -test -e hdfs://DClusterUS1/user/prod_soda_trade_strategy/rank/zhangshuai/MX/mew_sam/data_df_all//20260617/_SUCCESS
++ date -d '20260617 -1 day' +%Y%m%d
+ temp_date=20260616
+ [[ 0 -ne 0 ]]
+ count=1
+ [[ 20260616 -ge 20260616 ]]
+ '[' 1 -ge 20 ']'
+ done_file_path=hdfs://DClusterUS1/user/prod_soda_trade_strategy/rank/zhangshuai/MX/mew_sam/data_df_all//20260616/_SUCCESS
+ /usr/local/hadoop-current/bin/hadoop fs -test -e hdfs://DClusterUS1/user/prod_soda_trade_strategy/rank/zhangshuai/MX/mew_sam/data_df_all//20260616/_SUCCESS
++ date -d '20260616 -1 day' +%Y%m%d
+ temp_date=20260615
+ [[ 0 -ne 0 ]]
+ count=2
+ [[ 20260615 -ge 20260616 ]]
+ [[ 0 -eq 0 ]]
+ echo 'no ready day'
no ready day
+ exit 1
+ cleanup
+ rm -f my_job.lock
=== 2026-06-17 01:05:01 ===
submit_luban.sh: line 3: /home/luban/.bash_profile: No such file or directory
+ set -e
+ LOCK_FILE=my_job.lock
+ '[' -f my_job.lock ']'
+ echo 859695
+ trap cleanup EXIT
+ echo 'Start job...'
Start job...
+ CONF_FILE=./common.conf
+ ckpt_day=20260615
+ : 1
+ '[' 1 -eq 1 ']'
++ date +%Y%m%d
+ current_date=20260617
+ temp_date=20260617
+ max_days=20
+ found=0
+ eday=
++ date -d '20260615 +1 day' +%Y%m%d
+ bday=20260616
+ count=0
+ [[ 20260617 -ge 20260616 ]]
+ '[' 0 -ge 20 ']'
+ done_file_path=hdfs://DClusterUS1/user/prod_soda_trade_strategy/rank/zhangshuai/MX/mew_sam/data_df_all//20260617/_SUCCESS
+ /usr/local/hadoop-current/bin/hadoop fs -test -e hdfs://DClusterUS1/user/prod_soda_trade_strategy/rank/zhangshuai/MX/mew_sam/data_df_all//20260617/_SUCCESS
++ date -d '20260617 -1 day' +%Y%m%d
+ temp_date=20260616
+ [[ 0 -ne 0 ]]
+ count=1
+ [[ 20260616 -ge 20260616 ]]
+ '[' 1 -ge 20 ']'
+ done_file_path=hdfs://DClusterUS1/user/prod_soda_trade_strategy/rank/zhangshuai/MX/mew_sam/data_df_all//20260616/_SUCCESS
+ /usr/local/hadoop-current/bin/hadoop fs -test -e hdfs://DClusterUS1/user/prod_soda_trade_strategy/rank/zhangshuai/MX/mew_sam/data_df_all//20260616/_SUCCESS
++ date -d '20260616 -1 day' +%Y%m%d
+ temp_date=20260615
+ [[ 0 -ne 0 ]]
+ count=2
+ [[ 20260615 -ge 20260616 ]]
+ [[ 0 -eq 0 ]]
+ echo 'no ready day'
no ready day
+ exit 1
+ cleanup
+ rm -f my_job.lock
=== 2026-06-17 01:10:01 ===
submit_luban.sh: line 3: /home/luban/.bash_profile: No such file or directory
+ set -e
+ LOCK_FILE=my_job.lock
+ '[' -f my_job.lock ']'
+ echo 865808
+ trap cleanup EXIT
+ echo 'Start job...'
Start job...
+ CONF_FILE=./common.conf
+ ckpt_day=20260615
+ : 1
+ '[' 1 -eq 1 ']'
++ date +%Y%m%d
+ current_date=20260617
+ temp_date=20260617
+ max_days=20
+ found=0
+ eday=
++ date -d '20260615 +1 day' +%Y%m%d
+ bday=20260616
+ count=0
+ [[ 20260617 -ge 20260616 ]]
+ '[' 0 -ge 20 ']'
+ done_file_path=hdfs://DClusterUS1/user/prod_soda_trade_strategy/rank/zhangshuai/MX/mew_sam/data_df_all//20260617/_SUCCESS
+ /usr/local/hadoop-current/bin/hadoop fs -test -e hdfs://DClusterUS1/user/prod_soda_trade_strategy/rank/zhangshuai/MX/mew_sam/data_df_all//20260617/_SUCCESS
++ date -d '20260617 -1 day' +%Y%m%d
+ temp_date=20260616
+ [[ 0 -ne 0 ]]
+ count=1
+ [[ 20260616 -ge 20260616 ]]
+ '[' 1 -ge 20 ']'
+ done_file_path=hdfs://DClusterUS1/user/prod_soda_trade_strategy/rank/zhangshuai/MX/mew_sam/data_df_all//20260616/_SUCCESS
+ /usr/local/hadoop-current/bin/hadoop fs -test -e hdfs://DClusterUS1/user/prod_soda_trade_strategy/rank/zhangshuai/MX/mew_sam/data_df_all//20260616/_SUCCESS
++ date -d '20260616 -1 day' +%Y%m%d
+ temp_date=20260615
+ [[ 0 -ne 0 ]]
+ count=2
+ [[ 20260615 -ge 20260616 ]]
+ [[ 0 -eq 0 ]]
+ echo 'no ready day'
no ready day
+ exit 1
+ cleanup
+ rm -f my_job.lock
=== 2026-06-17 01:15:01 ===
submit_luban.sh: line 3: /home/luban/.bash_profile: No such file or directory
+ set -e
+ LOCK_FILE=my_job.lock
+ '[' -f my_job.lock ']'
+ echo 871912
+ trap cleanup EXIT
+ echo 'Start job...'
Start job...
+ CONF_FILE=./common.conf
+ ckpt_day=20260615
+ : 1
+ '[' 1 -eq 1 ']'
++ date +%Y%m%d
+ current_date=20260617
+ temp_date=20260617
+ max_days=20
+ found=0
+ eday=
++ date -d '20260615 +1 day' +%Y%m%d
+ bday=20260616
+ count=0
+ [[ 20260617 -ge 20260616 ]]
+ '[' 0 -ge 20 ']'
+ done_file_path=hdfs://DClusterUS1/user/prod_soda_trade_strategy/rank/zhangshuai/MX/mew_sam/data_df_all//20260617/_SUCCESS
+ /usr/local/hadoop-current/bin/hadoop fs -test -e hdfs://DClusterUS1/user/prod_soda_trade_strategy/rank/zhangshuai/MX/mew_sam/data_df_all//20260617/_SUCCESS
++ date -d '20260617 -1 day' +%Y%m%d
+ temp_date=20260616
+ [[ 0 -ne 0 ]]
+ count=1
+ [[ 20260616 -ge 20260616 ]]
+ '[' 1 -ge 20 ']'
+ done_file_path=hdfs://DClusterUS1/user/prod_soda_trade_strategy/rank/zhangshuai/MX/mew_sam/data_df_all//20260616/_SUCCESS
+ /usr/local/hadoop-current/bin/hadoop fs -test -e hdfs://DClusterUS1/user/prod_soda_trade_strategy/rank/zhangshuai/MX/mew_sam/data_df_all//20260616/_SUCCESS
++ date -d '20260616 -1 day' +%Y%m%d
+ temp_date=20260615
+ [[ 0 -ne 0 ]]
+ count=2
+ [[ 20260615 -ge 20260616 ]]
+ [[ 0 -eq 0 ]]
+ echo 'no ready day'
no ready day
+ exit 1
+ cleanup
+ rm -f my_job.lock
=== 2026-06-17 01:20:01 ===
submit_luban.sh: line 3: /home/luban/.bash_profile: No such file or directory
+ set -e
+ LOCK_FILE=my_job.lock
+ '[' -f my_job.lock ']'
+ echo 877998
+ trap cleanup EXIT
+ echo 'Start job...'
Start job...
+ CONF_FILE=./common.conf
+ ckpt_day=20260615
+ : 1
+ '[' 1 -eq 1 ']'
++ date +%Y%m%d
+ current_date=20260617
+ temp_date=20260617
+ max_days=20
+ found=0
+ eday=
++ date -d '20260615 +1 day' +%Y%m%d
+ bday=20260616
+ count=0
+ [[ 20260617 -ge 20260616 ]]
+ '[' 0 -ge 20 ']'
+ done_file_path=hdfs://DClusterUS1/user/prod_soda_trade_strategy/rank/zhangshuai/MX/mew_sam/data_df_all//20260617/_SUCCESS
+ /usr/local/hadoop-current/bin/hadoop fs -test -e hdfs://DClusterUS1/user/prod_soda_trade_strategy/rank/zhangshuai/MX/mew_sam/data_df_all//20260617/_SUCCESS
++ date -d '20260617 -1 day' +%Y%m%d
+ temp_date=20260616
+ [[ 0 -ne 0 ]]
+ count=1
+ [[ 20260616 -ge 20260616 ]]
+ '[' 1 -ge 20 ']'
+ done_file_path=hdfs://DClusterUS1/user/prod_soda_trade_strategy/rank/zhangshuai/MX/mew_sam/data_df_all//20260616/_SUCCESS
+ /usr/local/hadoop-current/bin/hadoop fs -test -e hdfs://DClusterUS1/user/prod_soda_trade_strategy/rank/zhangshuai/MX/mew_sam/data_df_all//20260616/_SUCCESS
++ date -d '20260616 -1 day' +%Y%m%d
+ temp_date=20260615
+ [[ 0 -ne 0 ]]
+ count=2
+ [[ 20260615 -ge 20260616 ]]
+ [[ 0 -eq 0 ]]
+ echo 'no ready day'
no ready day
+ exit 1
+ cleanup
+ rm -f my_job.lock
=== 2026-06-17 01:25:01 ===
submit_luban.sh: line 3: /home/luban/.bash_profile: No such file or directory
+ set -e
+ LOCK_FILE=my_job.lock
+ '[' -f my_job.lock ']'
+ echo 884120
+ trap cleanup EXIT
+ echo 'Start job...'
Start job...
+ CONF_FILE=./common.conf
+ ckpt_day=20260615
+ : 1
+ '[' 1 -eq 1 ']'
++ date +%Y%m%d
+ current_date=20260617
+ temp_date=20260617
+ max_days=20
+ found=0
+ eday=
++ date -d '20260615 +1 day' +%Y%m%d
+ bday=20260616
+ count=0
+ [[ 20260617 -ge 20260616 ]]
+ '[' 0 -ge 20 ']'
+ done_file_path=hdfs://DClusterUS1/user/prod_soda_trade_strategy/rank/zhangshuai/MX/mew_sam/data_df_all//20260617/_SUCCESS
+ /usr/local/hadoop-current/bin/hadoop fs -test -e hdfs://DClusterUS1/user/prod_soda_trade_strategy/rank/zhangshuai/MX/mew_sam/data_df_all//20260617/_SUCCESS
++ date -d '20260617 -1 day' +%Y%m%d
+ temp_date=20260616
+ [[ 0 -ne 0 ]]
+ count=1
+ [[ 20260616 -ge 20260616 ]]
+ '[' 1 -ge 20 ']'
+ done_file_path=hdfs://DClusterUS1/user/prod_soda_trade_strategy/rank/zhangshuai/MX/mew_sam/data_df_all//20260616/_SUCCESS
+ /usr/local/hadoop-current/bin/hadoop fs -test -e hdfs://DClusterUS1/user/prod_soda_trade_strategy/rank/zhangshuai/MX/mew_sam/data_df_all//20260616/_SUCCESS
++ date -d '20260616 -1 day' +%Y%m%d
+ temp_date=20260615
+ [[ 0 -ne 0 ]]
+ count=2
+ [[ 20260615 -ge 20260616 ]]
+ [[ 0 -eq 0 ]]
+ echo 'no ready day'
no ready day
+ exit 1
+ cleanup
+ rm -f my_job.lock
=== 2026-06-17 01:30:01 ===
submit_luban.sh: line 3: /home/luban/.bash_profile: No such file or directory
+ set -e
+ LOCK_FILE=my_job.lock
+ '[' -f my_job.lock ']'
+ echo 890227
+ trap cleanup EXIT
+ echo 'Start job...'
Start job...
+ CONF_FILE=./common.conf
+ ckpt_day=20260615
+ : 1
+ '[' 1 -eq 1 ']'
++ date +%Y%m%d
+ current_date=20260617
+ temp_date=20260617
+ max_days=20
+ found=0
+ eday=
++ date -d '20260615 +1 day' +%Y%m%d
+ bday=20260616
+ count=0
+ [[ 20260617 -ge 20260616 ]]
+ '[' 0 -ge 20 ']'
+ done_file_path=hdfs://DClusterUS1/user/prod_soda_trade_strategy/rank/zhangshuai/MX/mew_sam/data_df_all//20260617/_SUCCESS
+ /usr/local/hadoop-current/bin/hadoop fs -test -e hdfs://DClusterUS1/user/prod_soda_trade_strategy/rank/zhangshuai/MX/mew_sam/data_df_all//20260617/_SUCCESS
++ date -d '20260617 -1 day' +%Y%m%d
+ temp_date=20260616
+ [[ 0 -ne 0 ]]
+ count=1
+ [[ 20260616 -ge 20260616 ]]
+ '[' 1 -ge 20 ']'
+ done_file_path=hdfs://DClusterUS1/user/prod_soda_trade_strategy/rank/zhangshuai/MX/mew_sam/data_df_all//20260616/_SUCCESS
+ /usr/local/hadoop-current/bin/hadoop fs -test -e hdfs://DClusterUS1/user/prod_soda_trade_strategy/rank/zhangshuai/MX/mew_sam/data_df_all//20260616/_SUCCESS
++ date -d '20260616 -1 day' +%Y%m%d
+ temp_date=20260615
+ [[ 0 -ne 0 ]]
+ count=2
+ [[ 20260615 -ge 20260616 ]]
+ [[ 0 -eq 0 ]]
+ echo 'no ready day'
no ready day
+ exit 1
+ cleanup
+ rm -f my_job.lock
=== 2026-06-17 01:35:01 ===
submit_luban.sh: line 3: /home/luban/.bash_profile: No such file or directory
+ set -e
+ LOCK_FILE=my_job.lock
+ '[' -f my_job.lock ']'
+ echo 896343
+ trap cleanup EXIT
+ echo 'Start job...'
Start job...
+ CONF_FILE=./common.conf
+ ckpt_day=20260615
+ : 1
+ '[' 1 -eq 1 ']'
++ date +%Y%m%d
+ current_date=20260617
+ temp_date=20260617
+ max_days=20
+ found=0
+ eday=
++ date -d '20260615 +1 day' +%Y%m%d
+ bday=20260616
+ count=0
+ [[ 20260617 -ge 20260616 ]]
+ '[' 0 -ge 20 ']'
+ done_file_path=hdfs://DClusterUS1/user/prod_soda_trade_strategy/rank/zhangshuai/MX/mew_sam/data_df_all//20260617/_SUCCESS
+ /usr/local/hadoop-current/bin/hadoop fs -test -e hdfs://DClusterUS1/user/prod_soda_trade_strategy/rank/zhangshuai/MX/mew_sam/data_df_all//20260617/_SUCCESS
++ date -d '20260617 -1 day' +%Y%m%d
+ temp_date=20260616
+ [[ 0 -ne 0 ]]
+ count=1
+ [[ 20260616 -ge 20260616 ]]
+ '[' 1 -ge 20 ']'
+ done_file_path=hdfs://DClusterUS1/user/prod_soda_trade_strategy/rank/zhangshuai/MX/mew_sam/data_df_all//20260616/_SUCCESS
+ /usr/local/hadoop-current/bin/hadoop fs -test -e hdfs://DClusterUS1/user/prod_soda_trade_strategy/rank/zhangshuai/MX/mew_sam/data_df_all//20260616/_SUCCESS
++ date -d '20260616 -1 day' +%Y%m%d
+ temp_date=20260615
+ [[ 0 -ne 0 ]]
+ count=2
+ [[ 20260615 -ge 20260616 ]]
+ [[ 0 -eq 0 ]]
+ echo 'no ready day'
no ready day
+ exit 1
+ cleanup
+ rm -f my_job.lock
=== 2026-06-17 01:40:01 ===
submit_luban.sh: line 3: /home/luban/.bash_profile: No such file or directory
+ set -e
+ LOCK_FILE=my_job.lock
+ '[' -f my_job.lock ']'
+ echo 902460
+ trap cleanup EXIT
+ echo 'Start job...'
Start job...
+ CONF_FILE=./common.conf
+ ckpt_day=20260615
+ : 1
+ '[' 1 -eq 1 ']'
++ date +%Y%m%d
+ current_date=20260617
+ temp_date=20260617
+ max_days=20
+ found=0
+ eday=
++ date -d '20260615 +1 day' +%Y%m%d
+ bday=20260616
+ count=0
+ [[ 20260617 -ge 20260616 ]]
+ '[' 0 -ge 20 ']'
+ done_file_path=hdfs://DClusterUS1/user/prod_soda_trade_strategy/rank/zhangshuai/MX/mew_sam/data_df_all//20260617/_SUCCESS
+ /usr/local/hadoop-current/bin/hadoop fs -test -e hdfs://DClusterUS1/user/prod_soda_trade_strategy/rank/zhangshuai/MX/mew_sam/data_df_all//20260617/_SUCCESS
++ date -d '20260617 -1 day' +%Y%m%d
+ temp_date=20260616
+ [[ 0 -ne 0 ]]
+ count=1
+ [[ 20260616 -ge 20260616 ]]
+ '[' 1 -ge 20 ']'
+ done_file_path=hdfs://DClusterUS1/user/prod_soda_trade_strategy/rank/zhangshuai/MX/mew_sam/data_df_all//20260616/_SUCCESS
+ /usr/local/hadoop-current/bin/hadoop fs -test -e hdfs://DClusterUS1/user/prod_soda_trade_strategy/rank/zhangshuai/MX/mew_sam/data_df_all//20260616/_SUCCESS
++ date -d '20260616 -1 day' +%Y%m%d
+ temp_date=20260615
+ [[ 0 -ne 0 ]]
+ count=2
+ [[ 20260615 -ge 20260616 ]]
+ [[ 0 -eq 0 ]]
+ echo 'no ready day'
no ready day
+ exit 1
+ cleanup
+ rm -f my_job.lock
=== 2026-06-17 01:45:01 ===
submit_luban.sh: line 3: /home/luban/.bash_profile: No such file or directory
+ set -e
+ LOCK_FILE=my_job.lock
+ '[' -f my_job.lock ']'
+ echo 908576
+ trap cleanup EXIT
+ echo 'Start job...'
Start job...
+ CONF_FILE=./common.conf
+ ckpt_day=20260615
+ : 1
+ '[' 1 -eq 1 ']'
++ date +%Y%m%d
+ current_date=20260617
+ temp_date=20260617
+ max_days=20
+ found=0
+ eday=
++ date -d '20260615 +1 day' +%Y%m%d
+ bday=20260616
+ count=0
+ [[ 20260617 -ge 20260616 ]]
+ '[' 0 -ge 20 ']'
+ done_file_path=hdfs://DClusterUS1/user/prod_soda_trade_strategy/rank/zhangshuai/MX/mew_sam/data_df_all//20260617/_SUCCESS
+ /usr/local/hadoop-current/bin/hadoop fs -test -e hdfs://DClusterUS1/user/prod_soda_trade_strategy/rank/zhangshuai/MX/mew_sam/data_df_all//20260617/_SUCCESS
++ date -d '20260617 -1 day' +%Y%m%d
+ temp_date=20260616
+ [[ 0 -ne 0 ]]
+ count=1
+ [[ 20260616 -ge 20260616 ]]
+ '[' 1 -ge 20 ']'
+ done_file_path=hdfs://DClusterUS1/user/prod_soda_trade_strategy/rank/zhangshuai/MX/mew_sam/data_df_all//20260616/_SUCCESS
+ /usr/local/hadoop-current/bin/hadoop fs -test -e hdfs://DClusterUS1/user/prod_soda_trade_strategy/rank/zhangshuai/MX/mew_sam/data_df_all//20260616/_SUCCESS
++ date -d '20260616 -1 day' +%Y%m%d
+ temp_date=20260615
+ [[ 0 -ne 0 ]]
+ count=2
+ [[ 20260615 -ge 20260616 ]]
+ [[ 0 -eq 0 ]]
+ echo 'no ready day'
no ready day
+ exit 1
+ cleanup
+ rm -f my_job.lock
=== 2026-06-17 01:50:01 ===
submit_luban.sh: line 3: /home/luban/.bash_profile: No such file or directory
+ set -e
+ LOCK_FILE=my_job.lock
+ '[' -f my_job.lock ']'
+ echo 914702
+ trap cleanup EXIT
+ echo 'Start job...'
Start job...
+ CONF_FILE=./common.conf
+ ckpt_day=20260615
+ : 1
+ '[' 1 -eq 1 ']'
++ date +%Y%m%d
+ current_date=20260617
+ temp_date=20260617
+ max_days=20
+ found=0
+ eday=
++ date -d '20260615 +1 day' +%Y%m%d
+ bday=20260616
+ count=0
+ [[ 20260617 -ge 20260616 ]]
+ '[' 0 -ge 20 ']'
+ done_file_path=hdfs://DClusterUS1/user/prod_soda_trade_strategy/rank/zhangshuai/MX/mew_sam/data_df_all//20260617/_SUCCESS
+ /usr/local/hadoop-current/bin/hadoop fs -test -e hdfs://DClusterUS1/user/prod_soda_trade_strategy/rank/zhangshuai/MX/mew_sam/data_df_all//20260617/_SUCCESS
++ date -d '20260617 -1 day' +%Y%m%d
+ temp_date=20260616
+ [[ 0 -ne 0 ]]
+ count=1
+ [[ 20260616 -ge 20260616 ]]
+ '[' 1 -ge 20 ']'
+ done_file_path=hdfs://DClusterUS1/user/prod_soda_trade_strategy/rank/zhangshuai/MX/mew_sam/data_df_all//20260616/_SUCCESS
+ /usr/local/hadoop-current/bin/hadoop fs -test -e hdfs://DClusterUS1/user/prod_soda_trade_strategy/rank/zhangshuai/MX/mew_sam/data_df_all//20260616/_SUCCESS
++ date -d '20260616 -1 day' +%Y%m%d
+ temp_date=20260615
+ [[ 0 -ne 0 ]]
+ count=2
+ [[ 20260615 -ge 20260616 ]]
+ [[ 0 -eq 0 ]]
+ echo 'no ready day'
no ready day
+ exit 1
+ cleanup
+ rm -f my_job.lock
=== 2026-06-17 01:55:01 ===
submit_luban.sh: line 3: /home/luban/.bash_profile: No such file or directory
+ set -e
+ LOCK_FILE=my_job.lock
+ '[' -f my_job.lock ']'
+ echo 920817
+ trap cleanup EXIT
+ echo 'Start job...'
Start job...
+ CONF_FILE=./common.conf
+ ckpt_day=20260615
+ : 1
+ '[' 1 -eq 1 ']'
++ date +%Y%m%d
+ current_date=20260617
+ temp_date=20260617
+ max_days=20
+ found=0
+ eday=
++ date -d '20260615 +1 day' +%Y%m%d
+ bday=20260616
+ count=0
+ [[ 20260617 -ge 20260616 ]]
+ '[' 0 -ge 20 ']'
+ done_file_path=hdfs://DClusterUS1/user/prod_soda_trade_strategy/rank/zhangshuai/MX/mew_sam/data_df_all//20260617/_SUCCESS
+ /usr/local/hadoop-current/bin/hadoop fs -test -e hdfs://DClusterUS1/user/prod_soda_trade_strategy/rank/zhangshuai/MX/mew_sam/data_df_all//20260617/_SUCCESS
++ date -d '20260617 -1 day' +%Y%m%d
+ temp_date=20260616
+ [[ 0 -ne 0 ]]
+ count=1
+ [[ 20260616 -ge 20260616 ]]
+ '[' 1 -ge 20 ']'
+ done_file_path=hdfs://DClusterUS1/user/prod_soda_trade_strategy/rank/zhangshuai/MX/mew_sam/data_df_all//20260616/_SUCCESS
+ /usr/local/hadoop-current/bin/hadoop fs -test -e hdfs://DClusterUS1/user/prod_soda_trade_strategy/rank/zhangshuai/MX/mew_sam/data_df_all//20260616/_SUCCESS
++ date -d '20260616 -1 day' +%Y%m%d
+ temp_date=20260615
+ [[ 0 -ne 0 ]]
+ count=2
+ [[ 20260615 -ge 20260616 ]]
+ [[ 0 -eq 0 ]]
+ echo 'no ready day'
no ready day
+ exit 1
+ cleanup
+ rm -f my_job.lock
=== 2026-06-17 02:00:01 ===
submit_luban.sh: line 3: /home/luban/.bash_profile: No such file or directory
+ set -e
+ LOCK_FILE=my_job.lock
+ '[' -f my_job.lock ']'
+ echo 926937
+ trap cleanup EXIT
+ echo 'Start job...'
Start job...
+ CONF_FILE=./common.conf
+ ckpt_day=20260615
+ : 1
+ '[' 1 -eq 1 ']'
++ date +%Y%m%d
+ current_date=20260617
+ temp_date=20260617
+ max_days=20
+ found=0
+ eday=
++ date -d '20260615 +1 day' +%Y%m%d
+ bday=20260616
+ count=0
+ [[ 20260617 -ge 20260616 ]]
+ '[' 0 -ge 20 ']'
+ done_file_path=hdfs://DClusterUS1/user/prod_soda_trade_strategy/rank/zhangshuai/MX/mew_sam/data_df_all//20260617/_SUCCESS
+ /usr/local/hadoop-current/bin/hadoop fs -test -e hdfs://DClusterUS1/user/prod_soda_trade_strategy/rank/zhangshuai/MX/mew_sam/data_df_all//20260617/_SUCCESS
++ date -d '20260617 -1 day' +%Y%m%d
+ temp_date=20260616
+ [[ 0 -ne 0 ]]
+ count=1
+ [[ 20260616 -ge 20260616 ]]
+ '[' 1 -ge 20 ']'
+ done_file_path=hdfs://DClusterUS1/user/prod_soda_trade_strategy/rank/zhangshuai/MX/mew_sam/data_df_all//20260616/_SUCCESS
+ /usr/local/hadoop-current/bin/hadoop fs -test -e hdfs://DClusterUS1/user/prod_soda_trade_strategy/rank/zhangshuai/MX/mew_sam/data_df_all//20260616/_SUCCESS
++ date -d '20260616 -1 day' +%Y%m%d
+ temp_date=20260615
+ [[ 0 -ne 0 ]]
+ count=2
+ [[ 20260615 -ge 20260616 ]]
+ [[ 0 -eq 0 ]]
+ echo 'no ready day'
no ready day
+ exit 1
+ cleanup
+ rm -f my_job.lock
=== 2026-06-17 02:05:01 ===
submit_luban.sh: line 3: /home/luban/.bash_profile: No such file or directory
+ set -e
+ LOCK_FILE=my_job.lock
+ '[' -f my_job.lock ']'
+ echo 933057
+ trap cleanup EXIT
+ echo 'Start job...'
Start job...
+ CONF_FILE=./common.conf
+ ckpt_day=20260615
+ : 1
+ '[' 1 -eq 1 ']'
++ date +%Y%m%d
+ current_date=20260617
+ temp_date=20260617
+ max_days=20
+ found=0
+ eday=
++ date -d '20260615 +1 day' +%Y%m%d
+ bday=20260616
+ count=0
+ [[ 20260617 -ge 20260616 ]]
+ '[' 0 -ge 20 ']'
+ done_file_path=hdfs://DClusterUS1/user/prod_soda_trade_strategy/rank/zhangshuai/MX/mew_sam/data_df_all//20260617/_SUCCESS
+ /usr/local/hadoop-current/bin/hadoop fs -test -e hdfs://DClusterUS1/user/prod_soda_trade_strategy/rank/zhangshuai/MX/mew_sam/data_df_all//20260617/_SUCCESS
++ date -d '20260617 -1 day' +%Y%m%d
+ temp_date=20260616
+ [[ 0 -ne 0 ]]
+ count=1
+ [[ 20260616 -ge 20260616 ]]
+ '[' 1 -ge 20 ']'
+ done_file_path=hdfs://DClusterUS1/user/prod_soda_trade_strategy/rank/zhangshuai/MX/mew_sam/data_df_all//20260616/_SUCCESS
+ /usr/local/hadoop-current/bin/hadoop fs -test -e hdfs://DClusterUS1/user/prod_soda_trade_strategy/rank/zhangshuai/MX/mew_sam/data_df_all//20260616/_SUCCESS
++ date -d '20260616 -1 day' +%Y%m%d
+ temp_date=20260615
+ [[ 0 -ne 0 ]]
+ count=2
+ [[ 20260615 -ge 20260616 ]]
+ [[ 0 -eq 0 ]]
+ echo 'no ready day'
no ready day
+ exit 1
+ cleanup
+ rm -f my_job.lock
=== 2026-06-17 02:10:01 ===
submit_luban.sh: line 3: /home/luban/.bash_profile: No such file or directory
+ set -e
+ LOCK_FILE=my_job.lock
+ '[' -f my_job.lock ']'
+ echo 939178
+ trap cleanup EXIT
+ echo 'Start job...'
Start job...
+ CONF_FILE=./common.conf
+ ckpt_day=20260615
+ : 1
+ '[' 1 -eq 1 ']'
++ date +%Y%m%d
+ current_date=20260617
+ temp_date=20260617
+ max_days=20
+ found=0
+ eday=
++ date -d '20260615 +1 day' +%Y%m%d
+ bday=20260616
+ count=0
+ [[ 20260617 -ge 20260616 ]]
+ '[' 0 -ge 20 ']'
+ done_file_path=hdfs://DClusterUS1/user/prod_soda_trade_strategy/rank/zhangshuai/MX/mew_sam/data_df_all//20260617/_SUCCESS
+ /usr/local/hadoop-current/bin/hadoop fs -test -e hdfs://DClusterUS1/user/prod_soda_trade_strategy/rank/zhangshuai/MX/mew_sam/data_df_all//20260617/_SUCCESS
++ date -d '20260617 -1 day' +%Y%m%d
+ temp_date=20260616
+ [[ 0 -ne 0 ]]
+ count=1
+ [[ 20260616 -ge 20260616 ]]
+ '[' 1 -ge 20 ']'
+ done_file_path=hdfs://DClusterUS1/user/prod_soda_trade_strategy/rank/zhangshuai/MX/mew_sam/data_df_all//20260616/_SUCCESS
+ /usr/local/hadoop-current/bin/hadoop fs -test -e hdfs://DClusterUS1/user/prod_soda_trade_strategy/rank/zhangshuai/MX/mew_sam/data_df_all//20260616/_SUCCESS
++ date -d '20260616 -1 day' +%Y%m%d
+ temp_date=20260615
+ [[ 0 -ne 0 ]]
+ count=2
+ [[ 20260615 -ge 20260616 ]]
+ [[ 0 -eq 0 ]]
+ echo 'no ready day'
no ready day
+ exit 1
+ cleanup
+ rm -f my_job.lock
=== 2026-06-17 02:15:01 ===
submit_luban.sh: line 3: /home/luban/.bash_profile: No such file or directory
+ set -e
+ LOCK_FILE=my_job.lock
+ '[' -f my_job.lock ']'
+ echo 945298
+ trap cleanup EXIT
+ echo 'Start job...'
Start job...
+ CONF_FILE=./common.conf
+ ckpt_day=20260615
+ : 1
+ '[' 1 -eq 1 ']'
++ date +%Y%m%d
+ current_date=20260617
+ temp_date=20260617
+ max_days=20
+ found=0
+ eday=
++ date -d '20260615 +1 day' +%Y%m%d
+ bday=20260616
+ count=0
+ [[ 20260617 -ge 20260616 ]]
+ '[' 0 -ge 20 ']'
+ done_file_path=hdfs://DClusterUS1/user/prod_soda_trade_strategy/rank/zhangshuai/MX/mew_sam/data_df_all//20260617/_SUCCESS
+ /usr/local/hadoop-current/bin/hadoop fs -test -e hdfs://DClusterUS1/user/prod_soda_trade_strategy/rank/zhangshuai/MX/mew_sam/data_df_all//20260617/_SUCCESS
++ date -d '20260617 -1 day' +%Y%m%d
+ temp_date=20260616
+ [[ 0 -ne 0 ]]
+ count=1
+ [[ 20260616 -ge 20260616 ]]
+ '[' 1 -ge 20 ']'
+ done_file_path=hdfs://DClusterUS1/user/prod_soda_trade_strategy/rank/zhangshuai/MX/mew_sam/data_df_all//20260616/_SUCCESS
+ /usr/local/hadoop-current/bin/hadoop fs -test -e hdfs://DClusterUS1/user/prod_soda_trade_strategy/rank/zhangshuai/MX/mew_sam/data_df_all//20260616/_SUCCESS
++ date -d '20260616 -1 day' +%Y%m%d
+ temp_date=20260615
+ [[ 0 -ne 0 ]]
+ count=2
+ [[ 20260615 -ge 20260616 ]]
+ [[ 0 -eq 0 ]]
+ echo 'no ready day'
no ready day
+ exit 1
+ cleanup
+ rm -f my_job.lock
=== 2026-06-17 02:20:01 ===
submit_luban.sh: line 3: /home/luban/.bash_profile: No such file or directory
+ set -e
+ LOCK_FILE=my_job.lock
+ '[' -f my_job.lock ']'
+ echo 951413
+ trap cleanup EXIT
+ echo 'Start job...'
Start job...
+ CONF_FILE=./common.conf
+ ckpt_day=20260615
+ : 1
+ '[' 1 -eq 1 ']'
++ date +%Y%m%d
+ current_date=20260617
+ temp_date=20260617
+ max_days=20
+ found=0
+ eday=
++ date -d '20260615 +1 day' +%Y%m%d
+ bday=20260616
+ count=0
+ [[ 20260617 -ge 20260616 ]]
+ '[' 0 -ge 20 ']'
+ done_file_path=hdfs://DClusterUS1/user/prod_soda_trade_strategy/rank/zhangshuai/MX/mew_sam/data_df_all//20260617/_SUCCESS
+ /usr/local/hadoop-current/bin/hadoop fs -test -e hdfs://DClusterUS1/user/prod_soda_trade_strategy/rank/zhangshuai/MX/mew_sam/data_df_all//20260617/_SUCCESS
++ date -d '20260617 -1 day' +%Y%m%d
+ temp_date=20260616
+ [[ 0 -ne 0 ]]
+ count=1
+ [[ 20260616 -ge 20260616 ]]
+ '[' 1 -ge 20 ']'
+ done_file_path=hdfs://DClusterUS1/user/prod_soda_trade_strategy/rank/zhangshuai/MX/mew_sam/data_df_all//20260616/_SUCCESS
+ /usr/local/hadoop-current/bin/hadoop fs -test -e hdfs://DClusterUS1/user/prod_soda_trade_strategy/rank/zhangshuai/MX/mew_sam/data_df_all//20260616/_SUCCESS
++ date -d '20260616 -1 day' +%Y%m%d
+ temp_date=20260615
+ [[ 0 -ne 0 ]]
+ count=2
+ [[ 20260615 -ge 20260616 ]]
+ [[ 0 -eq 0 ]]
+ echo 'no ready day'
no ready day
+ exit 1
+ cleanup
+ rm -f my_job.lock
=== 2026-06-17 02:25:01 ===
submit_luban.sh: line 3: /home/luban/.bash_profile: No such file or directory
+ set -e
+ LOCK_FILE=my_job.lock
+ '[' -f my_job.lock ']'
+ echo 957526
+ trap cleanup EXIT
+ echo 'Start job...'
Start job...
+ CONF_FILE=./common.conf
+ ckpt_day=20260615
+ : 1
+ '[' 1 -eq 1 ']'
++ date +%Y%m%d
+ current_date=20260617
+ temp_date=20260617
+ max_days=20
+ found=0
+ eday=
++ date -d '20260615 +1 day' +%Y%m%d
+ bday=20260616
+ count=0
+ [[ 20260617 -ge 20260616 ]]
+ '[' 0 -ge 20 ']'
+ done_file_path=hdfs://DClusterUS1/user/prod_soda_trade_strategy/rank/zhangshuai/MX/mew_sam/data_df_all//20260617/_SUCCESS
+ /usr/local/hadoop-current/bin/hadoop fs -test -e hdfs://DClusterUS1/user/prod_soda_trade_strategy/rank/zhangshuai/MX/mew_sam/data_df_all//20260617/_SUCCESS
++ date -d '20260617 -1 day' +%Y%m%d
+ temp_date=20260616
+ [[ 0 -ne 0 ]]
+ count=1
+ [[ 20260616 -ge 20260616 ]]
+ '[' 1 -ge 20 ']'
+ done_file_path=hdfs://DClusterUS1/user/prod_soda_trade_strategy/rank/zhangshuai/MX/mew_sam/data_df_all//20260616/_SUCCESS
+ /usr/local/hadoop-current/bin/hadoop fs -test -e hdfs://DClusterUS1/user/prod_soda_trade_strategy/rank/zhangshuai/MX/mew_sam/data_df_all//20260616/_SUCCESS
++ date -d '20260616 -1 day' +%Y%m%d
+ temp_date=20260615
+ [[ 0 -ne 0 ]]
+ count=2
+ [[ 20260615 -ge 20260616 ]]
+ [[ 0 -eq 0 ]]
+ echo 'no ready day'
no ready day
+ exit 1
+ cleanup
+ rm -f my_job.lock
=== 2026-06-17 02:30:01 ===
submit_luban.sh: line 3: /home/luban/.bash_profile: No such file or directory
+ set -e
+ LOCK_FILE=my_job.lock
+ '[' -f my_job.lock ']'
+ echo 964219
+ trap cleanup EXIT
+ echo 'Start job...'
Start job...
+ CONF_FILE=./common.conf
+ ckpt_day=20260615
+ : 1
+ '[' 1 -eq 1 ']'
++ date +%Y%m%d
+ current_date=20260617
+ temp_date=20260617
+ max_days=20
+ found=0
+ eday=
++ date -d '20260615 +1 day' +%Y%m%d
+ bday=20260616
+ count=0
+ [[ 20260617 -ge 20260616 ]]
+ '[' 0 -ge 20 ']'
+ done_file_path=hdfs://DClusterUS1/user/prod_soda_trade_strategy/rank/zhangshuai/MX/mew_sam/data_df_all//20260617/_SUCCESS
+ /usr/local/hadoop-current/bin/hadoop fs -test -e hdfs://DClusterUS1/user/prod_soda_trade_strategy/rank/zhangshuai/MX/mew_sam/data_df_all//20260617/_SUCCESS
++ date -d '20260617 -1 day' +%Y%m%d
+ temp_date=20260616
+ [[ 0 -ne 0 ]]
+ count=1
+ [[ 20260616 -ge 20260616 ]]
+ '[' 1 -ge 20 ']'
+ done_file_path=hdfs://DClusterUS1/user/prod_soda_trade_strategy/rank/zhangshuai/MX/mew_sam/data_df_all//20260616/_SUCCESS
+ /usr/local/hadoop-current/bin/hadoop fs -test -e hdfs://DClusterUS1/user/prod_soda_trade_strategy/rank/zhangshuai/MX/mew_sam/data_df_all//20260616/_SUCCESS
++ date -d '20260616 -1 day' +%Y%m%d
+ temp_date=20260615
+ [[ 0 -ne 0 ]]
+ count=2
+ [[ 20260615 -ge 20260616 ]]
+ [[ 0 -eq 0 ]]
+ echo 'no ready day'
no ready day
+ exit 1
+ cleanup
+ rm -f my_job.lock
=== 2026-06-17 02:35:01 ===
submit_luban.sh: line 3: /home/luban/.bash_profile: No such file or directory
+ set -e
+ LOCK_FILE=my_job.lock
+ '[' -f my_job.lock ']'
+ echo 970346
+ trap cleanup EXIT
+ echo 'Start job...'
Start job...
+ CONF_FILE=./common.conf
+ ckpt_day=20260615
+ : 1
+ '[' 1 -eq 1 ']'
++ date +%Y%m%d
+ current_date=20260617
+ temp_date=20260617
+ max_days=20
+ found=0
+ eday=
++ date -d '20260615 +1 day' +%Y%m%d
+ bday=20260616
+ count=0
+ [[ 20260617 -ge 20260616 ]]
+ '[' 0 -ge 20 ']'
+ done_file_path=hdfs://DClusterUS1/user/prod_soda_trade_strategy/rank/zhangshuai/MX/mew_sam/data_df_all//20260617/_SUCCESS
+ /usr/local/hadoop-current/bin/hadoop fs -test -e hdfs://DClusterUS1/user/prod_soda_trade_strategy/rank/zhangshuai/MX/mew_sam/data_df_all//20260617/_SUCCESS
++ date -d '20260617 -1 day' +%Y%m%d
+ temp_date=20260616
+ [[ 0 -ne 0 ]]
+ count=1
+ [[ 20260616 -ge 20260616 ]]
+ '[' 1 -ge 20 ']'
+ done_file_path=hdfs://DClusterUS1/user/prod_soda_trade_strategy/rank/zhangshuai/MX/mew_sam/data_df_all//20260616/_SUCCESS
+ /usr/local/hadoop-current/bin/hadoop fs -test -e hdfs://DClusterUS1/user/prod_soda_trade_strategy/rank/zhangshuai/MX/mew_sam/data_df_all//20260616/_SUCCESS
++ date -d '20260616 -1 day' +%Y%m%d
+ temp_date=20260615
+ [[ 0 -ne 0 ]]
+ count=2
+ [[ 20260615 -ge 20260616 ]]
+ [[ 0 -eq 0 ]]
+ echo 'no ready day'
no ready day
+ exit 1
+ cleanup
+ rm -f my_job.lock
=== 2026-06-17 02:40:01 ===
submit_luban.sh: line 3: /home/luban/.bash_profile: No such file or directory
+ set -e
+ LOCK_FILE=my_job.lock
+ '[' -f my_job.lock ']'
+ echo 976454
+ trap cleanup EXIT
+ echo 'Start job...'
Start job...
+ CONF_FILE=./common.conf
+ ckpt_day=20260615
+ : 1
+ '[' 1 -eq 1 ']'
++ date +%Y%m%d
+ current_date=20260617
+ temp_date=20260617
+ max_days=20
+ found=0
+ eday=
++ date -d '20260615 +1 day' +%Y%m%d
+ bday=20260616
+ count=0
+ [[ 20260617 -ge 20260616 ]]
+ '[' 0 -ge 20 ']'
+ done_file_path=hdfs://DClusterUS1/user/prod_soda_trade_strategy/rank/zhangshuai/MX/mew_sam/data_df_all//20260617/_SUCCESS
+ /usr/local/hadoop-current/bin/hadoop fs -test -e hdfs://DClusterUS1/user/prod_soda_trade_strategy/rank/zhangshuai/MX/mew_sam/data_df_all//20260617/_SUCCESS
++ date -d '20260617 -1 day' +%Y%m%d
+ temp_date=20260616
+ [[ 0 -ne 0 ]]
+ count=1
+ [[ 20260616 -ge 20260616 ]]
+ '[' 1 -ge 20 ']'
+ done_file_path=hdfs://DClusterUS1/user/prod_soda_trade_strategy/rank/zhangshuai/MX/mew_sam/data_df_all//20260616/_SUCCESS
+ /usr/local/hadoop-current/bin/hadoop fs -test -e hdfs://DClusterUS1/user/prod_soda_trade_strategy/rank/zhangshuai/MX/mew_sam/data_df_all//20260616/_SUCCESS
++ date -d '20260616 -1 day' +%Y%m%d
+ temp_date=20260615
+ [[ 0 -ne 0 ]]
+ count=2
+ [[ 20260615 -ge 20260616 ]]
+ [[ 0 -eq 0 ]]
+ echo 'no ready day'
no ready day
+ exit 1
+ cleanup
+ rm -f my_job.lock
=== 2026-06-17 02:45:01 ===
submit_luban.sh: line 3: /home/luban/.bash_profile: No such file or directory
+ set -e
+ LOCK_FILE=my_job.lock
+ '[' -f my_job.lock ']'
+ echo 982567
+ trap cleanup EXIT
+ echo 'Start job...'
Start job...
+ CONF_FILE=./common.conf
+ ckpt_day=20260615
+ : 1
+ '[' 1 -eq 1 ']'
++ date +%Y%m%d
+ current_date=20260617
+ temp_date=20260617
+ max_days=20
+ found=0
+ eday=
++ date -d '20260615 +1 day' +%Y%m%d
+ bday=20260616
+ count=0
+ [[ 20260617 -ge 20260616 ]]
+ '[' 0 -ge 20 ']'
+ done_file_path=hdfs://DClusterUS1/user/prod_soda_trade_strategy/rank/zhangshuai/MX/mew_sam/data_df_all//20260617/_SUCCESS
+ /usr/local/hadoop-current/bin/hadoop fs -test -e hdfs://DClusterUS1/user/prod_soda_trade_strategy/rank/zhangshuai/MX/mew_sam/data_df_all//20260617/_SUCCESS
++ date -d '20260617 -1 day' +%Y%m%d
+ temp_date=20260616
+ [[ 0 -ne 0 ]]
+ count=1
+ [[ 20260616 -ge 20260616 ]]
+ '[' 1 -ge 20 ']'
+ done_file_path=hdfs://DClusterUS1/user/prod_soda_trade_strategy/rank/zhangshuai/MX/mew_sam/data_df_all//20260616/_SUCCESS
+ /usr/local/hadoop-current/bin/hadoop fs -test -e hdfs://DClusterUS1/user/prod_soda_trade_strategy/rank/zhangshuai/MX/mew_sam/data_df_all//20260616/_SUCCESS
++ date -d '20260616 -1 day' +%Y%m%d
+ temp_date=20260615
+ [[ 0 -ne 0 ]]
+ count=2
+ [[ 20260615 -ge 20260616 ]]
+ [[ 0 -eq 0 ]]
+ echo 'no ready day'
no ready day
+ exit 1
+ cleanup
+ rm -f my_job.lock
=== 2026-06-17 02:50:01 ===
submit_luban.sh: line 3: /home/luban/.bash_profile: No such file or directory
+ set -e
+ LOCK_FILE=my_job.lock
+ '[' -f my_job.lock ']'
+ echo 988677
+ trap cleanup EXIT
+ echo 'Start job...'
Start job...
+ CONF_FILE=./common.conf
+ ckpt_day=20260615
+ : 1
+ '[' 1 -eq 1 ']'
++ date +%Y%m%d
+ current_date=20260617
+ temp_date=20260617
+ max_days=20
+ found=0
+ eday=
++ date -d '20260615 +1 day' +%Y%m%d
+ bday=20260616
+ count=0
+ [[ 20260617 -ge 20260616 ]]
+ '[' 0 -ge 20 ']'
+ done_file_path=hdfs://DClusterUS1/user/prod_soda_trade_strategy/rank/zhangshuai/MX/mew_sam/data_df_all//20260617/_SUCCESS
+ /usr/local/hadoop-current/bin/hadoop fs -test -e hdfs://DClusterUS1/user/prod_soda_trade_strategy/rank/zhangshuai/MX/mew_sam/data_df_all//20260617/_SUCCESS
++ date -d '20260617 -1 day' +%Y%m%d
+ temp_date=20260616
+ [[ 0 -ne 0 ]]
+ count=1
+ [[ 20260616 -ge 20260616 ]]
+ '[' 1 -ge 20 ']'
+ done_file_path=hdfs://DClusterUS1/user/prod_soda_trade_strategy/rank/zhangshuai/MX/mew_sam/data_df_all//20260616/_SUCCESS
+ /usr/local/hadoop-current/bin/hadoop fs -test -e hdfs://DClusterUS1/user/prod_soda_trade_strategy/rank/zhangshuai/MX/mew_sam/data_df_all//20260616/_SUCCESS
++ date -d '20260616 -1 day' +%Y%m%d
+ temp_date=20260615
+ [[ 0 -ne 0 ]]
+ count=2
+ [[ 20260615 -ge 20260616 ]]
+ [[ 0 -eq 0 ]]
+ echo 'no ready day'
no ready day
+ exit 1
+ cleanup
+ rm -f my_job.lock
=== 2026-06-17 02:55:01 ===
submit_luban.sh: line 3: /home/luban/.bash_profile: No such file or directory
+ set -e
+ LOCK_FILE=my_job.lock
+ '[' -f my_job.lock ']'
+ echo 994801
+ trap cleanup EXIT
+ echo 'Start job...'
Start job...
+ CONF_FILE=./common.conf
+ ckpt_day=20260615
+ : 1
+ '[' 1 -eq 1 ']'
++ date +%Y%m%d
+ current_date=20260617
+ temp_date=20260617
+ max_days=20
+ found=0
+ eday=
++ date -d '20260615 +1 day' +%Y%m%d
+ bday=20260616
+ count=0
+ [[ 20260617 -ge 20260616 ]]
+ '[' 0 -ge 20 ']'
+ done_file_path=hdfs://DClusterUS1/user/prod_soda_trade_strategy/rank/zhangshuai/MX/mew_sam/data_df_all//20260617/_SUCCESS
+ /usr/local/hadoop-current/bin/hadoop fs -test -e hdfs://DClusterUS1/user/prod_soda_trade_strategy/rank/zhangshuai/MX/mew_sam/data_df_all//20260617/_SUCCESS
++ date -d '20260617 -1 day' +%Y%m%d
+ temp_date=20260616
+ [[ 0 -ne 0 ]]
+ count=1
+ [[ 20260616 -ge 20260616 ]]
+ '[' 1 -ge 20 ']'
+ done_file_path=hdfs://DClusterUS1/user/prod_soda_trade_strategy/rank/zhangshuai/MX/mew_sam/data_df_all//20260616/_SUCCESS
+ /usr/local/hadoop-current/bin/hadoop fs -test -e hdfs://DClusterUS1/user/prod_soda_trade_strategy/rank/zhangshuai/MX/mew_sam/data_df_all//20260616/_SUCCESS
++ date -d '20260616 -1 day' +%Y%m%d
+ temp_date=20260615
+ [[ 0 -ne 0 ]]
+ count=2
+ [[ 20260615 -ge 20260616 ]]
+ [[ 0 -eq 0 ]]
+ echo 'no ready day'
no ready day
+ exit 1
+ cleanup
+ rm -f my_job.lock
=== 2026-06-17 03:00:01 ===
submit_luban.sh: line 3: /home/luban/.bash_profile: No such file or directory
+ set -e
+ LOCK_FILE=my_job.lock
+ '[' -f my_job.lock ']'
+ echo 1000913
+ trap cleanup EXIT
+ echo 'Start job...'
Start job...
+ CONF_FILE=./common.conf
+ ckpt_day=20260615
+ : 1
+ '[' 1 -eq 1 ']'
++ date +%Y%m%d
+ current_date=20260617
+ temp_date=20260617
+ max_days=20
+ found=0
+ eday=
++ date -d '20260615 +1 day' +%Y%m%d
+ bday=20260616
+ count=0
+ [[ 20260617 -ge 20260616 ]]
+ '[' 0 -ge 20 ']'
+ done_file_path=hdfs://DClusterUS1/user/prod_soda_trade_strategy/rank/zhangshuai/MX/mew_sam/data_df_all//20260617/_SUCCESS
+ /usr/local/hadoop-current/bin/hadoop fs -test -e hdfs://DClusterUS1/user/prod_soda_trade_strategy/rank/zhangshuai/MX/mew_sam/data_df_all//20260617/_SUCCESS
++ date -d '20260617 -1 day' +%Y%m%d
+ temp_date=20260616
+ [[ 0 -ne 0 ]]
+ count=1
+ [[ 20260616 -ge 20260616 ]]
+ '[' 1 -ge 20 ']'
+ done_file_path=hdfs://DClusterUS1/user/prod_soda_trade_strategy/rank/zhangshuai/MX/mew_sam/data_df_all//20260616/_SUCCESS
+ /usr/local/hadoop-current/bin/hadoop fs -test -e hdfs://DClusterUS1/user/prod_soda_trade_strategy/rank/zhangshuai/MX/mew_sam/data_df_all//20260616/_SUCCESS
++ date -d '20260616 -1 day' +%Y%m%d
+ temp_date=20260615
+ [[ 0 -ne 0 ]]
+ count=2
+ [[ 20260615 -ge 20260616 ]]
+ [[ 0 -eq 0 ]]
+ echo 'no ready day'
no ready day
+ exit 1
+ cleanup
+ rm -f my_job.lock
=== 2026-06-17 03:05:01 ===
submit_luban.sh: line 3: /home/luban/.bash_profile: No such file or directory
+ set -e
+ LOCK_FILE=my_job.lock
+ '[' -f my_job.lock ']'
+ echo 1007255
+ trap cleanup EXIT
+ echo 'Start job...'
Start job...
+ CONF_FILE=./common.conf
+ ckpt_day=20260615
+ : 1
+ '[' 1 -eq 1 ']'
++ date +%Y%m%d
+ current_date=20260617
+ temp_date=20260617
+ max_days=20
+ found=0
+ eday=
++ date -d '20260615 +1 day' +%Y%m%d
+ bday=20260616
+ count=0
+ [[ 20260617 -ge 20260616 ]]
+ '[' 0 -ge 20 ']'
+ done_file_path=hdfs://DClusterUS1/user/prod_soda_trade_strategy/rank/zhangshuai/MX/mew_sam/data_df_all//20260617/_SUCCESS
+ /usr/local/hadoop-current/bin/hadoop fs -test -e hdfs://DClusterUS1/user/prod_soda_trade_strategy/rank/zhangshuai/MX/mew_sam/data_df_all//20260617/_SUCCESS
++ date -d '20260617 -1 day' +%Y%m%d
+ temp_date=20260616
+ [[ 0 -ne 0 ]]
+ count=1
+ [[ 20260616 -ge 20260616 ]]
+ '[' 1 -ge 20 ']'
+ done_file_path=hdfs://DClusterUS1/user/prod_soda_trade_strategy/rank/zhangshuai/MX/mew_sam/data_df_all//20260616/_SUCCESS
+ /usr/local/hadoop-current/bin/hadoop fs -test -e hdfs://DClusterUS1/user/prod_soda_trade_strategy/rank/zhangshuai/MX/mew_sam/data_df_all//20260616/_SUCCESS
++ date -d '20260616 -1 day' +%Y%m%d
+ temp_date=20260615
+ [[ 0 -ne 0 ]]
+ count=2
+ [[ 20260615 -ge 20260616 ]]
+ [[ 0 -eq 0 ]]
+ echo 'no ready day'
no ready day
+ exit 1
+ cleanup
+ rm -f my_job.lock
=== 2026-06-17 03:10:01 ===
submit_luban.sh: line 3: /home/luban/.bash_profile: No such file or directory
+ set -e
+ LOCK_FILE=my_job.lock
+ '[' -f my_job.lock ']'
+ echo 1013649
+ trap cleanup EXIT
+ echo 'Start job...'
Start job...
+ CONF_FILE=./common.conf
+ ckpt_day=20260615
+ : 1
+ '[' 1 -eq 1 ']'
++ date +%Y%m%d
+ current_date=20260617
+ temp_date=20260617
+ max_days=20
+ found=0
+ eday=
++ date -d '20260615 +1 day' +%Y%m%d
+ bday=20260616
+ count=0
+ [[ 20260617 -ge 20260616 ]]
+ '[' 0 -ge 20 ']'
+ done_file_path=hdfs://DClusterUS1/user/prod_soda_trade_strategy/rank/zhangshuai/MX/mew_sam/data_df_all//20260617/_SUCCESS
+ /usr/local/hadoop-current/bin/hadoop fs -test -e hdfs://DClusterUS1/user/prod_soda_trade_strategy/rank/zhangshuai/MX/mew_sam/data_df_all//20260617/_SUCCESS
++ date -d '20260617 -1 day' +%Y%m%d
+ temp_date=20260616
+ [[ 0 -ne 0 ]]
+ count=1
+ [[ 20260616 -ge 20260616 ]]
+ '[' 1 -ge 20 ']'
+ done_file_path=hdfs://DClusterUS1/user/prod_soda_trade_strategy/rank/zhangshuai/MX/mew_sam/data_df_all//20260616/_SUCCESS
+ /usr/local/hadoop-current/bin/hadoop fs -test -e hdfs://DClusterUS1/user/prod_soda_trade_strategy/rank/zhangshuai/MX/mew_sam/data_df_all//20260616/_SUCCESS
++ date -d '20260616 -1 day' +%Y%m%d
+ temp_date=20260615
+ [[ 0 -ne 0 ]]
+ count=2
+ [[ 20260615 -ge 20260616 ]]
+ [[ 0 -eq 0 ]]
+ echo 'no ready day'
no ready day
+ exit 1
+ cleanup
+ rm -f my_job.lock
=== 2026-06-17 03:15:01 ===
submit_luban.sh: line 3: /home/luban/.bash_profile: No such file or directory
+ set -e
+ LOCK_FILE=my_job.lock
+ '[' -f my_job.lock ']'
+ echo 1019767
+ trap cleanup EXIT
+ echo 'Start job...'
Start job...
+ CONF_FILE=./common.conf
+ ckpt_day=20260615
+ : 1
+ '[' 1 -eq 1 ']'
++ date +%Y%m%d
+ current_date=20260617
+ temp_date=20260617
+ max_days=20
+ found=0
+ eday=
++ date -d '20260615 +1 day' +%Y%m%d
+ bday=20260616
+ count=0
+ [[ 20260617 -ge 20260616 ]]
+ '[' 0 -ge 20 ']'
+ done_file_path=hdfs://DClusterUS1/user/prod_soda_trade_strategy/rank/zhangshuai/MX/mew_sam/data_df_all//20260617/_SUCCESS
+ /usr/local/hadoop-current/bin/hadoop fs -test -e hdfs://DClusterUS1/user/prod_soda_trade_strategy/rank/zhangshuai/MX/mew_sam/data_df_all//20260617/_SUCCESS
++ date -d '20260617 -1 day' +%Y%m%d
+ temp_date=20260616
+ [[ 0 -ne 0 ]]
+ count=1
+ [[ 20260616 -ge 20260616 ]]
+ '[' 1 -ge 20 ']'
+ done_file_path=hdfs://DClusterUS1/user/prod_soda_trade_strategy/rank/zhangshuai/MX/mew_sam/data_df_all//20260616/_SUCCESS
+ /usr/local/hadoop-current/bin/hadoop fs -test -e hdfs://DClusterUS1/user/prod_soda_trade_strategy/rank/zhangshuai/MX/mew_sam/data_df_all//20260616/_SUCCESS
++ date -d '20260616 -1 day' +%Y%m%d
+ temp_date=20260615
+ [[ 0 -ne 0 ]]
+ count=2
+ [[ 20260615 -ge 20260616 ]]
+ [[ 0 -eq 0 ]]
+ echo 'no ready day'
no ready day
+ exit 1
+ cleanup
+ rm -f my_job.lock
=== 2026-06-17 03:20:01 ===
submit_luban.sh: line 3: /home/luban/.bash_profile: No such file or directory
+ set -e
+ LOCK_FILE=my_job.lock
+ '[' -f my_job.lock ']'
+ echo 1025888
+ trap cleanup EXIT
+ echo 'Start job...'
Start job...
+ CONF_FILE=./common.conf
+ ckpt_day=20260615
+ : 1
+ '[' 1 -eq 1 ']'
++ date +%Y%m%d
+ current_date=20260617
+ temp_date=20260617
+ max_days=20
+ found=0
+ eday=
++ date -d '20260615 +1 day' +%Y%m%d
+ bday=20260616
+ count=0
+ [[ 20260617 -ge 20260616 ]]
+ '[' 0 -ge 20 ']'
+ done_file_path=hdfs://DClusterUS1/user/prod_soda_trade_strategy/rank/zhangshuai/MX/mew_sam/data_df_all//20260617/_SUCCESS
+ /usr/local/hadoop-current/bin/hadoop fs -test -e hdfs://DClusterUS1/user/prod_soda_trade_strategy/rank/zhangshuai/MX/mew_sam/data_df_all//20260617/_SUCCESS
++ date -d '20260617 -1 day' +%Y%m%d
+ temp_date=20260616
+ [[ 0 -ne 0 ]]
+ count=1
+ [[ 20260616 -ge 20260616 ]]
+ '[' 1 -ge 20 ']'
+ done_file_path=hdfs://DClusterUS1/user/prod_soda_trade_strategy/rank/zhangshuai/MX/mew_sam/data_df_all//20260616/_SUCCESS
+ /usr/local/hadoop-current/bin/hadoop fs -test -e hdfs://DClusterUS1/user/prod_soda_trade_strategy/rank/zhangshuai/MX/mew_sam/data_df_all//20260616/_SUCCESS
++ date -d '20260616 -1 day' +%Y%m%d
+ temp_date=20260615
+ [[ 0 -ne 0 ]]
+ count=2
+ [[ 20260615 -ge 20260616 ]]
+ [[ 0 -eq 0 ]]
+ echo 'no ready day'
no ready day
+ exit 1
+ cleanup
+ rm -f my_job.lock
=== 2026-06-17 03:25:01 ===
submit_luban.sh: line 3: /home/luban/.bash_profile: No such file or directory
+ set -e
+ LOCK_FILE=my_job.lock
+ '[' -f my_job.lock ']'
+ echo 1032012
+ trap cleanup EXIT
+ echo 'Start job...'
Start job...
+ CONF_FILE=./common.conf
+ ckpt_day=20260615
+ : 1
+ '[' 1 -eq 1 ']'
++ date +%Y%m%d
+ current_date=20260617
+ temp_date=20260617
+ max_days=20
+ found=0
+ eday=
++ date -d '20260615 +1 day' +%Y%m%d
+ bday=20260616
+ count=0
+ [[ 20260617 -ge 20260616 ]]
+ '[' 0 -ge 20 ']'
+ done_file_path=hdfs://DClusterUS1/user/prod_soda_trade_strategy/rank/zhangshuai/MX/mew_sam/data_df_all//20260617/_SUCCESS
+ /usr/local/hadoop-current/bin/hadoop fs -test -e hdfs://DClusterUS1/user/prod_soda_trade_strategy/rank/zhangshuai/MX/mew_sam/data_df_all//20260617/_SUCCESS
++ date -d '20260617 -1 day' +%Y%m%d
+ temp_date=20260616
+ [[ 0 -ne 0 ]]
+ count=1
+ [[ 20260616 -ge 20260616 ]]
+ '[' 1 -ge 20 ']'
+ done_file_path=hdfs://DClusterUS1/user/prod_soda_trade_strategy/rank/zhangshuai/MX/mew_sam/data_df_all//20260616/_SUCCESS
+ /usr/local/hadoop-current/bin/hadoop fs -test -e hdfs://DClusterUS1/user/prod_soda_trade_strategy/rank/zhangshuai/MX/mew_sam/data_df_all//20260616/_SUCCESS
++ date -d '20260616 -1 day' +%Y%m%d
+ temp_date=20260615
+ [[ 0 -ne 0 ]]
+ count=2
+ [[ 20260615 -ge 20260616 ]]
+ [[ 0 -eq 0 ]]
+ echo 'no ready day'
no ready day
+ exit 1
+ cleanup
+ rm -f my_job.lock
=== 2026-06-17 03:30:01 ===
submit_luban.sh: line 3: /home/luban/.bash_profile: No such file or directory
+ set -e
+ LOCK_FILE=my_job.lock
+ '[' -f my_job.lock ']'
+ echo 1038133
+ trap cleanup EXIT
+ echo 'Start job...'
Start job...
+ CONF_FILE=./common.conf
+ ckpt_day=20260615
+ : 1
+ '[' 1 -eq 1 ']'
++ date +%Y%m%d
+ current_date=20260617
+ temp_date=20260617
+ max_days=20
+ found=0
+ eday=
++ date -d '20260615 +1 day' +%Y%m%d
+ bday=20260616
+ count=0
+ [[ 20260617 -ge 20260616 ]]
+ '[' 0 -ge 20 ']'
+ done_file_path=hdfs://DClusterUS1/user/prod_soda_trade_strategy/rank/zhangshuai/MX/mew_sam/data_df_all//20260617/_SUCCESS
+ /usr/local/hadoop-current/bin/hadoop fs -test -e hdfs://DClusterUS1/user/prod_soda_trade_strategy/rank/zhangshuai/MX/mew_sam/data_df_all//20260617/_SUCCESS
++ date -d '20260617 -1 day' +%Y%m%d
+ temp_date=20260616
+ [[ 0 -ne 0 ]]
+ count=1
+ [[ 20260616 -ge 20260616 ]]
+ '[' 1 -ge 20 ']'
+ done_file_path=hdfs://DClusterUS1/user/prod_soda_trade_strategy/rank/zhangshuai/MX/mew_sam/data_df_all//20260616/_SUCCESS
+ /usr/local/hadoop-current/bin/hadoop fs -test -e hdfs://DClusterUS1/user/prod_soda_trade_strategy/rank/zhangshuai/MX/mew_sam/data_df_all//20260616/_SUCCESS
++ date -d '20260616 -1 day' +%Y%m%d
+ temp_date=20260615
+ [[ 0 -ne 0 ]]
+ count=2
+ [[ 20260615 -ge 20260616 ]]
+ [[ 0 -eq 0 ]]
+ echo 'no ready day'
no ready day
+ exit 1
+ cleanup
+ rm -f my_job.lock
=== 2026-06-17 03:35:01 ===
submit_luban.sh: line 3: /home/luban/.bash_profile: No such file or directory
+ set -e
+ LOCK_FILE=my_job.lock
+ '[' -f my_job.lock ']'
+ echo 1044252
+ trap cleanup EXIT
+ echo 'Start job...'
Start job...
+ CONF_FILE=./common.conf
+ ckpt_day=20260615
+ : 1
+ '[' 1 -eq 1 ']'
++ date +%Y%m%d
+ current_date=20260617
+ temp_date=20260617
+ max_days=20
+ found=0
+ eday=
++ date -d '20260615 +1 day' +%Y%m%d
+ bday=20260616
+ count=0
+ [[ 20260617 -ge 20260616 ]]
+ '[' 0 -ge 20 ']'
+ done_file_path=hdfs://DClusterUS1/user/prod_soda_trade_strategy/rank/zhangshuai/MX/mew_sam/data_df_all//20260617/_SUCCESS
+ /usr/local/hadoop-current/bin/hadoop fs -test -e hdfs://DClusterUS1/user/prod_soda_trade_strategy/rank/zhangshuai/MX/mew_sam/data_df_all//20260617/_SUCCESS
++ date -d '20260617 -1 day' +%Y%m%d
+ temp_date=20260616
+ [[ 0 -ne 0 ]]
+ count=1
+ [[ 20260616 -ge 20260616 ]]
+ '[' 1 -ge 20 ']'
+ done_file_path=hdfs://DClusterUS1/user/prod_soda_trade_strategy/rank/zhangshuai/MX/mew_sam/data_df_all//20260616/_SUCCESS
+ /usr/local/hadoop-current/bin/hadoop fs -test -e hdfs://DClusterUS1/user/prod_soda_trade_strategy/rank/zhangshuai/MX/mew_sam/data_df_all//20260616/_SUCCESS
++ date -d '20260616 -1 day' +%Y%m%d
+ temp_date=20260615
+ [[ 0 -ne 0 ]]
+ count=2
+ [[ 20260615 -ge 20260616 ]]
+ [[ 0 -eq 0 ]]
+ echo 'no ready day'
no ready day
+ exit 1
+ cleanup
+ rm -f my_job.lock
=== 2026-06-17 03:40:01 ===
submit_luban.sh: line 3: /home/luban/.bash_profile: No such file or directory
+ set -e
+ LOCK_FILE=my_job.lock
+ '[' -f my_job.lock ']'
+ echo 1050375
+ trap cleanup EXIT
+ echo 'Start job...'
Start job...
+ CONF_FILE=./common.conf
+ ckpt_day=20260615
+ : 1
+ '[' 1 -eq 1 ']'
++ date +%Y%m%d
+ current_date=20260617
+ temp_date=20260617
+ max_days=20
+ found=0
+ eday=
++ date -d '20260615 +1 day' +%Y%m%d
+ bday=20260616
+ count=0
+ [[ 20260617 -ge 20260616 ]]
+ '[' 0 -ge 20 ']'
+ done_file_path=hdfs://DClusterUS1/user/prod_soda_trade_strategy/rank/zhangshuai/MX/mew_sam/data_df_all//20260617/_SUCCESS
+ /usr/local/hadoop-current/bin/hadoop fs -test -e hdfs://DClusterUS1/user/prod_soda_trade_strategy/rank/zhangshuai/MX/mew_sam/data_df_all//20260617/_SUCCESS
++ date -d '20260617 -1 day' +%Y%m%d
+ temp_date=20260616
+ [[ 0 -ne 0 ]]
+ count=1
+ [[ 20260616 -ge 20260616 ]]
+ '[' 1 -ge 20 ']'
+ done_file_path=hdfs://DClusterUS1/user/prod_soda_trade_strategy/rank/zhangshuai/MX/mew_sam/data_df_all//20260616/_SUCCESS
+ /usr/local/hadoop-current/bin/hadoop fs -test -e hdfs://DClusterUS1/user/prod_soda_trade_strategy/rank/zhangshuai/MX/mew_sam/data_df_all//20260616/_SUCCESS
++ date -d '20260616 -1 day' +%Y%m%d
+ temp_date=20260615
+ [[ 0 -ne 0 ]]
+ count=2
+ [[ 20260615 -ge 20260616 ]]
+ [[ 0 -eq 0 ]]
+ echo 'no ready day'
no ready day
+ exit 1
+ cleanup
+ rm -f my_job.lock
=== 2026-06-17 03:45:01 ===
submit_luban.sh: line 3: /home/luban/.bash_profile: No such file or directory
+ set -e
+ LOCK_FILE=my_job.lock
+ '[' -f my_job.lock ']'
+ echo 1056490
+ trap cleanup EXIT
+ echo 'Start job...'
Start job...
+ CONF_FILE=./common.conf
+ ckpt_day=20260615
+ : 1
+ '[' 1 -eq 1 ']'
++ date +%Y%m%d
+ current_date=20260617
+ temp_date=20260617
+ max_days=20
+ found=0
+ eday=
++ date -d '20260615 +1 day' +%Y%m%d
+ bday=20260616
+ count=0
+ [[ 20260617 -ge 20260616 ]]
+ '[' 0 -ge 20 ']'
+ done_file_path=hdfs://DClusterUS1/user/prod_soda_trade_strategy/rank/zhangshuai/MX/mew_sam/data_df_all//20260617/_SUCCESS
+ /usr/local/hadoop-current/bin/hadoop fs -test -e hdfs://DClusterUS1/user/prod_soda_trade_strategy/rank/zhangshuai/MX/mew_sam/data_df_all//20260617/_SUCCESS
++ date -d '20260617 -1 day' +%Y%m%d
+ temp_date=20260616
+ [[ 0 -ne 0 ]]
+ count=1
+ [[ 20260616 -ge 20260616 ]]
+ '[' 1 -ge 20 ']'
+ done_file_path=hdfs://DClusterUS1/user/prod_soda_trade_strategy/rank/zhangshuai/MX/mew_sam/data_df_all//20260616/_SUCCESS
+ /usr/local/hadoop-current/bin/hadoop fs -test -e hdfs://DClusterUS1/user/prod_soda_trade_strategy/rank/zhangshuai/MX/mew_sam/data_df_all//20260616/_SUCCESS
++ date -d '20260616 -1 day' +%Y%m%d
+ temp_date=20260615
+ [[ 0 -ne 0 ]]
+ count=2
+ [[ 20260615 -ge 20260616 ]]
+ [[ 0 -eq 0 ]]
+ echo 'no ready day'
no ready day
+ exit 1
+ cleanup
+ rm -f my_job.lock
=== 2026-06-17 03:50:01 ===
submit_luban.sh: line 3: /home/luban/.bash_profile: No such file or directory
+ set -e
+ LOCK_FILE=my_job.lock
+ '[' -f my_job.lock ']'
+ echo 1063047
+ trap cleanup EXIT
+ echo 'Start job...'
Start job...
+ CONF_FILE=./common.conf
+ ckpt_day=20260615
+ : 1
+ '[' 1 -eq 1 ']'
++ date +%Y%m%d
+ current_date=20260617
+ temp_date=20260617
+ max_days=20
+ found=0
+ eday=
++ date -d '20260615 +1 day' +%Y%m%d
+ bday=20260616
+ count=0
+ [[ 20260617 -ge 20260616 ]]
+ '[' 0 -ge 20 ']'
+ done_file_path=hdfs://DClusterUS1/user/prod_soda_trade_strategy/rank/zhangshuai/MX/mew_sam/data_df_all//20260617/_SUCCESS
+ /usr/local/hadoop-current/bin/hadoop fs -test -e hdfs://DClusterUS1/user/prod_soda_trade_strategy/rank/zhangshuai/MX/mew_sam/data_df_all//20260617/_SUCCESS
++ date -d '20260617 -1 day' +%Y%m%d
+ temp_date=20260616
+ [[ 0 -ne 0 ]]
+ count=1
+ [[ 20260616 -ge 20260616 ]]
+ '[' 1 -ge 20 ']'
+ done_file_path=hdfs://DClusterUS1/user/prod_soda_trade_strategy/rank/zhangshuai/MX/mew_sam/data_df_all//20260616/_SUCCESS
+ /usr/local/hadoop-current/bin/hadoop fs -test -e hdfs://DClusterUS1/user/prod_soda_trade_strategy/rank/zhangshuai/MX/mew_sam/data_df_all//20260616/_SUCCESS
++ date -d '20260616 -1 day' +%Y%m%d
+ temp_date=20260615
+ [[ 0 -ne 0 ]]
+ count=2
+ [[ 20260615 -ge 20260616 ]]
+ [[ 0 -eq 0 ]]
+ echo 'no ready day'
no ready day
+ exit 1
+ cleanup
+ rm -f my_job.lock
=== 2026-06-17 03:55:01 ===
submit_luban.sh: line 3: /home/luban/.bash_profile: No such file or directory
+ set -e
+ LOCK_FILE=my_job.lock
+ '[' -f my_job.lock ']'
+ echo 1069311
+ trap cleanup EXIT
+ echo 'Start job...'
Start job...
+ CONF_FILE=./common.conf
+ ckpt_day=20260615
+ : 1
+ '[' 1 -eq 1 ']'
++ date +%Y%m%d
+ current_date=20260617
+ temp_date=20260617
+ max_days=20
+ found=0
+ eday=
++ date -d '20260615 +1 day' +%Y%m%d
+ bday=20260616
+ count=0
+ [[ 20260617 -ge 20260616 ]]
+ '[' 0 -ge 20 ']'
+ done_file_path=hdfs://DClusterUS1/user/prod_soda_trade_strategy/rank/zhangshuai/MX/mew_sam/data_df_all//20260617/_SUCCESS
+ /usr/local/hadoop-current/bin/hadoop fs -test -e hdfs://DClusterUS1/user/prod_soda_trade_strategy/rank/zhangshuai/MX/mew_sam/data_df_all//20260617/_SUCCESS
++ date -d '20260617 -1 day' +%Y%m%d
+ temp_date=20260616
+ [[ 0 -ne 0 ]]
+ count=1
+ [[ 20260616 -ge 20260616 ]]
+ '[' 1 -ge 20 ']'
+ done_file_path=hdfs://DClusterUS1/user/prod_soda_trade_strategy/rank/zhangshuai/MX/mew_sam/data_df_all//20260616/_SUCCESS
+ /usr/local/hadoop-current/bin/hadoop fs -test -e hdfs://DClusterUS1/user/prod_soda_trade_strategy/rank/zhangshuai/MX/mew_sam/data_df_all//20260616/_SUCCESS
++ date -d '20260616 -1 day' +%Y%m%d
+ temp_date=20260615
+ [[ 0 -ne 0 ]]
+ count=2
+ [[ 20260615 -ge 20260616 ]]
+ [[ 0 -eq 0 ]]
+ echo 'no ready day'
no ready day
+ exit 1
+ cleanup
+ rm -f my_job.lock
=== 2026-06-17 04:00:01 ===
submit_luban.sh: line 3: /home/luban/.bash_profile: No such file or directory
+ set -e
+ LOCK_FILE=my_job.lock
+ '[' -f my_job.lock ']'
+ echo 1075430
+ trap cleanup EXIT
+ echo 'Start job...'
Start job...
+ CONF_FILE=./common.conf
+ ckpt_day=20260615
+ : 1
+ '[' 1 -eq 1 ']'
++ date +%Y%m%d
+ current_date=20260617
+ temp_date=20260617
+ max_days=20
+ found=0
+ eday=
++ date -d '20260615 +1 day' +%Y%m%d
+ bday=20260616
+ count=0
+ [[ 20260617 -ge 20260616 ]]
+ '[' 0 -ge 20 ']'
+ done_file_path=hdfs://DClusterUS1/user/prod_soda_trade_strategy/rank/zhangshuai/MX/mew_sam/data_df_all//20260617/_SUCCESS
+ /usr/local/hadoop-current/bin/hadoop fs -test -e hdfs://DClusterUS1/user/prod_soda_trade_strategy/rank/zhangshuai/MX/mew_sam/data_df_all//20260617/_SUCCESS
++ date -d '20260617 -1 day' +%Y%m%d
+ temp_date=20260616
+ [[ 0 -ne 0 ]]
+ count=1
+ [[ 20260616 -ge 20260616 ]]
+ '[' 1 -ge 20 ']'
+ done_file_path=hdfs://DClusterUS1/user/prod_soda_trade_strategy/rank/zhangshuai/MX/mew_sam/data_df_all//20260616/_SUCCESS
+ /usr/local/hadoop-current/bin/hadoop fs -test -e hdfs://DClusterUS1/user/prod_soda_trade_strategy/rank/zhangshuai/MX/mew_sam/data_df_all//20260616/_SUCCESS
++ date -d '20260616 -1 day' +%Y%m%d
+ temp_date=20260615
+ [[ 0 -ne 0 ]]
+ count=2
+ [[ 20260615 -ge 20260616 ]]
+ [[ 0 -eq 0 ]]
+ echo 'no ready day'
no ready day
+ exit 1
+ cleanup
+ rm -f my_job.lock
=== 2026-06-17 04:05:01 ===
submit_luban.sh: line 3: /home/luban/.bash_profile: No such file or directory
+ set -e
+ LOCK_FILE=my_job.lock
+ '[' -f my_job.lock ']'
+ echo 1081559
+ trap cleanup EXIT
+ echo 'Start job...'
Start job...
+ CONF_FILE=./common.conf
+ ckpt_day=20260615
+ : 1
+ '[' 1 -eq 1 ']'
++ date +%Y%m%d
+ current_date=20260617
+ temp_date=20260617
+ max_days=20
+ found=0
+ eday=
++ date -d '20260615 +1 day' +%Y%m%d
+ bday=20260616
+ count=0
+ [[ 20260617 -ge 20260616 ]]
+ '[' 0 -ge 20 ']'
+ done_file_path=hdfs://DClusterUS1/user/prod_soda_trade_strategy/rank/zhangshuai/MX/mew_sam/data_df_all//20260617/_SUCCESS
+ /usr/local/hadoop-current/bin/hadoop fs -test -e hdfs://DClusterUS1/user/prod_soda_trade_strategy/rank/zhangshuai/MX/mew_sam/data_df_all//20260617/_SUCCESS
++ date -d '20260617 -1 day' +%Y%m%d
+ temp_date=20260616
+ [[ 0 -ne 0 ]]
+ count=1
+ [[ 20260616 -ge 20260616 ]]
+ '[' 1 -ge 20 ']'
+ done_file_path=hdfs://DClusterUS1/user/prod_soda_trade_strategy/rank/zhangshuai/MX/mew_sam/data_df_all//20260616/_SUCCESS
+ /usr/local/hadoop-current/bin/hadoop fs -test -e hdfs://DClusterUS1/user/prod_soda_trade_strategy/rank/zhangshuai/MX/mew_sam/data_df_all//20260616/_SUCCESS
++ date -d '20260616 -1 day' +%Y%m%d
+ temp_date=20260615
+ [[ 0 -ne 0 ]]
+ count=2
+ [[ 20260615 -ge 20260616 ]]
+ [[ 0 -eq 0 ]]
+ echo 'no ready day'
no ready day
+ exit 1
+ cleanup
+ rm -f my_job.lock
=== 2026-06-17 04:10:01 ===
submit_luban.sh: line 3: /home/luban/.bash_profile: No such file or directory
+ set -e
+ LOCK_FILE=my_job.lock
+ '[' -f my_job.lock ']'
+ echo 1087681
+ trap cleanup EXIT
+ echo 'Start job...'
Start job...
+ CONF_FILE=./common.conf
+ ckpt_day=20260615
+ : 1
+ '[' 1 -eq 1 ']'
++ date +%Y%m%d
+ current_date=20260617
+ temp_date=20260617
+ max_days=20
+ found=0
+ eday=
++ date -d '20260615 +1 day' +%Y%m%d
+ bday=20260616
+ count=0
+ [[ 20260617 -ge 20260616 ]]
+ '[' 0 -ge 20 ']'
+ done_file_path=hdfs://DClusterUS1/user/prod_soda_trade_strategy/rank/zhangshuai/MX/mew_sam/data_df_all//20260617/_SUCCESS
+ /usr/local/hadoop-current/bin/hadoop fs -test -e hdfs://DClusterUS1/user/prod_soda_trade_strategy/rank/zhangshuai/MX/mew_sam/data_df_all//20260617/_SUCCESS
++ date -d '20260617 -1 day' +%Y%m%d
+ temp_date=20260616
+ [[ 0 -ne 0 ]]
+ count=1
+ [[ 20260616 -ge 20260616 ]]
+ '[' 1 -ge 20 ']'
+ done_file_path=hdfs://DClusterUS1/user/prod_soda_trade_strategy/rank/zhangshuai/MX/mew_sam/data_df_all//20260616/_SUCCESS
+ /usr/local/hadoop-current/bin/hadoop fs -test -e hdfs://DClusterUS1/user/prod_soda_trade_strategy/rank/zhangshuai/MX/mew_sam/data_df_all//20260616/_SUCCESS
++ date -d '20260616 -1 day' +%Y%m%d
+ temp_date=20260615
+ [[ 0 -ne 0 ]]
+ count=2
+ [[ 20260615 -ge 20260616 ]]
+ [[ 0 -eq 0 ]]
+ echo 'no ready day'
no ready day
+ exit 1
+ cleanup
+ rm -f my_job.lock
=== 2026-06-17 04:15:01 ===
submit_luban.sh: line 3: /home/luban/.bash_profile: No such file or directory
+ set -e
+ LOCK_FILE=my_job.lock
+ '[' -f my_job.lock ']'
+ echo 1093791
+ trap cleanup EXIT
+ echo 'Start job...'
Start job...
+ CONF_FILE=./common.conf
+ ckpt_day=20260615
+ : 1
+ '[' 1 -eq 1 ']'
++ date +%Y%m%d
+ current_date=20260617
+ temp_date=20260617
+ max_days=20
+ found=0
+ eday=
++ date -d '20260615 +1 day' +%Y%m%d
+ bday=20260616
+ count=0
+ [[ 20260617 -ge 20260616 ]]
+ '[' 0 -ge 20 ']'
+ done_file_path=hdfs://DClusterUS1/user/prod_soda_trade_strategy/rank/zhangshuai/MX/mew_sam/data_df_all//20260617/_SUCCESS
+ /usr/local/hadoop-current/bin/hadoop fs -test -e hdfs://DClusterUS1/user/prod_soda_trade_strategy/rank/zhangshuai/MX/mew_sam/data_df_all//20260617/_SUCCESS
++ date -d '20260617 -1 day' +%Y%m%d
+ temp_date=20260616
+ [[ 0 -ne 0 ]]
+ count=1
+ [[ 20260616 -ge 20260616 ]]
+ '[' 1 -ge 20 ']'
+ done_file_path=hdfs://DClusterUS1/user/prod_soda_trade_strategy/rank/zhangshuai/MX/mew_sam/data_df_all//20260616/_SUCCESS
+ /usr/local/hadoop-current/bin/hadoop fs -test -e hdfs://DClusterUS1/user/prod_soda_trade_strategy/rank/zhangshuai/MX/mew_sam/data_df_all//20260616/_SUCCESS
++ date -d '20260616 -1 day' +%Y%m%d
+ temp_date=20260615
+ [[ 0 -ne 0 ]]
+ count=2
+ [[ 20260615 -ge 20260616 ]]
+ [[ 0 -eq 0 ]]
+ echo 'no ready day'
no ready day
+ exit 1
+ cleanup
+ rm -f my_job.lock
=== 2026-06-17 04:20:01 ===
submit_luban.sh: line 3: /home/luban/.bash_profile: No such file or directory
+ set -e
+ LOCK_FILE=my_job.lock
+ '[' -f my_job.lock ']'
+ echo 1099922
+ trap cleanup EXIT
+ echo 'Start job...'
Start job...
+ CONF_FILE=./common.conf
+ ckpt_day=20260615
+ : 1
+ '[' 1 -eq 1 ']'
++ date +%Y%m%d
+ current_date=20260617
+ temp_date=20260617
+ max_days=20
+ found=0
+ eday=
++ date -d '20260615 +1 day' +%Y%m%d
+ bday=20260616
+ count=0
+ [[ 20260617 -ge 20260616 ]]
+ '[' 0 -ge 20 ']'
+ done_file_path=hdfs://DClusterUS1/user/prod_soda_trade_strategy/rank/zhangshuai/MX/mew_sam/data_df_all//20260617/_SUCCESS
+ /usr/local/hadoop-current/bin/hadoop fs -test -e hdfs://DClusterUS1/user/prod_soda_trade_strategy/rank/zhangshuai/MX/mew_sam/data_df_all//20260617/_SUCCESS
++ date -d '20260617 -1 day' +%Y%m%d
+ temp_date=20260616
+ [[ 0 -ne 0 ]]
+ count=1
+ [[ 20260616 -ge 20260616 ]]
+ '[' 1 -ge 20 ']'
+ done_file_path=hdfs://DClusterUS1/user/prod_soda_trade_strategy/rank/zhangshuai/MX/mew_sam/data_df_all//20260616/_SUCCESS
+ /usr/local/hadoop-current/bin/hadoop fs -test -e hdfs://DClusterUS1/user/prod_soda_trade_strategy/rank/zhangshuai/MX/mew_sam/data_df_all//20260616/_SUCCESS
++ date -d '20260616 -1 day' +%Y%m%d
+ temp_date=20260615
+ [[ 0 -ne 0 ]]
+ count=2
+ [[ 20260615 -ge 20260616 ]]
+ [[ 0 -eq 0 ]]
+ echo 'no ready day'
no ready day
+ exit 1
+ cleanup
+ rm -f my_job.lock
=== 2026-06-17 04:25:01 ===
submit_luban.sh: line 3: /home/luban/.bash_profile: No such file or directory
+ set -e
+ LOCK_FILE=my_job.lock
+ '[' -f my_job.lock ']'
+ echo 1106054
+ trap cleanup EXIT
+ echo 'Start job...'
Start job...
+ CONF_FILE=./common.conf
+ ckpt_day=20260615
+ : 1
+ '[' 1 -eq 1 ']'
++ date +%Y%m%d
+ current_date=20260617
+ temp_date=20260617
+ max_days=20
+ found=0
+ eday=
++ date -d '20260615 +1 day' +%Y%m%d
+ bday=20260616
+ count=0
+ [[ 20260617 -ge 20260616 ]]
+ '[' 0 -ge 20 ']'
+ done_file_path=hdfs://DClusterUS1/user/prod_soda_trade_strategy/rank/zhangshuai/MX/mew_sam/data_df_all//20260617/_SUCCESS
+ /usr/local/hadoop-current/bin/hadoop fs -test -e hdfs://DClusterUS1/user/prod_soda_trade_strategy/rank/zhangshuai/MX/mew_sam/data_df_all//20260617/_SUCCESS
++ date -d '20260617 -1 day' +%Y%m%d
+ temp_date=20260616
+ [[ 0 -ne 0 ]]
+ count=1
+ [[ 20260616 -ge 20260616 ]]
+ '[' 1 -ge 20 ']'
+ done_file_path=hdfs://DClusterUS1/user/prod_soda_trade_strategy/rank/zhangshuai/MX/mew_sam/data_df_all//20260616/_SUCCESS
+ /usr/local/hadoop-current/bin/hadoop fs -test -e hdfs://DClusterUS1/user/prod_soda_trade_strategy/rank/zhangshuai/MX/mew_sam/data_df_all//20260616/_SUCCESS
++ date -d '20260616 -1 day' +%Y%m%d
+ temp_date=20260615
+ [[ 0 -ne 0 ]]
+ count=2
+ [[ 20260615 -ge 20260616 ]]
+ [[ 0 -eq 0 ]]
+ echo 'no ready day'
no ready day
+ exit 1
+ cleanup
+ rm -f my_job.lock
=== 2026-06-17 04:30:01 ===
submit_luban.sh: line 3: /home/luban/.bash_profile: No such file or directory
+ set -e
+ LOCK_FILE=my_job.lock
+ '[' -f my_job.lock ']'
+ echo 1112182
+ trap cleanup EXIT
+ echo 'Start job...'
Start job...
+ CONF_FILE=./common.conf
+ ckpt_day=20260615
+ : 1
+ '[' 1 -eq 1 ']'
++ date +%Y%m%d
+ current_date=20260617
+ temp_date=20260617
+ max_days=20
+ found=0
+ eday=
++ date -d '20260615 +1 day' +%Y%m%d
+ bday=20260616
+ count=0
+ [[ 20260617 -ge 20260616 ]]
+ '[' 0 -ge 20 ']'
+ done_file_path=hdfs://DClusterUS1/user/prod_soda_trade_strategy/rank/zhangshuai/MX/mew_sam/data_df_all//20260617/_SUCCESS
+ /usr/local/hadoop-current/bin/hadoop fs -test -e hdfs://DClusterUS1/user/prod_soda_trade_strategy/rank/zhangshuai/MX/mew_sam/data_df_all//20260617/_SUCCESS
++ date -d '20260617 -1 day' +%Y%m%d
+ temp_date=20260616
+ [[ 0 -ne 0 ]]
+ count=1
+ [[ 20260616 -ge 20260616 ]]
+ '[' 1 -ge 20 ']'
+ done_file_path=hdfs://DClusterUS1/user/prod_soda_trade_strategy/rank/zhangshuai/MX/mew_sam/data_df_all//20260616/_SUCCESS
+ /usr/local/hadoop-current/bin/hadoop fs -test -e hdfs://DClusterUS1/user/prod_soda_trade_strategy/rank/zhangshuai/MX/mew_sam/data_df_all//20260616/_SUCCESS
++ date -d '20260616 -1 day' +%Y%m%d
+ temp_date=20260615
+ [[ 0 -ne 0 ]]
+ count=2
+ [[ 20260615 -ge 20260616 ]]
+ [[ 0 -eq 0 ]]
+ echo 'no ready day'
no ready day
+ exit 1
+ cleanup
+ rm -f my_job.lock
=== 2026-06-17 04:35:01 ===
submit_luban.sh: line 3: /home/luban/.bash_profile: No such file or directory
+ set -e
+ LOCK_FILE=my_job.lock
+ '[' -f my_job.lock ']'
+ echo 1118300
+ trap cleanup EXIT
+ echo 'Start job...'
Start job...
+ CONF_FILE=./common.conf
+ ckpt_day=20260615
+ : 1
+ '[' 1 -eq 1 ']'
++ date +%Y%m%d
+ current_date=20260617
+ temp_date=20260617
+ max_days=20
+ found=0
+ eday=
++ date -d '20260615 +1 day' +%Y%m%d
+ bday=20260616
+ count=0
+ [[ 20260617 -ge 20260616 ]]
+ '[' 0 -ge 20 ']'
+ done_file_path=hdfs://DClusterUS1/user/prod_soda_trade_strategy/rank/zhangshuai/MX/mew_sam/data_df_all//20260617/_SUCCESS
+ /usr/local/hadoop-current/bin/hadoop fs -test -e hdfs://DClusterUS1/user/prod_soda_trade_strategy/rank/zhangshuai/MX/mew_sam/data_df_all//20260617/_SUCCESS
++ date -d '20260617 -1 day' +%Y%m%d
+ temp_date=20260616
+ [[ 0 -ne 0 ]]
+ count=1
+ [[ 20260616 -ge 20260616 ]]
+ '[' 1 -ge 20 ']'
+ done_file_path=hdfs://DClusterUS1/user/prod_soda_trade_strategy/rank/zhangshuai/MX/mew_sam/data_df_all//20260616/_SUCCESS
+ /usr/local/hadoop-current/bin/hadoop fs -test -e hdfs://DClusterUS1/user/prod_soda_trade_strategy/rank/zhangshuai/MX/mew_sam/data_df_all//20260616/_SUCCESS
++ date -d '20260616 -1 day' +%Y%m%d
+ temp_date=20260615
+ [[ 0 -ne 0 ]]
+ count=2
+ [[ 20260615 -ge 20260616 ]]
+ [[ 0 -eq 0 ]]
+ echo 'no ready day'
no ready day
+ exit 1
+ cleanup
+ rm -f my_job.lock
=== 2026-06-17 04:40:01 ===
submit_luban.sh: line 3: /home/luban/.bash_profile: No such file or directory
+ set -e
+ LOCK_FILE=my_job.lock
+ '[' -f my_job.lock ']'
+ echo 1124701
+ trap cleanup EXIT
+ echo 'Start job...'
Start job...
+ CONF_FILE=./common.conf
+ ckpt_day=20260615
+ : 1
+ '[' 1 -eq 1 ']'
++ date +%Y%m%d
+ current_date=20260617
+ temp_date=20260617
+ max_days=20
+ found=0
+ eday=
++ date -d '20260615 +1 day' +%Y%m%d
+ bday=20260616
+ count=0
+ [[ 20260617 -ge 20260616 ]]
+ '[' 0 -ge 20 ']'
+ done_file_path=hdfs://DClusterUS1/user/prod_soda_trade_strategy/rank/zhangshuai/MX/mew_sam/data_df_all//20260617/_SUCCESS
+ /usr/local/hadoop-current/bin/hadoop fs -test -e hdfs://DClusterUS1/user/prod_soda_trade_strategy/rank/zhangshuai/MX/mew_sam/data_df_all//20260617/_SUCCESS
++ date -d '20260617 -1 day' +%Y%m%d
+ temp_date=20260616
+ [[ 0 -ne 0 ]]
+ count=1
+ [[ 20260616 -ge 20260616 ]]
+ '[' 1 -ge 20 ']'
+ done_file_path=hdfs://DClusterUS1/user/prod_soda_trade_strategy/rank/zhangshuai/MX/mew_sam/data_df_all//20260616/_SUCCESS
+ /usr/local/hadoop-current/bin/hadoop fs -test -e hdfs://DClusterUS1/user/prod_soda_trade_strategy/rank/zhangshuai/MX/mew_sam/data_df_all//20260616/_SUCCESS
++ date -d '20260616 -1 day' +%Y%m%d
+ temp_date=20260615
+ [[ 0 -ne 0 ]]
+ count=2
+ [[ 20260615 -ge 20260616 ]]
+ [[ 0 -eq 0 ]]
+ echo 'no ready day'
no ready day
+ exit 1
+ cleanup
+ rm -f my_job.lock
=== 2026-06-17 04:45:01 ===
submit_luban.sh: line 3: /home/luban/.bash_profile: No such file or directory
+ set -e
+ LOCK_FILE=my_job.lock
+ '[' -f my_job.lock ']'
+ echo 1130824
+ trap cleanup EXIT
+ echo 'Start job...'
Start job...
+ CONF_FILE=./common.conf
+ ckpt_day=20260615
+ : 1
+ '[' 1 -eq 1 ']'
++ date +%Y%m%d
+ current_date=20260617
+ temp_date=20260617
+ max_days=20
+ found=0
+ eday=
++ date -d '20260615 +1 day' +%Y%m%d
+ bday=20260616
+ count=0
+ [[ 20260617 -ge 20260616 ]]
+ '[' 0 -ge 20 ']'
+ done_file_path=hdfs://DClusterUS1/user/prod_soda_trade_strategy/rank/zhangshuai/MX/mew_sam/data_df_all//20260617/_SUCCESS
+ /usr/local/hadoop-current/bin/hadoop fs -test -e hdfs://DClusterUS1/user/prod_soda_trade_strategy/rank/zhangshuai/MX/mew_sam/data_df_all//20260617/_SUCCESS
++ date -d '20260617 -1 day' +%Y%m%d
+ temp_date=20260616
+ [[ 0 -ne 0 ]]
+ count=1
+ [[ 20260616 -ge 20260616 ]]
+ '[' 1 -ge 20 ']'
+ done_file_path=hdfs://DClusterUS1/user/prod_soda_trade_strategy/rank/zhangshuai/MX/mew_sam/data_df_all//20260616/_SUCCESS
+ /usr/local/hadoop-current/bin/hadoop fs -test -e hdfs://DClusterUS1/user/prod_soda_trade_strategy/rank/zhangshuai/MX/mew_sam/data_df_all//20260616/_SUCCESS
++ date -d '20260616 -1 day' +%Y%m%d
+ temp_date=20260615
+ [[ 0 -ne 0 ]]
+ count=2
+ [[ 20260615 -ge 20260616 ]]
+ [[ 0 -eq 0 ]]
+ echo 'no ready day'
no ready day
+ exit 1
+ cleanup
+ rm -f my_job.lock
=== 2026-06-17 04:50:01 ===
submit_luban.sh: line 3: /home/luban/.bash_profile: No such file or directory
+ set -e
+ LOCK_FILE=my_job.lock
+ '[' -f my_job.lock ']'
+ echo 1136943
+ trap cleanup EXIT
+ echo 'Start job...'
Start job...
+ CONF_FILE=./common.conf
+ ckpt_day=20260615
+ : 1
+ '[' 1 -eq 1 ']'
++ date +%Y%m%d
+ current_date=20260617
+ temp_date=20260617
+ max_days=20
+ found=0
+ eday=
++ date -d '20260615 +1 day' +%Y%m%d
+ bday=20260616
+ count=0
+ [[ 20260617 -ge 20260616 ]]
+ '[' 0 -ge 20 ']'
+ done_file_path=hdfs://DClusterUS1/user/prod_soda_trade_strategy/rank/zhangshuai/MX/mew_sam/data_df_all//20260617/_SUCCESS
+ /usr/local/hadoop-current/bin/hadoop fs -test -e hdfs://DClusterUS1/user/prod_soda_trade_strategy/rank/zhangshuai/MX/mew_sam/data_df_all//20260617/_SUCCESS
++ date -d '20260617 -1 day' +%Y%m%d
+ temp_date=20260616
+ [[ 0 -ne 0 ]]
+ count=1
+ [[ 20260616 -ge 20260616 ]]
+ '[' 1 -ge 20 ']'
+ done_file_path=hdfs://DClusterUS1/user/prod_soda_trade_strategy/rank/zhangshuai/MX/mew_sam/data_df_all//20260616/_SUCCESS
+ /usr/local/hadoop-current/bin/hadoop fs -test -e hdfs://DClusterUS1/user/prod_soda_trade_strategy/rank/zhangshuai/MX/mew_sam/data_df_all//20260616/_SUCCESS
++ date -d '20260616 -1 day' +%Y%m%d
+ temp_date=20260615
+ [[ 0 -ne 0 ]]
+ count=2
+ [[ 20260615 -ge 20260616 ]]
+ [[ 0 -eq 0 ]]
+ echo 'no ready day'
no ready day
+ exit 1
+ cleanup
+ rm -f my_job.lock
=== 2026-06-17 04:55:01 ===
submit_luban.sh: line 3: /home/luban/.bash_profile: No such file or directory
+ set -e
+ LOCK_FILE=my_job.lock
+ '[' -f my_job.lock ']'
+ echo 1143063
+ trap cleanup EXIT
+ echo 'Start job...'
Start job...
+ CONF_FILE=./common.conf
+ ckpt_day=20260615
+ : 1
+ '[' 1 -eq 1 ']'
++ date +%Y%m%d
+ current_date=20260617
+ temp_date=20260617
+ max_days=20
+ found=0
+ eday=
++ date -d '20260615 +1 day' +%Y%m%d
+ bday=20260616
+ count=0
+ [[ 20260617 -ge 20260616 ]]
+ '[' 0 -ge 20 ']'
+ done_file_path=hdfs://DClusterUS1/user/prod_soda_trade_strategy/rank/zhangshuai/MX/mew_sam/data_df_all//20260617/_SUCCESS
+ /usr/local/hadoop-current/bin/hadoop fs -test -e hdfs://DClusterUS1/user/prod_soda_trade_strategy/rank/zhangshuai/MX/mew_sam/data_df_all//20260617/_SUCCESS
++ date -d '20260617 -1 day' +%Y%m%d
+ temp_date=20260616
+ [[ 0 -ne 0 ]]
+ count=1
+ [[ 20260616 -ge 20260616 ]]
+ '[' 1 -ge 20 ']'
+ done_file_path=hdfs://DClusterUS1/user/prod_soda_trade_strategy/rank/zhangshuai/MX/mew_sam/data_df_all//20260616/_SUCCESS
+ /usr/local/hadoop-current/bin/hadoop fs -test -e hdfs://DClusterUS1/user/prod_soda_trade_strategy/rank/zhangshuai/MX/mew_sam/data_df_all//20260616/_SUCCESS
++ date -d '20260616 -1 day' +%Y%m%d
+ temp_date=20260615
+ [[ 0 -ne 0 ]]
+ count=2
+ [[ 20260615 -ge 20260616 ]]
+ [[ 0 -eq 0 ]]
+ echo 'no ready day'
no ready day
+ exit 1
+ cleanup
+ rm -f my_job.lock
=== 2026-06-17 05:00:01 ===
submit_luban.sh: line 3: /home/luban/.bash_profile: No such file or directory
+ set -e
+ LOCK_FILE=my_job.lock
+ '[' -f my_job.lock ']'
+ echo 1149179
+ trap cleanup EXIT
+ echo 'Start job...'
Start job...
+ CONF_FILE=./common.conf
+ ckpt_day=20260615
+ : 1
+ '[' 1 -eq 1 ']'
++ date +%Y%m%d
+ current_date=20260617
+ temp_date=20260617
+ max_days=20
+ found=0
+ eday=
++ date -d '20260615 +1 day' +%Y%m%d
+ bday=20260616
+ count=0
+ [[ 20260617 -ge 20260616 ]]
+ '[' 0 -ge 20 ']'
+ done_file_path=hdfs://DClusterUS1/user/prod_soda_trade_strategy/rank/zhangshuai/MX/mew_sam/data_df_all//20260617/_SUCCESS
+ /usr/local/hadoop-current/bin/hadoop fs -test -e hdfs://DClusterUS1/user/prod_soda_trade_strategy/rank/zhangshuai/MX/mew_sam/data_df_all//20260617/_SUCCESS
++ date -d '20260617 -1 day' +%Y%m%d
+ temp_date=20260616
+ [[ 0 -ne 0 ]]
+ count=1
+ [[ 20260616 -ge 20260616 ]]
+ '[' 1 -ge 20 ']'
+ done_file_path=hdfs://DClusterUS1/user/prod_soda_trade_strategy/rank/zhangshuai/MX/mew_sam/data_df_all//20260616/_SUCCESS
+ /usr/local/hadoop-current/bin/hadoop fs -test -e hdfs://DClusterUS1/user/prod_soda_trade_strategy/rank/zhangshuai/MX/mew_sam/data_df_all//20260616/_SUCCESS
++ date -d '20260616 -1 day' +%Y%m%d
+ temp_date=20260615
+ [[ 0 -ne 0 ]]
+ count=2
+ [[ 20260615 -ge 20260616 ]]
+ [[ 0 -eq 0 ]]
+ echo 'no ready day'
no ready day
+ exit 1
+ cleanup
+ rm -f my_job.lock
=== 2026-06-17 05:05:01 ===
submit_luban.sh: line 3: /home/luban/.bash_profile: No such file or directory
+ set -e
+ LOCK_FILE=my_job.lock
+ '[' -f my_job.lock ']'
+ echo 1155291
+ trap cleanup EXIT
+ echo 'Start job...'
Start job...
+ CONF_FILE=./common.conf
+ ckpt_day=20260615
+ : 1
+ '[' 1 -eq 1 ']'
++ date +%Y%m%d
+ current_date=20260617
+ temp_date=20260617
+ max_days=20
+ found=0
+ eday=
++ date -d '20260615 +1 day' +%Y%m%d
+ bday=20260616
+ count=0
+ [[ 20260617 -ge 20260616 ]]
+ '[' 0 -ge 20 ']'
+ done_file_path=hdfs://DClusterUS1/user/prod_soda_trade_strategy/rank/zhangshuai/MX/mew_sam/data_df_all//20260617/_SUCCESS
+ /usr/local/hadoop-current/bin/hadoop fs -test -e hdfs://DClusterUS1/user/prod_soda_trade_strategy/rank/zhangshuai/MX/mew_sam/data_df_all//20260617/_SUCCESS
++ date -d '20260617 -1 day' +%Y%m%d
+ temp_date=20260616
+ [[ 0 -ne 0 ]]
+ count=1
+ [[ 20260616 -ge 20260616 ]]
+ '[' 1 -ge 20 ']'
+ done_file_path=hdfs://DClusterUS1/user/prod_soda_trade_strategy/rank/zhangshuai/MX/mew_sam/data_df_all//20260616/_SUCCESS
+ /usr/local/hadoop-current/bin/hadoop fs -test -e hdfs://DClusterUS1/user/prod_soda_trade_strategy/rank/zhangshuai/MX/mew_sam/data_df_all//20260616/_SUCCESS
++ date -d '20260616 -1 day' +%Y%m%d
+ temp_date=20260615
+ [[ 0 -ne 0 ]]
+ count=2
+ [[ 20260615 -ge 20260616 ]]
+ [[ 0 -eq 0 ]]
+ echo 'no ready day'
no ready day
+ exit 1
+ cleanup
+ rm -f my_job.lock
=== 2026-06-17 05:10:01 ===
submit_luban.sh: line 3: /home/luban/.bash_profile: No such file or directory
+ set -e
+ LOCK_FILE=my_job.lock
+ '[' -f my_job.lock ']'
+ echo 1161961
+ trap cleanup EXIT
+ echo 'Start job...'
Start job...
+ CONF_FILE=./common.conf
+ ckpt_day=20260615
+ : 1
+ '[' 1 -eq 1 ']'
++ date +%Y%m%d
+ current_date=20260617
+ temp_date=20260617
+ max_days=20
+ found=0
+ eday=
++ date -d '20260615 +1 day' +%Y%m%d
+ bday=20260616
+ count=0
+ [[ 20260617 -ge 20260616 ]]
+ '[' 0 -ge 20 ']'
+ done_file_path=hdfs://DClusterUS1/user/prod_soda_trade_strategy/rank/zhangshuai/MX/mew_sam/data_df_all//20260617/_SUCCESS
+ /usr/local/hadoop-current/bin/hadoop fs -test -e hdfs://DClusterUS1/user/prod_soda_trade_strategy/rank/zhangshuai/MX/mew_sam/data_df_all//20260617/_SUCCESS
++ date -d '20260617 -1 day' +%Y%m%d
+ temp_date=20260616
+ [[ 0 -ne 0 ]]
+ count=1
+ [[ 20260616 -ge 20260616 ]]
+ '[' 1 -ge 20 ']'
+ done_file_path=hdfs://DClusterUS1/user/prod_soda_trade_strategy/rank/zhangshuai/MX/mew_sam/data_df_all//20260616/_SUCCESS
+ /usr/local/hadoop-current/bin/hadoop fs -test -e hdfs://DClusterUS1/user/prod_soda_trade_strategy/rank/zhangshuai/MX/mew_sam/data_df_all//20260616/_SUCCESS
++ date -d '20260616 -1 day' +%Y%m%d
+ temp_date=20260615
+ [[ 0 -ne 0 ]]
+ count=2
+ [[ 20260615 -ge 20260616 ]]
+ [[ 0 -eq 0 ]]
+ echo 'no ready day'
no ready day
+ exit 1
+ cleanup
+ rm -f my_job.lock
=== 2026-06-17 05:15:01 ===
submit_luban.sh: line 3: /home/luban/.bash_profile: No such file or directory
+ set -e
+ LOCK_FILE=my_job.lock
+ '[' -f my_job.lock ']'
+ echo 1168108
+ trap cleanup EXIT
+ echo 'Start job...'
Start job...
+ CONF_FILE=./common.conf
+ ckpt_day=20260615
+ : 1
+ '[' 1 -eq 1 ']'
++ date +%Y%m%d
+ current_date=20260617
+ temp_date=20260617
+ max_days=20
+ found=0
+ eday=
++ date -d '20260615 +1 day' +%Y%m%d
+ bday=20260616
+ count=0
+ [[ 20260617 -ge 20260616 ]]
+ '[' 0 -ge 20 ']'
+ done_file_path=hdfs://DClusterUS1/user/prod_soda_trade_strategy/rank/zhangshuai/MX/mew_sam/data_df_all//20260617/_SUCCESS
+ /usr/local/hadoop-current/bin/hadoop fs -test -e hdfs://DClusterUS1/user/prod_soda_trade_strategy/rank/zhangshuai/MX/mew_sam/data_df_all//20260617/_SUCCESS
++ date -d '20260617 -1 day' +%Y%m%d
+ temp_date=20260616
+ [[ 0 -ne 0 ]]
+ count=1
+ [[ 20260616 -ge 20260616 ]]
+ '[' 1 -ge 20 ']'
+ done_file_path=hdfs://DClusterUS1/user/prod_soda_trade_strategy/rank/zhangshuai/MX/mew_sam/data_df_all//20260616/_SUCCESS
+ /usr/local/hadoop-current/bin/hadoop fs -test -e hdfs://DClusterUS1/user/prod_soda_trade_strategy/rank/zhangshuai/MX/mew_sam/data_df_all//20260616/_SUCCESS
++ date -d '20260616 -1 day' +%Y%m%d
+ temp_date=20260615
+ [[ 0 -ne 0 ]]
+ count=2
+ [[ 20260615 -ge 20260616 ]]
+ [[ 0 -eq 0 ]]
+ echo 'no ready day'
no ready day
+ exit 1
+ cleanup
+ rm -f my_job.lock
=== 2026-06-17 05:20:01 ===
submit_luban.sh: line 3: /home/luban/.bash_profile: No such file or directory
+ set -e
+ LOCK_FILE=my_job.lock
+ '[' -f my_job.lock ']'
+ echo 1174224
+ trap cleanup EXIT
+ echo 'Start job...'
Start job...
+ CONF_FILE=./common.conf
+ ckpt_day=20260615
+ : 1
+ '[' 1 -eq 1 ']'
++ date +%Y%m%d
+ current_date=20260617
+ temp_date=20260617
+ max_days=20
+ found=0
+ eday=
++ date -d '20260615 +1 day' +%Y%m%d
+ bday=20260616
+ count=0
+ [[ 20260617 -ge 20260616 ]]
+ '[' 0 -ge 20 ']'
+ done_file_path=hdfs://DClusterUS1/user/prod_soda_trade_strategy/rank/zhangshuai/MX/mew_sam/data_df_all//20260617/_SUCCESS
+ /usr/local/hadoop-current/bin/hadoop fs -test -e hdfs://DClusterUS1/user/prod_soda_trade_strategy/rank/zhangshuai/MX/mew_sam/data_df_all//20260617/_SUCCESS
++ date -d '20260617 -1 day' +%Y%m%d
+ temp_date=20260616
+ [[ 0 -ne 0 ]]
+ count=1
+ [[ 20260616 -ge 20260616 ]]
+ '[' 1 -ge 20 ']'
+ done_file_path=hdfs://DClusterUS1/user/prod_soda_trade_strategy/rank/zhangshuai/MX/mew_sam/data_df_all//20260616/_SUCCESS
+ /usr/local/hadoop-current/bin/hadoop fs -test -e hdfs://DClusterUS1/user/prod_soda_trade_strategy/rank/zhangshuai/MX/mew_sam/data_df_all//20260616/_SUCCESS
++ date -d '20260616 -1 day' +%Y%m%d
+ temp_date=20260615
+ [[ 0 -ne 0 ]]
+ count=2
+ [[ 20260615 -ge 20260616 ]]
+ [[ 0 -eq 0 ]]
+ echo 'no ready day'
no ready day
+ exit 1
+ cleanup
+ rm -f my_job.lock
=== 2026-06-17 05:25:01 ===
submit_luban.sh: line 3: /home/luban/.bash_profile: No such file or directory
+ set -e
+ LOCK_FILE=my_job.lock
+ '[' -f my_job.lock ']'
+ echo 1180352
+ trap cleanup EXIT
+ echo 'Start job...'
Start job...
+ CONF_FILE=./common.conf
+ ckpt_day=20260615
+ : 1
+ '[' 1 -eq 1 ']'
++ date +%Y%m%d
+ current_date=20260617
+ temp_date=20260617
+ max_days=20
+ found=0
+ eday=
++ date -d '20260615 +1 day' +%Y%m%d
+ bday=20260616
+ count=0
+ [[ 20260617 -ge 20260616 ]]
+ '[' 0 -ge 20 ']'
+ done_file_path=hdfs://DClusterUS1/user/prod_soda_trade_strategy/rank/zhangshuai/MX/mew_sam/data_df_all//20260617/_SUCCESS
+ /usr/local/hadoop-current/bin/hadoop fs -test -e hdfs://DClusterUS1/user/prod_soda_trade_strategy/rank/zhangshuai/MX/mew_sam/data_df_all//20260617/_SUCCESS
++ date -d '20260617 -1 day' +%Y%m%d
+ temp_date=20260616
+ [[ 0 -ne 0 ]]
+ count=1
+ [[ 20260616 -ge 20260616 ]]
+ '[' 1 -ge 20 ']'
+ done_file_path=hdfs://DClusterUS1/user/prod_soda_trade_strategy/rank/zhangshuai/MX/mew_sam/data_df_all//20260616/_SUCCESS
+ /usr/local/hadoop-current/bin/hadoop fs -test -e hdfs://DClusterUS1/user/prod_soda_trade_strategy/rank/zhangshuai/MX/mew_sam/data_df_all//20260616/_SUCCESS
++ date -d '20260616 -1 day' +%Y%m%d
+ temp_date=20260615
+ [[ 0 -ne 0 ]]
+ count=2
+ [[ 20260615 -ge 20260616 ]]
+ [[ 0 -eq 0 ]]
+ echo 'no ready day'
no ready day
+ exit 1
+ cleanup
+ rm -f my_job.lock
=== 2026-06-17 05:30:01 ===
submit_luban.sh: line 3: /home/luban/.bash_profile: No such file or directory
+ set -e
+ LOCK_FILE=my_job.lock
+ '[' -f my_job.lock ']'
+ echo 1186476
+ trap cleanup EXIT
+ echo 'Start job...'
Start job...
+ CONF_FILE=./common.conf
+ ckpt_day=20260615
+ : 1
+ '[' 1 -eq 1 ']'
++ date +%Y%m%d
+ current_date=20260617
+ temp_date=20260617
+ max_days=20
+ found=0
+ eday=
++ date -d '20260615 +1 day' +%Y%m%d
+ bday=20260616
+ count=0
+ [[ 20260617 -ge 20260616 ]]
+ '[' 0 -ge 20 ']'
+ done_file_path=hdfs://DClusterUS1/user/prod_soda_trade_strategy/rank/zhangshuai/MX/mew_sam/data_df_all//20260617/_SUCCESS
+ /usr/local/hadoop-current/bin/hadoop fs -test -e hdfs://DClusterUS1/user/prod_soda_trade_strategy/rank/zhangshuai/MX/mew_sam/data_df_all//20260617/_SUCCESS
++ date -d '20260617 -1 day' +%Y%m%d
+ temp_date=20260616
+ [[ 0 -ne 0 ]]
+ count=1
+ [[ 20260616 -ge 20260616 ]]
+ '[' 1 -ge 20 ']'
+ done_file_path=hdfs://DClusterUS1/user/prod_soda_trade_strategy/rank/zhangshuai/MX/mew_sam/data_df_all//20260616/_SUCCESS
+ /usr/local/hadoop-current/bin/hadoop fs -test -e hdfs://DClusterUS1/user/prod_soda_trade_strategy/rank/zhangshuai/MX/mew_sam/data_df_all//20260616/_SUCCESS
++ date -d '20260616 -1 day' +%Y%m%d
+ temp_date=20260615
+ [[ 0 -ne 0 ]]
+ count=2
+ [[ 20260615 -ge 20260616 ]]
+ [[ 0 -eq 0 ]]
+ echo 'no ready day'
no ready day
+ exit 1
+ cleanup
+ rm -f my_job.lock
=== 2026-06-17 05:35:01 ===
submit_luban.sh: line 3: /home/luban/.bash_profile: No such file or directory
+ set -e
+ LOCK_FILE=my_job.lock
+ '[' -f my_job.lock ']'
+ echo 1192594
+ trap cleanup EXIT
+ echo 'Start job...'
Start job...
+ CONF_FILE=./common.conf
+ ckpt_day=20260615
+ : 1
+ '[' 1 -eq 1 ']'
++ date +%Y%m%d
+ current_date=20260617
+ temp_date=20260617
+ max_days=20
+ found=0
+ eday=
++ date -d '20260615 +1 day' +%Y%m%d
+ bday=20260616
+ count=0
+ [[ 20260617 -ge 20260616 ]]
+ '[' 0 -ge 20 ']'
+ done_file_path=hdfs://DClusterUS1/user/prod_soda_trade_strategy/rank/zhangshuai/MX/mew_sam/data_df_all//20260617/_SUCCESS
+ /usr/local/hadoop-current/bin/hadoop fs -test -e hdfs://DClusterUS1/user/prod_soda_trade_strategy/rank/zhangshuai/MX/mew_sam/data_df_all//20260617/_SUCCESS
++ date -d '20260617 -1 day' +%Y%m%d
+ temp_date=20260616
+ [[ 0 -ne 0 ]]
+ count=1
+ [[ 20260616 -ge 20260616 ]]
+ '[' 1 -ge 20 ']'
+ done_file_path=hdfs://DClusterUS1/user/prod_soda_trade_strategy/rank/zhangshuai/MX/mew_sam/data_df_all//20260616/_SUCCESS
+ /usr/local/hadoop-current/bin/hadoop fs -test -e hdfs://DClusterUS1/user/prod_soda_trade_strategy/rank/zhangshuai/MX/mew_sam/data_df_all//20260616/_SUCCESS
++ date -d '20260616 -1 day' +%Y%m%d
+ temp_date=20260615
+ [[ 0 -ne 0 ]]
+ count=2
+ [[ 20260615 -ge 20260616 ]]
+ [[ 0 -eq 0 ]]
+ echo 'no ready day'
no ready day
+ exit 1
+ cleanup
+ rm -f my_job.lock
=== 2026-06-17 05:40:01 ===
submit_luban.sh: line 3: /home/luban/.bash_profile: No such file or directory
+ set -e
+ LOCK_FILE=my_job.lock
+ '[' -f my_job.lock ']'
+ echo 1198715
+ trap cleanup EXIT
+ echo 'Start job...'
Start job...
+ CONF_FILE=./common.conf
+ ckpt_day=20260615
+ : 1
+ '[' 1 -eq 1 ']'
++ date +%Y%m%d
+ current_date=20260617
+ temp_date=20260617
+ max_days=20
+ found=0
+ eday=
++ date -d '20260615 +1 day' +%Y%m%d
+ bday=20260616
+ count=0
+ [[ 20260617 -ge 20260616 ]]
+ '[' 0 -ge 20 ']'
+ done_file_path=hdfs://DClusterUS1/user/prod_soda_trade_strategy/rank/zhangshuai/MX/mew_sam/data_df_all//20260617/_SUCCESS
+ /usr/local/hadoop-current/bin/hadoop fs -test -e hdfs://DClusterUS1/user/prod_soda_trade_strategy/rank/zhangshuai/MX/mew_sam/data_df_all//20260617/_SUCCESS
++ date -d '20260617 -1 day' +%Y%m%d
+ temp_date=20260616
+ [[ 0 -ne 0 ]]
+ count=1
+ [[ 20260616 -ge 20260616 ]]
+ '[' 1 -ge 20 ']'
+ done_file_path=hdfs://DClusterUS1/user/prod_soda_trade_strategy/rank/zhangshuai/MX/mew_sam/data_df_all//20260616/_SUCCESS
+ /usr/local/hadoop-current/bin/hadoop fs -test -e hdfs://DClusterUS1/user/prod_soda_trade_strategy/rank/zhangshuai/MX/mew_sam/data_df_all//20260616/_SUCCESS
++ date -d '20260616 -1 day' +%Y%m%d
+ temp_date=20260615
+ [[ 0 -ne 0 ]]
+ count=2
+ [[ 20260615 -ge 20260616 ]]
+ [[ 0 -eq 0 ]]
+ echo 'no ready day'
no ready day
+ exit 1
+ cleanup
+ rm -f my_job.lock
=== 2026-06-17 05:45:01 ===
submit_luban.sh: line 3: /home/luban/.bash_profile: No such file or directory
+ set -e
+ LOCK_FILE=my_job.lock
+ '[' -f my_job.lock ']'
+ echo 1204843
+ trap cleanup EXIT
+ echo 'Start job...'
Start job...
+ CONF_FILE=./common.conf
+ ckpt_day=20260615
+ : 1
+ '[' 1 -eq 1 ']'
++ date +%Y%m%d
+ current_date=20260617
+ temp_date=20260617
+ max_days=20
+ found=0
+ eday=
++ date -d '20260615 +1 day' +%Y%m%d
+ bday=20260616
+ count=0
+ [[ 20260617 -ge 20260616 ]]
+ '[' 0 -ge 20 ']'
+ done_file_path=hdfs://DClusterUS1/user/prod_soda_trade_strategy/rank/zhangshuai/MX/mew_sam/data_df_all//20260617/_SUCCESS
+ /usr/local/hadoop-current/bin/hadoop fs -test -e hdfs://DClusterUS1/user/prod_soda_trade_strategy/rank/zhangshuai/MX/mew_sam/data_df_all//20260617/_SUCCESS
++ date -d '20260617 -1 day' +%Y%m%d
+ temp_date=20260616
+ [[ 0 -ne 0 ]]
+ count=1
+ [[ 20260616 -ge 20260616 ]]
+ '[' 1 -ge 20 ']'
+ done_file_path=hdfs://DClusterUS1/user/prod_soda_trade_strategy/rank/zhangshuai/MX/mew_sam/data_df_all//20260616/_SUCCESS
+ /usr/local/hadoop-current/bin/hadoop fs -test -e hdfs://DClusterUS1/user/prod_soda_trade_strategy/rank/zhangshuai/MX/mew_sam/data_df_all//20260616/_SUCCESS
++ date -d '20260616 -1 day' +%Y%m%d
+ temp_date=20260615
+ [[ 0 -ne 0 ]]
+ count=2
+ [[ 20260615 -ge 20260616 ]]
+ [[ 0 -eq 0 ]]
+ echo 'no ready day'
no ready day
+ exit 1
+ cleanup
+ rm -f my_job.lock
=== 2026-06-17 05:50:01 ===
submit_luban.sh: line 3: /home/luban/.bash_profile: No such file or directory
+ set -e
+ LOCK_FILE=my_job.lock
+ '[' -f my_job.lock ']'
+ echo 1210952
+ trap cleanup EXIT
+ echo 'Start job...'
Start job...
+ CONF_FILE=./common.conf
+ ckpt_day=20260615
+ : 1
+ '[' 1 -eq 1 ']'
++ date +%Y%m%d
+ current_date=20260617
+ temp_date=20260617
+ max_days=20
+ found=0
+ eday=
++ date -d '20260615 +1 day' +%Y%m%d
+ bday=20260616
+ count=0
+ [[ 20260617 -ge 20260616 ]]
+ '[' 0 -ge 20 ']'
+ done_file_path=hdfs://DClusterUS1/user/prod_soda_trade_strategy/rank/zhangshuai/MX/mew_sam/data_df_all//20260617/_SUCCESS
+ /usr/local/hadoop-current/bin/hadoop fs -test -e hdfs://DClusterUS1/user/prod_soda_trade_strategy/rank/zhangshuai/MX/mew_sam/data_df_all//20260617/_SUCCESS
++ date -d '20260617 -1 day' +%Y%m%d
+ temp_date=20260616
+ [[ 0 -ne 0 ]]
+ count=1
+ [[ 20260616 -ge 20260616 ]]
+ '[' 1 -ge 20 ']'
+ done_file_path=hdfs://DClusterUS1/user/prod_soda_trade_strategy/rank/zhangshuai/MX/mew_sam/data_df_all//20260616/_SUCCESS
+ /usr/local/hadoop-current/bin/hadoop fs -test -e hdfs://DClusterUS1/user/prod_soda_trade_strategy/rank/zhangshuai/MX/mew_sam/data_df_all//20260616/_SUCCESS
++ date -d '20260616 -1 day' +%Y%m%d
+ temp_date=20260615
+ [[ 0 -ne 0 ]]
+ count=2
+ [[ 20260615 -ge 20260616 ]]
+ [[ 0 -eq 0 ]]
+ echo 'no ready day'
no ready day
+ exit 1
+ cleanup
+ rm -f my_job.lock
=== 2026-06-17 05:55:01 ===
submit_luban.sh: line 3: /home/luban/.bash_profile: No such file or directory
+ set -e
+ LOCK_FILE=my_job.lock
+ '[' -f my_job.lock ']'
+ echo 1217069
+ trap cleanup EXIT
+ echo 'Start job...'
Start job...
+ CONF_FILE=./common.conf
+ ckpt_day=20260615
+ : 1
+ '[' 1 -eq 1 ']'
++ date +%Y%m%d
+ current_date=20260617
+ temp_date=20260617
+ max_days=20
+ found=0
+ eday=
++ date -d '20260615 +1 day' +%Y%m%d
+ bday=20260616
+ count=0
+ [[ 20260617 -ge 20260616 ]]
+ '[' 0 -ge 20 ']'
+ done_file_path=hdfs://DClusterUS1/user/prod_soda_trade_strategy/rank/zhangshuai/MX/mew_sam/data_df_all//20260617/_SUCCESS
+ /usr/local/hadoop-current/bin/hadoop fs -test -e hdfs://DClusterUS1/user/prod_soda_trade_strategy/rank/zhangshuai/MX/mew_sam/data_df_all//20260617/_SUCCESS
++ date -d '20260617 -1 day' +%Y%m%d
+ temp_date=20260616
+ [[ 0 -ne 0 ]]
+ count=1
+ [[ 20260616 -ge 20260616 ]]
+ '[' 1 -ge 20 ']'
+ done_file_path=hdfs://DClusterUS1/user/prod_soda_trade_strategy/rank/zhangshuai/MX/mew_sam/data_df_all//20260616/_SUCCESS
+ /usr/local/hadoop-current/bin/hadoop fs -test -e hdfs://DClusterUS1/user/prod_soda_trade_strategy/rank/zhangshuai/MX/mew_sam/data_df_all//20260616/_SUCCESS
++ date -d '20260616 -1 day' +%Y%m%d
+ temp_date=20260615
+ [[ 0 -ne 0 ]]
+ count=2
+ [[ 20260615 -ge 20260616 ]]
+ [[ 0 -eq 0 ]]
+ echo 'no ready day'
no ready day
+ exit 1
+ cleanup
+ rm -f my_job.lock
=== 2026-06-17 06:00:01 ===
submit_luban.sh: line 3: /home/luban/.bash_profile: No such file or directory
+ set -e
+ LOCK_FILE=my_job.lock
+ '[' -f my_job.lock ']'
+ echo 1223190
+ trap cleanup EXIT
+ echo 'Start job...'
Start job...
+ CONF_FILE=./common.conf
+ ckpt_day=20260615
+ : 1
+ '[' 1 -eq 1 ']'
++ date +%Y%m%d
+ current_date=20260617
+ temp_date=20260617
+ max_days=20
+ found=0
+ eday=
++ date -d '20260615 +1 day' +%Y%m%d
+ bday=20260616
+ count=0
+ [[ 20260617 -ge 20260616 ]]
+ '[' 0 -ge 20 ']'
+ done_file_path=hdfs://DClusterUS1/user/prod_soda_trade_strategy/rank/zhangshuai/MX/mew_sam/data_df_all//20260617/_SUCCESS
+ /usr/local/hadoop-current/bin/hadoop fs -test -e hdfs://DClusterUS1/user/prod_soda_trade_strategy/rank/zhangshuai/MX/mew_sam/data_df_all//20260617/_SUCCESS
++ date -d '20260617 -1 day' +%Y%m%d
+ temp_date=20260616
+ [[ 0 -ne 0 ]]
+ count=1
+ [[ 20260616 -ge 20260616 ]]
+ '[' 1 -ge 20 ']'
+ done_file_path=hdfs://DClusterUS1/user/prod_soda_trade_strategy/rank/zhangshuai/MX/mew_sam/data_df_all//20260616/_SUCCESS
+ /usr/local/hadoop-current/bin/hadoop fs -test -e hdfs://DClusterUS1/user/prod_soda_trade_strategy/rank/zhangshuai/MX/mew_sam/data_df_all//20260616/_SUCCESS
++ date -d '20260616 -1 day' +%Y%m%d
+ temp_date=20260615
+ [[ 0 -ne 0 ]]
+ count=2
+ [[ 20260615 -ge 20260616 ]]
+ [[ 0 -eq 0 ]]
+ echo 'no ready day'
no ready day
+ exit 1
+ cleanup
+ rm -f my_job.lock
=== 2026-06-17 06:05:01 ===
submit_luban.sh: line 3: /home/luban/.bash_profile: No such file or directory
+ set -e
+ LOCK_FILE=my_job.lock
+ '[' -f my_job.lock ']'
+ echo 1229310
+ trap cleanup EXIT
+ echo 'Start job...'
Start job...
+ CONF_FILE=./common.conf
+ ckpt_day=20260615
+ : 1
+ '[' 1 -eq 1 ']'
++ date +%Y%m%d
+ current_date=20260617
+ temp_date=20260617
+ max_days=20
+ found=0
+ eday=
++ date -d '20260615 +1 day' +%Y%m%d
+ bday=20260616
+ count=0
+ [[ 20260617 -ge 20260616 ]]
+ '[' 0 -ge 20 ']'
+ done_file_path=hdfs://DClusterUS1/user/prod_soda_trade_strategy/rank/zhangshuai/MX/mew_sam/data_df_all//20260617/_SUCCESS
+ /usr/local/hadoop-current/bin/hadoop fs -test -e hdfs://DClusterUS1/user/prod_soda_trade_strategy/rank/zhangshuai/MX/mew_sam/data_df_all//20260617/_SUCCESS
++ date -d '20260617 -1 day' +%Y%m%d
+ temp_date=20260616
+ [[ 0 -ne 0 ]]
+ count=1
+ [[ 20260616 -ge 20260616 ]]
+ '[' 1 -ge 20 ']'
+ done_file_path=hdfs://DClusterUS1/user/prod_soda_trade_strategy/rank/zhangshuai/MX/mew_sam/data_df_all//20260616/_SUCCESS
+ /usr/local/hadoop-current/bin/hadoop fs -test -e hdfs://DClusterUS1/user/prod_soda_trade_strategy/rank/zhangshuai/MX/mew_sam/data_df_all//20260616/_SUCCESS
++ date -d '20260616 -1 day' +%Y%m%d
+ temp_date=20260615
+ [[ 0 -ne 0 ]]
+ count=2
+ [[ 20260615 -ge 20260616 ]]
+ [[ 0 -eq 0 ]]
+ echo 'no ready day'
no ready day
+ exit 1
+ cleanup
+ rm -f my_job.lock
=== 2026-06-17 06:10:01 ===
submit_luban.sh: line 3: /home/luban/.bash_profile: No such file or directory
+ set -e
+ LOCK_FILE=my_job.lock
+ '[' -f my_job.lock ']'
+ echo 1235429
+ trap cleanup EXIT
+ echo 'Start job...'
Start job...
+ CONF_FILE=./common.conf
+ ckpt_day=20260615
+ : 1
+ '[' 1 -eq 1 ']'
++ date +%Y%m%d
+ current_date=20260617
+ temp_date=20260617
+ max_days=20
+ found=0
+ eday=
++ date -d '20260615 +1 day' +%Y%m%d
+ bday=20260616
+ count=0
+ [[ 20260617 -ge 20260616 ]]
+ '[' 0 -ge 20 ']'
+ done_file_path=hdfs://DClusterUS1/user/prod_soda_trade_strategy/rank/zhangshuai/MX/mew_sam/data_df_all//20260617/_SUCCESS
+ /usr/local/hadoop-current/bin/hadoop fs -test -e hdfs://DClusterUS1/user/prod_soda_trade_strategy/rank/zhangshuai/MX/mew_sam/data_df_all//20260617/_SUCCESS
++ date -d '20260617 -1 day' +%Y%m%d
+ temp_date=20260616
+ [[ 0 -ne 0 ]]
+ count=1
+ [[ 20260616 -ge 20260616 ]]
+ '[' 1 -ge 20 ']'
+ done_file_path=hdfs://DClusterUS1/user/prod_soda_trade_strategy/rank/zhangshuai/MX/mew_sam/data_df_all//20260616/_SUCCESS
+ /usr/local/hadoop-current/bin/hadoop fs -test -e hdfs://DClusterUS1/user/prod_soda_trade_strategy/rank/zhangshuai/MX/mew_sam/data_df_all//20260616/_SUCCESS
++ date -d '20260616 -1 day' +%Y%m%d
+ temp_date=20260615
+ [[ 0 -ne 0 ]]
+ count=2
+ [[ 20260615 -ge 20260616 ]]
+ [[ 0 -eq 0 ]]
+ echo 'no ready day'
no ready day
+ exit 1
+ cleanup
+ rm -f my_job.lock
=== 2026-06-17 06:15:01 ===
submit_luban.sh: line 3: /home/luban/.bash_profile: No such file or directory
+ set -e
+ LOCK_FILE=my_job.lock
+ '[' -f my_job.lock ']'
+ echo 1241541
+ trap cleanup EXIT
+ echo 'Start job...'
Start job...
+ CONF_FILE=./common.conf
+ ckpt_day=20260615
+ : 1
+ '[' 1 -eq 1 ']'
++ date +%Y%m%d
+ current_date=20260617
+ temp_date=20260617
+ max_days=20
+ found=0
+ eday=
++ date -d '20260615 +1 day' +%Y%m%d
+ bday=20260616
+ count=0
+ [[ 20260617 -ge 20260616 ]]
+ '[' 0 -ge 20 ']'
+ done_file_path=hdfs://DClusterUS1/user/prod_soda_trade_strategy/rank/zhangshuai/MX/mew_sam/data_df_all//20260617/_SUCCESS
+ /usr/local/hadoop-current/bin/hadoop fs -test -e hdfs://DClusterUS1/user/prod_soda_trade_strategy/rank/zhangshuai/MX/mew_sam/data_df_all//20260617/_SUCCESS
++ date -d '20260617 -1 day' +%Y%m%d
+ temp_date=20260616
+ [[ 0 -ne 0 ]]
+ count=1
+ [[ 20260616 -ge 20260616 ]]
+ '[' 1 -ge 20 ']'
+ done_file_path=hdfs://DClusterUS1/user/prod_soda_trade_strategy/rank/zhangshuai/MX/mew_sam/data_df_all//20260616/_SUCCESS
+ /usr/local/hadoop-current/bin/hadoop fs -test -e hdfs://DClusterUS1/user/prod_soda_trade_strategy/rank/zhangshuai/MX/mew_sam/data_df_all//20260616/_SUCCESS
++ date -d '20260616 -1 day' +%Y%m%d
+ temp_date=20260615
+ [[ 0 -ne 0 ]]
+ count=2
+ [[ 20260615 -ge 20260616 ]]
+ [[ 0 -eq 0 ]]
+ echo 'no ready day'
no ready day
+ exit 1
+ cleanup
+ rm -f my_job.lock
=== 2026-06-17 06:20:01 ===
submit_luban.sh: line 3: /home/luban/.bash_profile: No such file or directory
+ set -e
+ LOCK_FILE=my_job.lock
+ '[' -f my_job.lock ']'
+ echo 1247663
+ trap cleanup EXIT
+ echo 'Start job...'
Start job...
+ CONF_FILE=./common.conf
+ ckpt_day=20260615
+ : 1
+ '[' 1 -eq 1 ']'
++ date +%Y%m%d
+ current_date=20260617
+ temp_date=20260617
+ max_days=20
+ found=0
+ eday=
++ date -d '20260615 +1 day' +%Y%m%d
+ bday=20260616
+ count=0
+ [[ 20260617 -ge 20260616 ]]
+ '[' 0 -ge 20 ']'
+ done_file_path=hdfs://DClusterUS1/user/prod_soda_trade_strategy/rank/zhangshuai/MX/mew_sam/data_df_all//20260617/_SUCCESS
+ /usr/local/hadoop-current/bin/hadoop fs -test -e hdfs://DClusterUS1/user/prod_soda_trade_strategy/rank/zhangshuai/MX/mew_sam/data_df_all//20260617/_SUCCESS
++ date -d '20260617 -1 day' +%Y%m%d
+ temp_date=20260616
+ [[ 0 -ne 0 ]]
+ count=1
+ [[ 20260616 -ge 20260616 ]]
+ '[' 1 -ge 20 ']'
+ done_file_path=hdfs://DClusterUS1/user/prod_soda_trade_strategy/rank/zhangshuai/MX/mew_sam/data_df_all//20260616/_SUCCESS
+ /usr/local/hadoop-current/bin/hadoop fs -test -e hdfs://DClusterUS1/user/prod_soda_trade_strategy/rank/zhangshuai/MX/mew_sam/data_df_all//20260616/_SUCCESS
++ date -d '20260616 -1 day' +%Y%m%d
+ temp_date=20260615
+ [[ 0 -ne 0 ]]
+ count=2
+ [[ 20260615 -ge 20260616 ]]
+ [[ 0 -eq 0 ]]
+ echo 'no ready day'
no ready day
+ exit 1
+ cleanup
+ rm -f my_job.lock
=== 2026-06-17 06:25:01 ===
submit_luban.sh: line 3: /home/luban/.bash_profile: No such file or directory
+ set -e
+ LOCK_FILE=my_job.lock
+ '[' -f my_job.lock ']'
+ echo 1253771
+ trap cleanup EXIT
+ echo 'Start job...'
Start job...
+ CONF_FILE=./common.conf
+ ckpt_day=20260615
+ : 1
+ '[' 1 -eq 1 ']'
++ date +%Y%m%d
+ current_date=20260617
+ temp_date=20260617
+ max_days=20
+ found=0
+ eday=
++ date -d '20260615 +1 day' +%Y%m%d
+ bday=20260616
+ count=0
+ [[ 20260617 -ge 20260616 ]]
+ '[' 0 -ge 20 ']'
+ done_file_path=hdfs://DClusterUS1/user/prod_soda_trade_strategy/rank/zhangshuai/MX/mew_sam/data_df_all//20260617/_SUCCESS
+ /usr/local/hadoop-current/bin/hadoop fs -test -e hdfs://DClusterUS1/user/prod_soda_trade_strategy/rank/zhangshuai/MX/mew_sam/data_df_all//20260617/_SUCCESS
++ date -d '20260617 -1 day' +%Y%m%d
+ temp_date=20260616
+ [[ 0 -ne 0 ]]
+ count=1
+ [[ 20260616 -ge 20260616 ]]
+ '[' 1 -ge 20 ']'
+ done_file_path=hdfs://DClusterUS1/user/prod_soda_trade_strategy/rank/zhangshuai/MX/mew_sam/data_df_all//20260616/_SUCCESS
+ /usr/local/hadoop-current/bin/hadoop fs -test -e hdfs://DClusterUS1/user/prod_soda_trade_strategy/rank/zhangshuai/MX/mew_sam/data_df_all//20260616/_SUCCESS
++ date -d '20260616 -1 day' +%Y%m%d
+ temp_date=20260615
+ [[ 0 -ne 0 ]]
+ count=2
+ [[ 20260615 -ge 20260616 ]]
+ [[ 0 -eq 0 ]]
+ echo 'no ready day'
no ready day
+ exit 1
+ cleanup
+ rm -f my_job.lock
=== 2026-06-17 06:30:01 ===
submit_luban.sh: line 3: /home/luban/.bash_profile: No such file or directory
+ set -e
+ LOCK_FILE=my_job.lock
+ '[' -f my_job.lock ']'
+ echo 1259887
+ trap cleanup EXIT
+ echo 'Start job...'
Start job...
+ CONF_FILE=./common.conf
+ ckpt_day=20260615
+ : 1
+ '[' 1 -eq 1 ']'
++ date +%Y%m%d
+ current_date=20260617
+ temp_date=20260617
+ max_days=20
+ found=0
+ eday=
++ date -d '20260615 +1 day' +%Y%m%d
+ bday=20260616
+ count=0
+ [[ 20260617 -ge 20260616 ]]
+ '[' 0 -ge 20 ']'
+ done_file_path=hdfs://DClusterUS1/user/prod_soda_trade_strategy/rank/zhangshuai/MX/mew_sam/data_df_all//20260617/_SUCCESS
+ /usr/local/hadoop-current/bin/hadoop fs -test -e hdfs://DClusterUS1/user/prod_soda_trade_strategy/rank/zhangshuai/MX/mew_sam/data_df_all//20260617/_SUCCESS
++ date -d '20260617 -1 day' +%Y%m%d
+ temp_date=20260616
+ [[ 0 -ne 0 ]]
+ count=1
+ [[ 20260616 -ge 20260616 ]]
+ '[' 1 -ge 20 ']'
+ done_file_path=hdfs://DClusterUS1/user/prod_soda_trade_strategy/rank/zhangshuai/MX/mew_sam/data_df_all//20260616/_SUCCESS
+ /usr/local/hadoop-current/bin/hadoop fs -test -e hdfs://DClusterUS1/user/prod_soda_trade_strategy/rank/zhangshuai/MX/mew_sam/data_df_all//20260616/_SUCCESS
++ date -d '20260616 -1 day' +%Y%m%d
+ temp_date=20260615
+ [[ 0 -ne 0 ]]
+ count=2
+ [[ 20260615 -ge 20260616 ]]
+ [[ 0 -eq 0 ]]
+ echo 'no ready day'
no ready day
+ exit 1
+ cleanup
+ rm -f my_job.lock
=== 2026-06-17 06:35:01 ===
submit_luban.sh: line 3: /home/luban/.bash_profile: No such file or directory
+ set -e
+ LOCK_FILE=my_job.lock
+ '[' -f my_job.lock ']'
+ echo 1266517
+ trap cleanup EXIT
+ echo 'Start job...'
Start job...
+ CONF_FILE=./common.conf
+ ckpt_day=20260615
+ : 1
+ '[' 1 -eq 1 ']'
++ date +%Y%m%d
+ current_date=20260617
+ temp_date=20260617
+ max_days=20
+ found=0
+ eday=
++ date -d '20260615 +1 day' +%Y%m%d
+ bday=20260616
+ count=0
+ [[ 20260617 -ge 20260616 ]]
+ '[' 0 -ge 20 ']'
+ done_file_path=hdfs://DClusterUS1/user/prod_soda_trade_strategy/rank/zhangshuai/MX/mew_sam/data_df_all//20260617/_SUCCESS
+ /usr/local/hadoop-current/bin/hadoop fs -test -e hdfs://DClusterUS1/user/prod_soda_trade_strategy/rank/zhangshuai/MX/mew_sam/data_df_all//20260617/_SUCCESS
++ date -d '20260617 -1 day' +%Y%m%d
+ temp_date=20260616
+ [[ 0 -ne 0 ]]
+ count=1
+ [[ 20260616 -ge 20260616 ]]
+ '[' 1 -ge 20 ']'
+ done_file_path=hdfs://DClusterUS1/user/prod_soda_trade_strategy/rank/zhangshuai/MX/mew_sam/data_df_all//20260616/_SUCCESS
+ /usr/local/hadoop-current/bin/hadoop fs -test -e hdfs://DClusterUS1/user/prod_soda_trade_strategy/rank/zhangshuai/MX/mew_sam/data_df_all//20260616/_SUCCESS
++ date -d '20260616 -1 day' +%Y%m%d
+ temp_date=20260615
+ [[ 0 -ne 0 ]]
+ count=2
+ [[ 20260615 -ge 20260616 ]]
+ [[ 0 -eq 0 ]]
+ echo 'no ready day'
no ready day
+ exit 1
+ cleanup
+ rm -f my_job.lock
=== 2026-06-17 06:40:01 ===
submit_luban.sh: line 3: /home/luban/.bash_profile: No such file or directory
+ set -e
+ LOCK_FILE=my_job.lock
+ '[' -f my_job.lock ']'
+ echo 1272710
+ trap cleanup EXIT
+ echo 'Start job...'
Start job...
+ CONF_FILE=./common.conf
+ ckpt_day=20260615
+ : 1
+ '[' 1 -eq 1 ']'
++ date +%Y%m%d
+ current_date=20260617
+ temp_date=20260617
+ max_days=20
+ found=0
+ eday=
++ date -d '20260615 +1 day' +%Y%m%d
+ bday=20260616
+ count=0
+ [[ 20260617 -ge 20260616 ]]
+ '[' 0 -ge 20 ']'
+ done_file_path=hdfs://DClusterUS1/user/prod_soda_trade_strategy/rank/zhangshuai/MX/mew_sam/data_df_all//20260617/_SUCCESS
+ /usr/local/hadoop-current/bin/hadoop fs -test -e hdfs://DClusterUS1/user/prod_soda_trade_strategy/rank/zhangshuai/MX/mew_sam/data_df_all//20260617/_SUCCESS
++ date -d '20260617 -1 day' +%Y%m%d
+ temp_date=20260616
+ [[ 0 -ne 0 ]]
+ count=1
+ [[ 20260616 -ge 20260616 ]]
+ '[' 1 -ge 20 ']'
+ done_file_path=hdfs://DClusterUS1/user/prod_soda_trade_strategy/rank/zhangshuai/MX/mew_sam/data_df_all//20260616/_SUCCESS
+ /usr/local/hadoop-current/bin/hadoop fs -test -e hdfs://DClusterUS1/user/prod_soda_trade_strategy/rank/zhangshuai/MX/mew_sam/data_df_all//20260616/_SUCCESS
++ date -d '20260616 -1 day' +%Y%m%d
+ temp_date=20260615
+ [[ 0 -ne 0 ]]
+ count=2
+ [[ 20260615 -ge 20260616 ]]
+ [[ 0 -eq 0 ]]
+ echo 'no ready day'
no ready day
+ exit 1
+ cleanup
+ rm -f my_job.lock
=== 2026-06-17 06:45:01 ===
submit_luban.sh: line 3: /home/luban/.bash_profile: No such file or directory
+ set -e
+ LOCK_FILE=my_job.lock
+ '[' -f my_job.lock ']'
+ echo 1278824
+ trap cleanup EXIT
+ echo 'Start job...'
Start job...
+ CONF_FILE=./common.conf
+ ckpt_day=20260615
+ : 1
+ '[' 1 -eq 1 ']'
++ date +%Y%m%d
+ current_date=20260617
+ temp_date=20260617
+ max_days=20
+ found=0
+ eday=
++ date -d '20260615 +1 day' +%Y%m%d
+ bday=20260616
+ count=0
+ [[ 20260617 -ge 20260616 ]]
+ '[' 0 -ge 20 ']'
+ done_file_path=hdfs://DClusterUS1/user/prod_soda_trade_strategy/rank/zhangshuai/MX/mew_sam/data_df_all//20260617/_SUCCESS
+ /usr/local/hadoop-current/bin/hadoop fs -test -e hdfs://DClusterUS1/user/prod_soda_trade_strategy/rank/zhangshuai/MX/mew_sam/data_df_all//20260617/_SUCCESS
++ date -d '20260617 -1 day' +%Y%m%d
+ temp_date=20260616
+ [[ 0 -ne 0 ]]
+ count=1
+ [[ 20260616 -ge 20260616 ]]
+ '[' 1 -ge 20 ']'
+ done_file_path=hdfs://DClusterUS1/user/prod_soda_trade_strategy/rank/zhangshuai/MX/mew_sam/data_df_all//20260616/_SUCCESS
+ /usr/local/hadoop-current/bin/hadoop fs -test -e hdfs://DClusterUS1/user/prod_soda_trade_strategy/rank/zhangshuai/MX/mew_sam/data_df_all//20260616/_SUCCESS
++ date -d '20260616 -1 day' +%Y%m%d
+ temp_date=20260615
+ [[ 0 -ne 0 ]]
+ count=2
+ [[ 20260615 -ge 20260616 ]]
+ [[ 0 -eq 0 ]]
+ echo 'no ready day'
no ready day
+ exit 1
+ cleanup
+ rm -f my_job.lock
=== 2026-06-17 06:50:01 ===
submit_luban.sh: line 3: /home/luban/.bash_profile: No such file or directory
+ set -e
+ LOCK_FILE=my_job.lock
+ '[' -f my_job.lock ']'
+ echo 1284944
+ trap cleanup EXIT
+ echo 'Start job...'
Start job...
+ CONF_FILE=./common.conf
+ ckpt_day=20260615
+ : 1
+ '[' 1 -eq 1 ']'
++ date +%Y%m%d
+ current_date=20260617
+ temp_date=20260617
+ max_days=20
+ found=0
+ eday=
++ date -d '20260615 +1 day' +%Y%m%d
+ bday=20260616
+ count=0
+ [[ 20260617 -ge 20260616 ]]
+ '[' 0 -ge 20 ']'
+ done_file_path=hdfs://DClusterUS1/user/prod_soda_trade_strategy/rank/zhangshuai/MX/mew_sam/data_df_all//20260617/_SUCCESS
+ /usr/local/hadoop-current/bin/hadoop fs -test -e hdfs://DClusterUS1/user/prod_soda_trade_strategy/rank/zhangshuai/MX/mew_sam/data_df_all//20260617/_SUCCESS
++ date -d '20260617 -1 day' +%Y%m%d
+ temp_date=20260616
+ [[ 0 -ne 0 ]]
+ count=1
+ [[ 20260616 -ge 20260616 ]]
+ '[' 1 -ge 20 ']'
+ done_file_path=hdfs://DClusterUS1/user/prod_soda_trade_strategy/rank/zhangshuai/MX/mew_sam/data_df_all//20260616/_SUCCESS
+ /usr/local/hadoop-current/bin/hadoop fs -test -e hdfs://DClusterUS1/user/prod_soda_trade_strategy/rank/zhangshuai/MX/mew_sam/data_df_all//20260616/_SUCCESS
++ date -d '20260616 -1 day' +%Y%m%d
+ temp_date=20260615
+ [[ 0 -ne 0 ]]
+ count=2
+ [[ 20260615 -ge 20260616 ]]
+ [[ 0 -eq 0 ]]
+ echo 'no ready day'
no ready day
+ exit 1
+ cleanup
+ rm -f my_job.lock
=== 2026-06-17 06:55:01 ===
submit_luban.sh: line 3: /home/luban/.bash_profile: No such file or directory
+ set -e
+ LOCK_FILE=my_job.lock
+ '[' -f my_job.lock ']'
+ echo 1291057
+ trap cleanup EXIT
+ echo 'Start job...'
Start job...
+ CONF_FILE=./common.conf
+ ckpt_day=20260615
+ : 1
+ '[' 1 -eq 1 ']'
++ date +%Y%m%d
+ current_date=20260617
+ temp_date=20260617
+ max_days=20
+ found=0
+ eday=
++ date -d '20260615 +1 day' +%Y%m%d
+ bday=20260616
+ count=0
+ [[ 20260617 -ge 20260616 ]]
+ '[' 0 -ge 20 ']'
+ done_file_path=hdfs://DClusterUS1/user/prod_soda_trade_strategy/rank/zhangshuai/MX/mew_sam/data_df_all//20260617/_SUCCESS
+ /usr/local/hadoop-current/bin/hadoop fs -test -e hdfs://DClusterUS1/user/prod_soda_trade_strategy/rank/zhangshuai/MX/mew_sam/data_df_all//20260617/_SUCCESS
++ date -d '20260617 -1 day' +%Y%m%d
+ temp_date=20260616
+ [[ 0 -ne 0 ]]
+ count=1
+ [[ 20260616 -ge 20260616 ]]
+ '[' 1 -ge 20 ']'
+ done_file_path=hdfs://DClusterUS1/user/prod_soda_trade_strategy/rank/zhangshuai/MX/mew_sam/data_df_all//20260616/_SUCCESS
+ /usr/local/hadoop-current/bin/hadoop fs -test -e hdfs://DClusterUS1/user/prod_soda_trade_strategy/rank/zhangshuai/MX/mew_sam/data_df_all//20260616/_SUCCESS
++ date -d '20260616 -1 day' +%Y%m%d
+ temp_date=20260615
+ [[ 0 -ne 0 ]]
+ count=2
+ [[ 20260615 -ge 20260616 ]]
+ [[ 0 -eq 0 ]]
+ echo 'no ready day'
no ready day
+ exit 1
+ cleanup
+ rm -f my_job.lock
=== 2026-06-17 07:00:01 ===
submit_luban.sh: line 3: /home/luban/.bash_profile: No such file or directory
+ set -e
+ LOCK_FILE=my_job.lock
+ '[' -f my_job.lock ']'
+ echo 1297229
+ trap cleanup EXIT
+ echo 'Start job...'
Start job...
+ CONF_FILE=./common.conf
+ ckpt_day=20260615
+ : 1
+ '[' 1 -eq 1 ']'
++ date +%Y%m%d
+ current_date=20260617
+ temp_date=20260617
+ max_days=20
+ found=0
+ eday=
++ date -d '20260615 +1 day' +%Y%m%d
+ bday=20260616
+ count=0
+ [[ 20260617 -ge 20260616 ]]
+ '[' 0 -ge 20 ']'
+ done_file_path=hdfs://DClusterUS1/user/prod_soda_trade_strategy/rank/zhangshuai/MX/mew_sam/data_df_all//20260617/_SUCCESS
+ /usr/local/hadoop-current/bin/hadoop fs -test -e hdfs://DClusterUS1/user/prod_soda_trade_strategy/rank/zhangshuai/MX/mew_sam/data_df_all//20260617/_SUCCESS
++ date -d '20260617 -1 day' +%Y%m%d
+ temp_date=20260616
+ [[ 0 -ne 0 ]]
+ count=1
+ [[ 20260616 -ge 20260616 ]]
+ '[' 1 -ge 20 ']'
+ done_file_path=hdfs://DClusterUS1/user/prod_soda_trade_strategy/rank/zhangshuai/MX/mew_sam/data_df_all//20260616/_SUCCESS
+ /usr/local/hadoop-current/bin/hadoop fs -test -e hdfs://DClusterUS1/user/prod_soda_trade_strategy/rank/zhangshuai/MX/mew_sam/data_df_all//20260616/_SUCCESS
++ date -d '20260616 -1 day' +%Y%m%d
+ temp_date=20260615
+ [[ 0 -ne 0 ]]
+ count=2
+ [[ 20260615 -ge 20260616 ]]
+ [[ 0 -eq 0 ]]
+ echo 'no ready day'
no ready day
+ exit 1
+ cleanup
+ rm -f my_job.lock
=== 2026-06-17 07:05:01 ===
submit_luban.sh: line 3: /home/luban/.bash_profile: No such file or directory
+ set -e
+ LOCK_FILE=my_job.lock
+ '[' -f my_job.lock ']'
+ echo 1303338
+ trap cleanup EXIT
+ echo 'Start job...'
Start job...
+ CONF_FILE=./common.conf
+ ckpt_day=20260615
+ : 1
+ '[' 1 -eq 1 ']'
++ date +%Y%m%d
+ current_date=20260617
+ temp_date=20260617
+ max_days=20
+ found=0
+ eday=
++ date -d '20260615 +1 day' +%Y%m%d
+ bday=20260616
+ count=0
+ [[ 20260617 -ge 20260616 ]]
+ '[' 0 -ge 20 ']'
+ done_file_path=hdfs://DClusterUS1/user/prod_soda_trade_strategy/rank/zhangshuai/MX/mew_sam/data_df_all//20260617/_SUCCESS
+ /usr/local/hadoop-current/bin/hadoop fs -test -e hdfs://DClusterUS1/user/prod_soda_trade_strategy/rank/zhangshuai/MX/mew_sam/data_df_all//20260617/_SUCCESS
++ date -d '20260617 -1 day' +%Y%m%d
+ temp_date=20260616
+ [[ 0 -ne 0 ]]
+ count=1
+ [[ 20260616 -ge 20260616 ]]
+ '[' 1 -ge 20 ']'
+ done_file_path=hdfs://DClusterUS1/user/prod_soda_trade_strategy/rank/zhangshuai/MX/mew_sam/data_df_all//20260616/_SUCCESS
+ /usr/local/hadoop-current/bin/hadoop fs -test -e hdfs://DClusterUS1/user/prod_soda_trade_strategy/rank/zhangshuai/MX/mew_sam/data_df_all//20260616/_SUCCESS
++ date -d '20260616 -1 day' +%Y%m%d
+ temp_date=20260615
+ [[ 0 -ne 0 ]]
+ count=2
+ [[ 20260615 -ge 20260616 ]]
+ [[ 0 -eq 0 ]]
+ echo 'no ready day'
no ready day
+ exit 1
+ cleanup
+ rm -f my_job.lock
=== 2026-06-17 07:10:01 ===
submit_luban.sh: line 3: /home/luban/.bash_profile: No such file or directory
+ set -e
+ LOCK_FILE=my_job.lock
+ '[' -f my_job.lock ']'
+ echo 1309443
+ trap cleanup EXIT
+ echo 'Start job...'
Start job...
+ CONF_FILE=./common.conf
+ ckpt_day=20260615
+ : 1
+ '[' 1 -eq 1 ']'
++ date +%Y%m%d
+ current_date=20260617
+ temp_date=20260617
+ max_days=20
+ found=0
+ eday=
++ date -d '20260615 +1 day' +%Y%m%d
+ bday=20260616
+ count=0
+ [[ 20260617 -ge 20260616 ]]
+ '[' 0 -ge 20 ']'
+ done_file_path=hdfs://DClusterUS1/user/prod_soda_trade_strategy/rank/zhangshuai/MX/mew_sam/data_df_all//20260617/_SUCCESS
+ /usr/local/hadoop-current/bin/hadoop fs -test -e hdfs://DClusterUS1/user/prod_soda_trade_strategy/rank/zhangshuai/MX/mew_sam/data_df_all//20260617/_SUCCESS
++ date -d '20260617 -1 day' +%Y%m%d
+ temp_date=20260616
+ [[ 0 -ne 0 ]]
+ count=1
+ [[ 20260616 -ge 20260616 ]]
+ '[' 1 -ge 20 ']'
+ done_file_path=hdfs://DClusterUS1/user/prod_soda_trade_strategy/rank/zhangshuai/MX/mew_sam/data_df_all//20260616/_SUCCESS
+ /usr/local/hadoop-current/bin/hadoop fs -test -e hdfs://DClusterUS1/user/prod_soda_trade_strategy/rank/zhangshuai/MX/mew_sam/data_df_all//20260616/_SUCCESS
++ date -d '20260616 -1 day' +%Y%m%d
+ temp_date=20260615
+ [[ 0 -ne 0 ]]
+ count=2
+ [[ 20260615 -ge 20260616 ]]
+ [[ 0 -eq 0 ]]
+ echo 'no ready day'
no ready day
+ exit 1
+ cleanup
+ rm -f my_job.lock
=== 2026-06-17 07:15:01 ===
submit_luban.sh: line 3: /home/luban/.bash_profile: No such file or directory
+ set -e
+ LOCK_FILE=my_job.lock
+ '[' -f my_job.lock ']'
+ echo 1315566
+ trap cleanup EXIT
+ echo 'Start job...'
Start job...
+ CONF_FILE=./common.conf
+ ckpt_day=20260615
+ : 1
+ '[' 1 -eq 1 ']'
++ date +%Y%m%d
+ current_date=20260617
+ temp_date=20260617
+ max_days=20
+ found=0
+ eday=
++ date -d '20260615 +1 day' +%Y%m%d
+ bday=20260616
+ count=0
+ [[ 20260617 -ge 20260616 ]]
+ '[' 0 -ge 20 ']'
+ done_file_path=hdfs://DClusterUS1/user/prod_soda_trade_strategy/rank/zhangshuai/MX/mew_sam/data_df_all//20260617/_SUCCESS
+ /usr/local/hadoop-current/bin/hadoop fs -test -e hdfs://DClusterUS1/user/prod_soda_trade_strategy/rank/zhangshuai/MX/mew_sam/data_df_all//20260617/_SUCCESS
++ date -d '20260617 -1 day' +%Y%m%d
+ temp_date=20260616
+ [[ 0 -ne 0 ]]
+ count=1
+ [[ 20260616 -ge 20260616 ]]
+ '[' 1 -ge 20 ']'
+ done_file_path=hdfs://DClusterUS1/user/prod_soda_trade_strategy/rank/zhangshuai/MX/mew_sam/data_df_all//20260616/_SUCCESS
+ /usr/local/hadoop-current/bin/hadoop fs -test -e hdfs://DClusterUS1/user/prod_soda_trade_strategy/rank/zhangshuai/MX/mew_sam/data_df_all//20260616/_SUCCESS
++ date -d '20260616 -1 day' +%Y%m%d
+ temp_date=20260615
+ [[ 0 -ne 0 ]]
+ count=2
+ [[ 20260615 -ge 20260616 ]]
+ [[ 0 -eq 0 ]]
+ echo 'no ready day'
no ready day
+ exit 1
+ cleanup
+ rm -f my_job.lock
=== 2026-06-17 07:20:01 ===
submit_luban.sh: line 3: /home/luban/.bash_profile: No such file or directory
+ set -e
+ LOCK_FILE=my_job.lock
+ '[' -f my_job.lock ']'
+ echo 1322508
+ trap cleanup EXIT
+ echo 'Start job...'
Start job...
+ CONF_FILE=./common.conf
+ ckpt_day=20260615
+ : 1
+ '[' 1 -eq 1 ']'
++ date +%Y%m%d
+ current_date=20260617
+ temp_date=20260617
+ max_days=20
+ found=0
+ eday=
++ date -d '20260615 +1 day' +%Y%m%d
+ bday=20260616
+ count=0
+ [[ 20260617 -ge 20260616 ]]
+ '[' 0 -ge 20 ']'
+ done_file_path=hdfs://DClusterUS1/user/prod_soda_trade_strategy/rank/zhangshuai/MX/mew_sam/data_df_all//20260617/_SUCCESS
+ /usr/local/hadoop-current/bin/hadoop fs -test -e hdfs://DClusterUS1/user/prod_soda_trade_strategy/rank/zhangshuai/MX/mew_sam/data_df_all//20260617/_SUCCESS
++ date -d '20260617 -1 day' +%Y%m%d
+ temp_date=20260616
+ [[ 0 -ne 0 ]]
+ count=1
+ [[ 20260616 -ge 20260616 ]]
+ '[' 1 -ge 20 ']'
+ done_file_path=hdfs://DClusterUS1/user/prod_soda_trade_strategy/rank/zhangshuai/MX/mew_sam/data_df_all//20260616/_SUCCESS
+ /usr/local/hadoop-current/bin/hadoop fs -test -e hdfs://DClusterUS1/user/prod_soda_trade_strategy/rank/zhangshuai/MX/mew_sam/data_df_all//20260616/_SUCCESS
++ date -d '20260616 -1 day' +%Y%m%d
+ temp_date=20260615
+ [[ 0 -ne 0 ]]
+ count=2
+ [[ 20260615 -ge 20260616 ]]
+ [[ 0 -eq 0 ]]
+ echo 'no ready day'
no ready day
+ exit 1
+ cleanup
+ rm -f my_job.lock
=== 2026-06-17 07:25:01 ===
submit_luban.sh: line 3: /home/luban/.bash_profile: No such file or directory
+ set -e
+ LOCK_FILE=my_job.lock
+ '[' -f my_job.lock ']'
+ echo 1328624
+ trap cleanup EXIT
+ echo 'Start job...'
Start job...
+ CONF_FILE=./common.conf
+ ckpt_day=20260615
+ : 1
+ '[' 1 -eq 1 ']'
++ date +%Y%m%d
+ current_date=20260617
+ temp_date=20260617
+ max_days=20
+ found=0
+ eday=
++ date -d '20260615 +1 day' +%Y%m%d
+ bday=20260616
+ count=0
+ [[ 20260617 -ge 20260616 ]]
+ '[' 0 -ge 20 ']'
+ done_file_path=hdfs://DClusterUS1/user/prod_soda_trade_strategy/rank/zhangshuai/MX/mew_sam/data_df_all//20260617/_SUCCESS
+ /usr/local/hadoop-current/bin/hadoop fs -test -e hdfs://DClusterUS1/user/prod_soda_trade_strategy/rank/zhangshuai/MX/mew_sam/data_df_all//20260617/_SUCCESS
++ date -d '20260617 -1 day' +%Y%m%d
+ temp_date=20260616
+ [[ 0 -ne 0 ]]
+ count=1
+ [[ 20260616 -ge 20260616 ]]
+ '[' 1 -ge 20 ']'
+ done_file_path=hdfs://DClusterUS1/user/prod_soda_trade_strategy/rank/zhangshuai/MX/mew_sam/data_df_all//20260616/_SUCCESS
+ /usr/local/hadoop-current/bin/hadoop fs -test -e hdfs://DClusterUS1/user/prod_soda_trade_strategy/rank/zhangshuai/MX/mew_sam/data_df_all//20260616/_SUCCESS
++ date -d '20260616 -1 day' +%Y%m%d
+ temp_date=20260615
+ [[ 0 -ne 0 ]]
+ count=2
+ [[ 20260615 -ge 20260616 ]]
+ [[ 0 -eq 0 ]]
+ echo 'no ready day'
no ready day
+ exit 1
+ cleanup
+ rm -f my_job.lock
=== 2026-06-17 07:30:01 ===
submit_luban.sh: line 3: /home/luban/.bash_profile: No such file or directory
+ set -e
+ LOCK_FILE=my_job.lock
+ '[' -f my_job.lock ']'
+ echo 1334742
+ trap cleanup EXIT
+ echo 'Start job...'
Start job...
+ CONF_FILE=./common.conf
+ ckpt_day=20260615
+ : 1
+ '[' 1 -eq 1 ']'
++ date +%Y%m%d
+ current_date=20260617
+ temp_date=20260617
+ max_days=20
+ found=0
+ eday=
++ date -d '20260615 +1 day' +%Y%m%d
+ bday=20260616
+ count=0
+ [[ 20260617 -ge 20260616 ]]
+ '[' 0 -ge 20 ']'
+ done_file_path=hdfs://DClusterUS1/user/prod_soda_trade_strategy/rank/zhangshuai/MX/mew_sam/data_df_all//20260617/_SUCCESS
+ /usr/local/hadoop-current/bin/hadoop fs -test -e hdfs://DClusterUS1/user/prod_soda_trade_strategy/rank/zhangshuai/MX/mew_sam/data_df_all//20260617/_SUCCESS
++ date -d '20260617 -1 day' +%Y%m%d
+ temp_date=20260616
+ [[ 0 -ne 0 ]]
+ count=1
+ [[ 20260616 -ge 20260616 ]]
+ '[' 1 -ge 20 ']'
+ done_file_path=hdfs://DClusterUS1/user/prod_soda_trade_strategy/rank/zhangshuai/MX/mew_sam/data_df_all//20260616/_SUCCESS
+ /usr/local/hadoop-current/bin/hadoop fs -test -e hdfs://DClusterUS1/user/prod_soda_trade_strategy/rank/zhangshuai/MX/mew_sam/data_df_all//20260616/_SUCCESS
++ date -d '20260616 -1 day' +%Y%m%d
+ temp_date=20260615
+ [[ 0 -ne 0 ]]
+ count=2
+ [[ 20260615 -ge 20260616 ]]
+ [[ 0 -eq 0 ]]
+ echo 'no ready day'
no ready day
+ exit 1
+ cleanup
+ rm -f my_job.lock
=== 2026-06-17 07:35:01 ===
submit_luban.sh: line 3: /home/luban/.bash_profile: No such file or directory
+ set -e
+ LOCK_FILE=my_job.lock
+ '[' -f my_job.lock ']'
+ echo 1340851
+ trap cleanup EXIT
+ echo 'Start job...'
Start job...
+ CONF_FILE=./common.conf
+ ckpt_day=20260615
+ : 1
+ '[' 1 -eq 1 ']'
++ date +%Y%m%d
+ current_date=20260617
+ temp_date=20260617
+ max_days=20
+ found=0
+ eday=
++ date -d '20260615 +1 day' +%Y%m%d
+ bday=20260616
+ count=0
+ [[ 20260617 -ge 20260616 ]]
+ '[' 0 -ge 20 ']'
+ done_file_path=hdfs://DClusterUS1/user/prod_soda_trade_strategy/rank/zhangshuai/MX/mew_sam/data_df_all//20260617/_SUCCESS
+ /usr/local/hadoop-current/bin/hadoop fs -test -e hdfs://DClusterUS1/user/prod_soda_trade_strategy/rank/zhangshuai/MX/mew_sam/data_df_all//20260617/_SUCCESS
++ date -d '20260617 -1 day' +%Y%m%d
+ temp_date=20260616
+ [[ 0 -ne 0 ]]
+ count=1
+ [[ 20260616 -ge 20260616 ]]
+ '[' 1 -ge 20 ']'
+ done_file_path=hdfs://DClusterUS1/user/prod_soda_trade_strategy/rank/zhangshuai/MX/mew_sam/data_df_all//20260616/_SUCCESS
+ /usr/local/hadoop-current/bin/hadoop fs -test -e hdfs://DClusterUS1/user/prod_soda_trade_strategy/rank/zhangshuai/MX/mew_sam/data_df_all//20260616/_SUCCESS
++ date -d '20260616 -1 day' +%Y%m%d
+ temp_date=20260615
+ [[ 0 -ne 0 ]]
+ count=2
+ [[ 20260615 -ge 20260616 ]]
+ [[ 0 -eq 0 ]]
+ echo 'no ready day'
no ready day
+ exit 1
+ cleanup
+ rm -f my_job.lock
=== 2026-06-17 07:40:01 ===
submit_luban.sh: line 3: /home/luban/.bash_profile: No such file or directory
+ set -e
+ LOCK_FILE=my_job.lock
+ '[' -f my_job.lock ']'
+ echo 1346961
+ trap cleanup EXIT
+ echo 'Start job...'
Start job...
+ CONF_FILE=./common.conf
+ ckpt_day=20260615
+ : 1
+ '[' 1 -eq 1 ']'
++ date +%Y%m%d
+ current_date=20260617
+ temp_date=20260617
+ max_days=20
+ found=0
+ eday=
++ date -d '20260615 +1 day' +%Y%m%d
+ bday=20260616
+ count=0
+ [[ 20260617 -ge 20260616 ]]
+ '[' 0 -ge 20 ']'
+ done_file_path=hdfs://DClusterUS1/user/prod_soda_trade_strategy/rank/zhangshuai/MX/mew_sam/data_df_all//20260617/_SUCCESS
+ /usr/local/hadoop-current/bin/hadoop fs -test -e hdfs://DClusterUS1/user/prod_soda_trade_strategy/rank/zhangshuai/MX/mew_sam/data_df_all//20260617/_SUCCESS
++ date -d '20260617 -1 day' +%Y%m%d
+ temp_date=20260616
+ [[ 0 -ne 0 ]]
+ count=1
+ [[ 20260616 -ge 20260616 ]]
+ '[' 1 -ge 20 ']'
+ done_file_path=hdfs://DClusterUS1/user/prod_soda_trade_strategy/rank/zhangshuai/MX/mew_sam/data_df_all//20260616/_SUCCESS
+ /usr/local/hadoop-current/bin/hadoop fs -test -e hdfs://DClusterUS1/user/prod_soda_trade_strategy/rank/zhangshuai/MX/mew_sam/data_df_all//20260616/_SUCCESS
++ date -d '20260616 -1 day' +%Y%m%d
+ temp_date=20260615
+ [[ 0 -ne 0 ]]
+ count=2
+ [[ 20260615 -ge 20260616 ]]
+ [[ 0 -eq 0 ]]
+ echo 'no ready day'
no ready day
+ exit 1
+ cleanup
+ rm -f my_job.lock
=== 2026-06-17 07:45:01 ===
submit_luban.sh: line 3: /home/luban/.bash_profile: No such file or directory
+ set -e
+ LOCK_FILE=my_job.lock
+ '[' -f my_job.lock ']'
+ echo 1353084
+ trap cleanup EXIT
+ echo 'Start job...'
Start job...
+ CONF_FILE=./common.conf
+ ckpt_day=20260615
+ : 1
+ '[' 1 -eq 1 ']'
++ date +%Y%m%d
+ current_date=20260617
+ temp_date=20260617
+ max_days=20
+ found=0
+ eday=
++ date -d '20260615 +1 day' +%Y%m%d
+ bday=20260616
+ count=0
+ [[ 20260617 -ge 20260616 ]]
+ '[' 0 -ge 20 ']'
+ done_file_path=hdfs://DClusterUS1/user/prod_soda_trade_strategy/rank/zhangshuai/MX/mew_sam/data_df_all//20260617/_SUCCESS
+ /usr/local/hadoop-current/bin/hadoop fs -test -e hdfs://DClusterUS1/user/prod_soda_trade_strategy/rank/zhangshuai/MX/mew_sam/data_df_all//20260617/_SUCCESS
++ date -d '20260617 -1 day' +%Y%m%d
+ temp_date=20260616
+ [[ 0 -ne 0 ]]
+ count=1
+ [[ 20260616 -ge 20260616 ]]
+ '[' 1 -ge 20 ']'
+ done_file_path=hdfs://DClusterUS1/user/prod_soda_trade_strategy/rank/zhangshuai/MX/mew_sam/data_df_all//20260616/_SUCCESS
+ /usr/local/hadoop-current/bin/hadoop fs -test -e hdfs://DClusterUS1/user/prod_soda_trade_strategy/rank/zhangshuai/MX/mew_sam/data_df_all//20260616/_SUCCESS
++ date -d '20260616 -1 day' +%Y%m%d
+ temp_date=20260615
+ [[ 0 -ne 0 ]]
+ count=2
+ [[ 20260615 -ge 20260616 ]]
+ [[ 0 -eq 0 ]]
+ echo 'no ready day'
no ready day
+ exit 1
+ cleanup
+ rm -f my_job.lock
=== 2026-06-17 07:50:01 ===
submit_luban.sh: line 3: /home/luban/.bash_profile: No such file or directory
+ set -e
+ LOCK_FILE=my_job.lock
+ '[' -f my_job.lock ']'
+ echo 1359200
+ trap cleanup EXIT
+ echo 'Start job...'
Start job...
+ CONF_FILE=./common.conf
+ ckpt_day=20260615
+ : 1
+ '[' 1 -eq 1 ']'
++ date +%Y%m%d
+ current_date=20260617
+ temp_date=20260617
+ max_days=20
+ found=0
+ eday=
++ date -d '20260615 +1 day' +%Y%m%d
+ bday=20260616
+ count=0
+ [[ 20260617 -ge 20260616 ]]
+ '[' 0 -ge 20 ']'
+ done_file_path=hdfs://DClusterUS1/user/prod_soda_trade_strategy/rank/zhangshuai/MX/mew_sam/data_df_all//20260617/_SUCCESS
+ /usr/local/hadoop-current/bin/hadoop fs -test -e hdfs://DClusterUS1/user/prod_soda_trade_strategy/rank/zhangshuai/MX/mew_sam/data_df_all//20260617/_SUCCESS
++ date -d '20260617 -1 day' +%Y%m%d
+ temp_date=20260616
+ [[ 0 -ne 0 ]]
+ count=1
+ [[ 20260616 -ge 20260616 ]]
+ '[' 1 -ge 20 ']'
+ done_file_path=hdfs://DClusterUS1/user/prod_soda_trade_strategy/rank/zhangshuai/MX/mew_sam/data_df_all//20260616/_SUCCESS
+ /usr/local/hadoop-current/bin/hadoop fs -test -e hdfs://DClusterUS1/user/prod_soda_trade_strategy/rank/zhangshuai/MX/mew_sam/data_df_all//20260616/_SUCCESS
++ date -d '20260616 -1 day' +%Y%m%d
+ temp_date=20260615
+ [[ 0 -ne 0 ]]
+ count=2
+ [[ 20260615 -ge 20260616 ]]
+ [[ 0 -eq 0 ]]
+ echo 'no ready day'
no ready day
+ exit 1
+ cleanup
+ rm -f my_job.lock
=== 2026-06-17 07:55:01 ===
submit_luban.sh: line 3: /home/luban/.bash_profile: No such file or directory
+ set -e
+ LOCK_FILE=my_job.lock
+ '[' -f my_job.lock ']'
+ echo 1365308
+ trap cleanup EXIT
+ echo 'Start job...'
Start job...
+ CONF_FILE=./common.conf
+ ckpt_day=20260615
+ : 1
+ '[' 1 -eq 1 ']'
++ date +%Y%m%d
+ current_date=20260617
+ temp_date=20260617
+ max_days=20
+ found=0
+ eday=
++ date -d '20260615 +1 day' +%Y%m%d
+ bday=20260616
+ count=0
+ [[ 20260617 -ge 20260616 ]]
+ '[' 0 -ge 20 ']'
+ done_file_path=hdfs://DClusterUS1/user/prod_soda_trade_strategy/rank/zhangshuai/MX/mew_sam/data_df_all//20260617/_SUCCESS
+ /usr/local/hadoop-current/bin/hadoop fs -test -e hdfs://DClusterUS1/user/prod_soda_trade_strategy/rank/zhangshuai/MX/mew_sam/data_df_all//20260617/_SUCCESS
++ date -d '20260617 -1 day' +%Y%m%d
+ temp_date=20260616
+ [[ 0 -ne 0 ]]
+ count=1
+ [[ 20260616 -ge 20260616 ]]
+ '[' 1 -ge 20 ']'
+ done_file_path=hdfs://DClusterUS1/user/prod_soda_trade_strategy/rank/zhangshuai/MX/mew_sam/data_df_all//20260616/_SUCCESS
+ /usr/local/hadoop-current/bin/hadoop fs -test -e hdfs://DClusterUS1/user/prod_soda_trade_strategy/rank/zhangshuai/MX/mew_sam/data_df_all//20260616/_SUCCESS
++ date -d '20260616 -1 day' +%Y%m%d
+ temp_date=20260615
+ [[ 0 -ne 0 ]]
+ count=2
+ [[ 20260615 -ge 20260616 ]]
+ [[ 0 -eq 0 ]]
+ echo 'no ready day'
no ready day
+ exit 1
+ cleanup
+ rm -f my_job.lock
=== 2026-06-17 08:00:01 ===
submit_luban.sh: line 3: /home/luban/.bash_profile: No such file or directory
+ set -e
+ LOCK_FILE=my_job.lock
+ '[' -f my_job.lock ']'
+ echo 1371427
+ trap cleanup EXIT
+ echo 'Start job...'
Start job...
+ CONF_FILE=./common.conf
+ ckpt_day=20260615
+ : 1
+ '[' 1 -eq 1 ']'
++ date +%Y%m%d
+ current_date=20260617
+ temp_date=20260617
+ max_days=20
+ found=0
+ eday=
++ date -d '20260615 +1 day' +%Y%m%d
+ bday=20260616
+ count=0
+ [[ 20260617 -ge 20260616 ]]
+ '[' 0 -ge 20 ']'
+ done_file_path=hdfs://DClusterUS1/user/prod_soda_trade_strategy/rank/zhangshuai/MX/mew_sam/data_df_all//20260617/_SUCCESS
+ /usr/local/hadoop-current/bin/hadoop fs -test -e hdfs://DClusterUS1/user/prod_soda_trade_strategy/rank/zhangshuai/MX/mew_sam/data_df_all//20260617/_SUCCESS
++ date -d '20260617 -1 day' +%Y%m%d
+ temp_date=20260616
+ [[ 0 -ne 0 ]]
+ count=1
+ [[ 20260616 -ge 20260616 ]]
+ '[' 1 -ge 20 ']'
+ done_file_path=hdfs://DClusterUS1/user/prod_soda_trade_strategy/rank/zhangshuai/MX/mew_sam/data_df_all//20260616/_SUCCESS
+ /usr/local/hadoop-current/bin/hadoop fs -test -e hdfs://DClusterUS1/user/prod_soda_trade_strategy/rank/zhangshuai/MX/mew_sam/data_df_all//20260616/_SUCCESS
++ date -d '20260616 -1 day' +%Y%m%d
+ temp_date=20260615
+ [[ 0 -ne 0 ]]
+ count=2
+ [[ 20260615 -ge 20260616 ]]
+ [[ 0 -eq 0 ]]
+ echo 'no ready day'
no ready day
+ exit 1
+ cleanup
+ rm -f my_job.lock
=== 2026-06-17 08:05:01 ===
submit_luban.sh: line 3: /home/luban/.bash_profile: No such file or directory
+ set -e
+ LOCK_FILE=my_job.lock
+ '[' -f my_job.lock ']'
+ echo 1378127
+ trap cleanup EXIT
+ echo 'Start job...'
Start job...
+ CONF_FILE=./common.conf
+ ckpt_day=20260615
+ : 1
+ '[' 1 -eq 1 ']'
++ date +%Y%m%d
+ current_date=20260617
+ temp_date=20260617
+ max_days=20
+ found=0
+ eday=
++ date -d '20260615 +1 day' +%Y%m%d
+ bday=20260616
+ count=0
+ [[ 20260617 -ge 20260616 ]]
+ '[' 0 -ge 20 ']'
+ done_file_path=hdfs://DClusterUS1/user/prod_soda_trade_strategy/rank/zhangshuai/MX/mew_sam/data_df_all//20260617/_SUCCESS
+ /usr/local/hadoop-current/bin/hadoop fs -test -e hdfs://DClusterUS1/user/prod_soda_trade_strategy/rank/zhangshuai/MX/mew_sam/data_df_all//20260617/_SUCCESS
++ date -d '20260617 -1 day' +%Y%m%d
+ temp_date=20260616
+ [[ 0 -ne 0 ]]
+ count=1
+ [[ 20260616 -ge 20260616 ]]
+ '[' 1 -ge 20 ']'
+ done_file_path=hdfs://DClusterUS1/user/prod_soda_trade_strategy/rank/zhangshuai/MX/mew_sam/data_df_all//20260616/_SUCCESS
+ /usr/local/hadoop-current/bin/hadoop fs -test -e hdfs://DClusterUS1/user/prod_soda_trade_strategy/rank/zhangshuai/MX/mew_sam/data_df_all//20260616/_SUCCESS
++ date -d '20260616 -1 day' +%Y%m%d
+ temp_date=20260615
+ [[ 0 -ne 0 ]]
+ count=2
+ [[ 20260615 -ge 20260616 ]]
+ [[ 0 -eq 0 ]]
+ echo 'no ready day'
no ready day
+ exit 1
+ cleanup
+ rm -f my_job.lock
=== 2026-06-17 08:10:01 ===
submit_luban.sh: line 3: /home/luban/.bash_profile: No such file or directory
+ set -e
+ LOCK_FILE=my_job.lock
+ '[' -f my_job.lock ']'
+ echo 1384246
+ trap cleanup EXIT
+ echo 'Start job...'
Start job...
+ CONF_FILE=./common.conf
+ ckpt_day=20260615
+ : 1
+ '[' 1 -eq 1 ']'
++ date +%Y%m%d
+ current_date=20260617
+ temp_date=20260617
+ max_days=20
+ found=0
+ eday=
++ date -d '20260615 +1 day' +%Y%m%d
+ bday=20260616
+ count=0
+ [[ 20260617 -ge 20260616 ]]
+ '[' 0 -ge 20 ']'
+ done_file_path=hdfs://DClusterUS1/user/prod_soda_trade_strategy/rank/zhangshuai/MX/mew_sam/data_df_all//20260617/_SUCCESS
+ /usr/local/hadoop-current/bin/hadoop fs -test -e hdfs://DClusterUS1/user/prod_soda_trade_strategy/rank/zhangshuai/MX/mew_sam/data_df_all//20260617/_SUCCESS
++ date -d '20260617 -1 day' +%Y%m%d
+ temp_date=20260616
+ [[ 0 -ne 0 ]]
+ count=1
+ [[ 20260616 -ge 20260616 ]]
+ '[' 1 -ge 20 ']'
+ done_file_path=hdfs://DClusterUS1/user/prod_soda_trade_strategy/rank/zhangshuai/MX/mew_sam/data_df_all//20260616/_SUCCESS
+ /usr/local/hadoop-current/bin/hadoop fs -test -e hdfs://DClusterUS1/user/prod_soda_trade_strategy/rank/zhangshuai/MX/mew_sam/data_df_all//20260616/_SUCCESS
++ date -d '20260616 -1 day' +%Y%m%d
+ temp_date=20260615
+ [[ 0 -ne 0 ]]
+ count=2
+ [[ 20260615 -ge 20260616 ]]
+ [[ 0 -eq 0 ]]
+ echo 'no ready day'
no ready day
+ exit 1
+ cleanup
+ rm -f my_job.lock
=== 2026-06-17 08:15:01 ===
submit_luban.sh: line 3: /home/luban/.bash_profile: No such file or directory
+ set -e
+ LOCK_FILE=my_job.lock
+ '[' -f my_job.lock ']'
+ echo 1390363
+ trap cleanup EXIT
+ echo 'Start job...'
Start job...
+ CONF_FILE=./common.conf
+ ckpt_day=20260615
+ : 1
+ '[' 1 -eq 1 ']'
++ date +%Y%m%d
+ current_date=20260617
+ temp_date=20260617
+ max_days=20
+ found=0
+ eday=
++ date -d '20260615 +1 day' +%Y%m%d
+ bday=20260616
+ count=0
+ [[ 20260617 -ge 20260616 ]]
+ '[' 0 -ge 20 ']'
+ done_file_path=hdfs://DClusterUS1/user/prod_soda_trade_strategy/rank/zhangshuai/MX/mew_sam/data_df_all//20260617/_SUCCESS
+ /usr/local/hadoop-current/bin/hadoop fs -test -e hdfs://DClusterUS1/user/prod_soda_trade_strategy/rank/zhangshuai/MX/mew_sam/data_df_all//20260617/_SUCCESS
++ date -d '20260617 -1 day' +%Y%m%d
+ temp_date=20260616
+ [[ 0 -ne 0 ]]
+ count=1
+ [[ 20260616 -ge 20260616 ]]
+ '[' 1 -ge 20 ']'
+ done_file_path=hdfs://DClusterUS1/user/prod_soda_trade_strategy/rank/zhangshuai/MX/mew_sam/data_df_all//20260616/_SUCCESS
+ /usr/local/hadoop-current/bin/hadoop fs -test -e hdfs://DClusterUS1/user/prod_soda_trade_strategy/rank/zhangshuai/MX/mew_sam/data_df_all//20260616/_SUCCESS
++ date -d '20260616 -1 day' +%Y%m%d
+ temp_date=20260615
+ [[ 0 -ne 0 ]]
+ count=2
+ [[ 20260615 -ge 20260616 ]]
+ [[ 0 -eq 0 ]]
+ echo 'no ready day'
no ready day
+ exit 1
+ cleanup
+ rm -f my_job.lock
=== 2026-06-17 08:20:01 ===
submit_luban.sh: line 3: /home/luban/.bash_profile: No such file or directory
+ set -e
+ LOCK_FILE=my_job.lock
+ '[' -f my_job.lock ']'
+ echo 1396492
+ trap cleanup EXIT
+ echo 'Start job...'
Start job...
+ CONF_FILE=./common.conf
+ ckpt_day=20260615
+ : 1
+ '[' 1 -eq 1 ']'
++ date +%Y%m%d
+ current_date=20260617
+ temp_date=20260617
+ max_days=20
+ found=0
+ eday=
++ date -d '20260615 +1 day' +%Y%m%d
+ bday=20260616
+ count=0
+ [[ 20260617 -ge 20260616 ]]
+ '[' 0 -ge 20 ']'
+ done_file_path=hdfs://DClusterUS1/user/prod_soda_trade_strategy/rank/zhangshuai/MX/mew_sam/data_df_all//20260617/_SUCCESS
+ /usr/local/hadoop-current/bin/hadoop fs -test -e hdfs://DClusterUS1/user/prod_soda_trade_strategy/rank/zhangshuai/MX/mew_sam/data_df_all//20260617/_SUCCESS
++ date -d '20260617 -1 day' +%Y%m%d
+ temp_date=20260616
+ [[ 0 -ne 0 ]]
+ count=1
+ [[ 20260616 -ge 20260616 ]]
+ '[' 1 -ge 20 ']'
+ done_file_path=hdfs://DClusterUS1/user/prod_soda_trade_strategy/rank/zhangshuai/MX/mew_sam/data_df_all//20260616/_SUCCESS
+ /usr/local/hadoop-current/bin/hadoop fs -test -e hdfs://DClusterUS1/user/prod_soda_trade_strategy/rank/zhangshuai/MX/mew_sam/data_df_all//20260616/_SUCCESS
++ date -d '20260616 -1 day' +%Y%m%d
+ temp_date=20260615
+ [[ 0 -ne 0 ]]
+ count=2
+ [[ 20260615 -ge 20260616 ]]
+ [[ 0 -eq 0 ]]
+ echo 'no ready day'
no ready day
+ exit 1
+ cleanup
+ rm -f my_job.lock
=== 2026-06-17 08:25:02 ===
submit_luban.sh: line 3: /home/luban/.bash_profile: No such file or directory
+ set -e
+ LOCK_FILE=my_job.lock
+ '[' -f my_job.lock ']'
+ echo 1402622
+ trap cleanup EXIT
+ echo 'Start job...'
Start job...
+ CONF_FILE=./common.conf
+ ckpt_day=20260615
+ : 1
+ '[' 1 -eq 1 ']'
++ date +%Y%m%d
+ current_date=20260617
+ temp_date=20260617
+ max_days=20
+ found=0
+ eday=
++ date -d '20260615 +1 day' +%Y%m%d
+ bday=20260616
+ count=0
+ [[ 20260617 -ge 20260616 ]]
+ '[' 0 -ge 20 ']'
+ done_file_path=hdfs://DClusterUS1/user/prod_soda_trade_strategy/rank/zhangshuai/MX/mew_sam/data_df_all//20260617/_SUCCESS
+ /usr/local/hadoop-current/bin/hadoop fs -test -e hdfs://DClusterUS1/user/prod_soda_trade_strategy/rank/zhangshuai/MX/mew_sam/data_df_all//20260617/_SUCCESS
++ date -d '20260617 -1 day' +%Y%m%d
+ temp_date=20260616
+ [[ 0 -ne 0 ]]
+ count=1
+ [[ 20260616 -ge 20260616 ]]
+ '[' 1 -ge 20 ']'
+ done_file_path=hdfs://DClusterUS1/user/prod_soda_trade_strategy/rank/zhangshuai/MX/mew_sam/data_df_all//20260616/_SUCCESS
+ /usr/local/hadoop-current/bin/hadoop fs -test -e hdfs://DClusterUS1/user/prod_soda_trade_strategy/rank/zhangshuai/MX/mew_sam/data_df_all//20260616/_SUCCESS
++ date -d '20260616 -1 day' +%Y%m%d
+ temp_date=20260615
+ [[ 0 -ne 0 ]]
+ count=2
+ [[ 20260615 -ge 20260616 ]]
+ [[ 0 -eq 0 ]]
+ echo 'no ready day'
no ready day
+ exit 1
+ cleanup
+ rm -f my_job.lock
=== 2026-06-17 08:30:01 ===
submit_luban.sh: line 3: /home/luban/.bash_profile: No such file or directory
+ set -e
+ LOCK_FILE=my_job.lock
+ '[' -f my_job.lock ']'
+ echo 1408747
+ trap cleanup EXIT
+ echo 'Start job...'
Start job...
+ CONF_FILE=./common.conf
+ ckpt_day=20260615
+ : 1
+ '[' 1 -eq 1 ']'
++ date +%Y%m%d
+ current_date=20260617
+ temp_date=20260617
+ max_days=20
+ found=0
+ eday=
++ date -d '20260615 +1 day' +%Y%m%d
+ bday=20260616
+ count=0
+ [[ 20260617 -ge 20260616 ]]
+ '[' 0 -ge 20 ']'
+ done_file_path=hdfs://DClusterUS1/user/prod_soda_trade_strategy/rank/zhangshuai/MX/mew_sam/data_df_all//20260617/_SUCCESS
+ /usr/local/hadoop-current/bin/hadoop fs -test -e hdfs://DClusterUS1/user/prod_soda_trade_strategy/rank/zhangshuai/MX/mew_sam/data_df_all//20260617/_SUCCESS
++ date -d '20260617 -1 day' +%Y%m%d
+ temp_date=20260616
+ [[ 0 -ne 0 ]]
+ count=1
+ [[ 20260616 -ge 20260616 ]]
+ '[' 1 -ge 20 ']'
+ done_file_path=hdfs://DClusterUS1/user/prod_soda_trade_strategy/rank/zhangshuai/MX/mew_sam/data_df_all//20260616/_SUCCESS
+ /usr/local/hadoop-current/bin/hadoop fs -test -e hdfs://DClusterUS1/user/prod_soda_trade_strategy/rank/zhangshuai/MX/mew_sam/data_df_all//20260616/_SUCCESS
++ date -d '20260616 -1 day' +%Y%m%d
+ temp_date=20260615
+ [[ 0 -ne 0 ]]
+ count=2
+ [[ 20260615 -ge 20260616 ]]
+ [[ 0 -eq 0 ]]
+ echo 'no ready day'
no ready day
+ exit 1
+ cleanup
+ rm -f my_job.lock
=== 2026-06-17 08:35:01 ===
submit_luban.sh: line 3: /home/luban/.bash_profile: No such file or directory
+ set -e
+ LOCK_FILE=my_job.lock
+ '[' -f my_job.lock ']'
+ echo 1414870
+ trap cleanup EXIT
+ echo 'Start job...'
Start job...
+ CONF_FILE=./common.conf
+ ckpt_day=20260615
+ : 1
+ '[' 1 -eq 1 ']'
++ date +%Y%m%d
+ current_date=20260617
+ temp_date=20260617
+ max_days=20
+ found=0
+ eday=
++ date -d '20260615 +1 day' +%Y%m%d
+ bday=20260616
+ count=0
+ [[ 20260617 -ge 20260616 ]]
+ '[' 0 -ge 20 ']'
+ done_file_path=hdfs://DClusterUS1/user/prod_soda_trade_strategy/rank/zhangshuai/MX/mew_sam/data_df_all//20260617/_SUCCESS
+ /usr/local/hadoop-current/bin/hadoop fs -test -e hdfs://DClusterUS1/user/prod_soda_trade_strategy/rank/zhangshuai/MX/mew_sam/data_df_all//20260617/_SUCCESS
++ date -d '20260617 -1 day' +%Y%m%d
+ temp_date=20260616
+ [[ 0 -ne 0 ]]
+ count=1
+ [[ 20260616 -ge 20260616 ]]
+ '[' 1 -ge 20 ']'
+ done_file_path=hdfs://DClusterUS1/user/prod_soda_trade_strategy/rank/zhangshuai/MX/mew_sam/data_df_all//20260616/_SUCCESS
+ /usr/local/hadoop-current/bin/hadoop fs -test -e hdfs://DClusterUS1/user/prod_soda_trade_strategy/rank/zhangshuai/MX/mew_sam/data_df_all//20260616/_SUCCESS
++ date -d '20260616 -1 day' +%Y%m%d
+ temp_date=20260615
+ [[ 0 -ne 0 ]]
+ count=2
+ [[ 20260615 -ge 20260616 ]]
+ [[ 0 -eq 0 ]]
+ echo 'no ready day'
no ready day
+ exit 1
+ cleanup
+ rm -f my_job.lock
=== 2026-06-17 08:40:01 ===
submit_luban.sh: line 3: /home/luban/.bash_profile: No such file or directory
+ set -e
+ LOCK_FILE=my_job.lock
+ '[' -f my_job.lock ']'
+ echo 1420991
+ trap cleanup EXIT
+ echo 'Start job...'
Start job...
+ CONF_FILE=./common.conf
+ ckpt_day=20260615
+ : 1
+ '[' 1 -eq 1 ']'
++ date +%Y%m%d
+ current_date=20260617
+ temp_date=20260617
+ max_days=20
+ found=0
+ eday=
++ date -d '20260615 +1 day' +%Y%m%d
+ bday=20260616
+ count=0
+ [[ 20260617 -ge 20260616 ]]
+ '[' 0 -ge 20 ']'
+ done_file_path=hdfs://DClusterUS1/user/prod_soda_trade_strategy/rank/zhangshuai/MX/mew_sam/data_df_all//20260617/_SUCCESS
+ /usr/local/hadoop-current/bin/hadoop fs -test -e hdfs://DClusterUS1/user/prod_soda_trade_strategy/rank/zhangshuai/MX/mew_sam/data_df_all//20260617/_SUCCESS
++ date -d '20260617 -1 day' +%Y%m%d
+ temp_date=20260616
+ [[ 0 -ne 0 ]]
+ count=1
+ [[ 20260616 -ge 20260616 ]]
+ '[' 1 -ge 20 ']'
+ done_file_path=hdfs://DClusterUS1/user/prod_soda_trade_strategy/rank/zhangshuai/MX/mew_sam/data_df_all//20260616/_SUCCESS
+ /usr/local/hadoop-current/bin/hadoop fs -test -e hdfs://DClusterUS1/user/prod_soda_trade_strategy/rank/zhangshuai/MX/mew_sam/data_df_all//20260616/_SUCCESS
++ date -d '20260616 -1 day' +%Y%m%d
+ temp_date=20260615
+ [[ 0 -ne 0 ]]
+ count=2
+ [[ 20260615 -ge 20260616 ]]
+ [[ 0 -eq 0 ]]
+ echo 'no ready day'
no ready day
+ exit 1
+ cleanup
+ rm -f my_job.lock
=== 2026-06-17 08:45:01 ===
submit_luban.sh: line 3: /home/luban/.bash_profile: No such file or directory
+ set -e
+ LOCK_FILE=my_job.lock
+ '[' -f my_job.lock ']'
+ echo 1427107
+ trap cleanup EXIT
+ echo 'Start job...'
Start job...
+ CONF_FILE=./common.conf
+ ckpt_day=20260615
+ : 1
+ '[' 1 -eq 1 ']'
++ date +%Y%m%d
+ current_date=20260617
+ temp_date=20260617
+ max_days=20
+ found=0
+ eday=
++ date -d '20260615 +1 day' +%Y%m%d
+ bday=20260616
+ count=0
+ [[ 20260617 -ge 20260616 ]]
+ '[' 0 -ge 20 ']'
+ done_file_path=hdfs://DClusterUS1/user/prod_soda_trade_strategy/rank/zhangshuai/MX/mew_sam/data_df_all//20260617/_SUCCESS
+ /usr/local/hadoop-current/bin/hadoop fs -test -e hdfs://DClusterUS1/user/prod_soda_trade_strategy/rank/zhangshuai/MX/mew_sam/data_df_all//20260617/_SUCCESS
++ date -d '20260617 -1 day' +%Y%m%d
+ temp_date=20260616
+ [[ 0 -ne 0 ]]
+ count=1
+ [[ 20260616 -ge 20260616 ]]
+ '[' 1 -ge 20 ']'
+ done_file_path=hdfs://DClusterUS1/user/prod_soda_trade_strategy/rank/zhangshuai/MX/mew_sam/data_df_all//20260616/_SUCCESS
+ /usr/local/hadoop-current/bin/hadoop fs -test -e hdfs://DClusterUS1/user/prod_soda_trade_strategy/rank/zhangshuai/MX/mew_sam/data_df_all//20260616/_SUCCESS
++ date -d '20260616 -1 day' +%Y%m%d
+ temp_date=20260615
+ [[ 0 -ne 0 ]]
+ count=2
+ [[ 20260615 -ge 20260616 ]]
+ [[ 0 -eq 0 ]]
+ echo 'no ready day'
no ready day
+ exit 1
+ cleanup
+ rm -f my_job.lock
=== 2026-06-17 08:50:01 ===
submit_luban.sh: line 3: /home/luban/.bash_profile: No such file or directory
+ set -e
+ LOCK_FILE=my_job.lock
+ '[' -f my_job.lock ']'
+ echo 1433225
+ trap cleanup EXIT
+ echo 'Start job...'
Start job...
+ CONF_FILE=./common.conf
+ ckpt_day=20260615
+ : 1
+ '[' 1 -eq 1 ']'
++ date +%Y%m%d
+ current_date=20260617
+ temp_date=20260617
+ max_days=20
+ found=0
+ eday=
++ date -d '20260615 +1 day' +%Y%m%d
+ bday=20260616
+ count=0
+ [[ 20260617 -ge 20260616 ]]
+ '[' 0 -ge 20 ']'
+ done_file_path=hdfs://DClusterUS1/user/prod_soda_trade_strategy/rank/zhangshuai/MX/mew_sam/data_df_all//20260617/_SUCCESS
+ /usr/local/hadoop-current/bin/hadoop fs -test -e hdfs://DClusterUS1/user/prod_soda_trade_strategy/rank/zhangshuai/MX/mew_sam/data_df_all//20260617/_SUCCESS
++ date -d '20260617 -1 day' +%Y%m%d
+ temp_date=20260616
+ [[ 0 -ne 0 ]]
+ count=1
+ [[ 20260616 -ge 20260616 ]]
+ '[' 1 -ge 20 ']'
+ done_file_path=hdfs://DClusterUS1/user/prod_soda_trade_strategy/rank/zhangshuai/MX/mew_sam/data_df_all//20260616/_SUCCESS
+ /usr/local/hadoop-current/bin/hadoop fs -test -e hdfs://DClusterUS1/user/prod_soda_trade_strategy/rank/zhangshuai/MX/mew_sam/data_df_all//20260616/_SUCCESS
++ date -d '20260616 -1 day' +%Y%m%d
+ temp_date=20260615
+ [[ 0 -ne 0 ]]
+ count=2
+ [[ 20260615 -ge 20260616 ]]
+ [[ 0 -eq 0 ]]
+ echo 'no ready day'
no ready day
+ exit 1
+ cleanup
+ rm -f my_job.lock
=== 2026-06-17 08:55:01 ===
submit_luban.sh: line 3: /home/luban/.bash_profile: No such file or directory
+ set -e
+ LOCK_FILE=my_job.lock
+ '[' -f my_job.lock ']'
+ echo 1439346
+ trap cleanup EXIT
+ echo 'Start job...'
Start job...
+ CONF_FILE=./common.conf
+ ckpt_day=20260615
+ : 1
+ '[' 1 -eq 1 ']'
++ date +%Y%m%d
+ current_date=20260617
+ temp_date=20260617
+ max_days=20
+ found=0
+ eday=
++ date -d '20260615 +1 day' +%Y%m%d
+ bday=20260616
+ count=0
+ [[ 20260617 -ge 20260616 ]]
+ '[' 0 -ge 20 ']'
+ done_file_path=hdfs://DClusterUS1/user/prod_soda_trade_strategy/rank/zhangshuai/MX/mew_sam/data_df_all//20260617/_SUCCESS
+ /usr/local/hadoop-current/bin/hadoop fs -test -e hdfs://DClusterUS1/user/prod_soda_trade_strategy/rank/zhangshuai/MX/mew_sam/data_df_all//20260617/_SUCCESS
++ date -d '20260617 -1 day' +%Y%m%d
+ temp_date=20260616
+ [[ 0 -ne 0 ]]
+ count=1
+ [[ 20260616 -ge 20260616 ]]
+ '[' 1 -ge 20 ']'
+ done_file_path=hdfs://DClusterUS1/user/prod_soda_trade_strategy/rank/zhangshuai/MX/mew_sam/data_df_all//20260616/_SUCCESS
+ /usr/local/hadoop-current/bin/hadoop fs -test -e hdfs://DClusterUS1/user/prod_soda_trade_strategy/rank/zhangshuai/MX/mew_sam/data_df_all//20260616/_SUCCESS
++ date -d '20260616 -1 day' +%Y%m%d
+ temp_date=20260615
+ [[ 0 -ne 0 ]]
+ count=2
+ [[ 20260615 -ge 20260616 ]]
+ [[ 0 -eq 0 ]]
+ echo 'no ready day'
no ready day
+ exit 1
+ cleanup
+ rm -f my_job.lock
=== 2026-06-17 09:00:01 ===
submit_luban.sh: line 3: /home/luban/.bash_profile: No such file or directory
+ set -e
+ LOCK_FILE=my_job.lock
+ '[' -f my_job.lock ']'
+ echo 1445472
+ trap cleanup EXIT
+ echo 'Start job...'
Start job...
+ CONF_FILE=./common.conf
+ ckpt_day=20260615
+ : 1
+ '[' 1 -eq 1 ']'
++ date +%Y%m%d
+ current_date=20260617
+ temp_date=20260617
+ max_days=20
+ found=0
+ eday=
++ date -d '20260615 +1 day' +%Y%m%d
+ bday=20260616
+ count=0
+ [[ 20260617 -ge 20260616 ]]
+ '[' 0 -ge 20 ']'
+ done_file_path=hdfs://DClusterUS1/user/prod_soda_trade_strategy/rank/zhangshuai/MX/mew_sam/data_df_all//20260617/_SUCCESS
+ /usr/local/hadoop-current/bin/hadoop fs -test -e hdfs://DClusterUS1/user/prod_soda_trade_strategy/rank/zhangshuai/MX/mew_sam/data_df_all//20260617/_SUCCESS
++ date -d '20260617 -1 day' +%Y%m%d
+ temp_date=20260616
+ [[ 0 -ne 0 ]]
+ count=1
+ [[ 20260616 -ge 20260616 ]]
+ '[' 1 -ge 20 ']'
+ done_file_path=hdfs://DClusterUS1/user/prod_soda_trade_strategy/rank/zhangshuai/MX/mew_sam/data_df_all//20260616/_SUCCESS
+ /usr/local/hadoop-current/bin/hadoop fs -test -e hdfs://DClusterUS1/user/prod_soda_trade_strategy/rank/zhangshuai/MX/mew_sam/data_df_all//20260616/_SUCCESS
++ date -d '20260616 -1 day' +%Y%m%d
+ temp_date=20260615
+ [[ 0 -ne 0 ]]
+ count=2
+ [[ 20260615 -ge 20260616 ]]
+ [[ 0 -eq 0 ]]
+ echo 'no ready day'
no ready day
+ exit 1
+ cleanup
+ rm -f my_job.lock
=== 2026-06-17 09:05:01 ===
submit_luban.sh: line 3: /home/luban/.bash_profile: No such file or directory
+ set -e
+ LOCK_FILE=my_job.lock
+ '[' -f my_job.lock ']'
+ echo 1451586
+ trap cleanup EXIT
+ echo 'Start job...'
Start job...
+ CONF_FILE=./common.conf
+ ckpt_day=20260615
+ : 1
+ '[' 1 -eq 1 ']'
++ date +%Y%m%d
+ current_date=20260617
+ temp_date=20260617
+ max_days=20
+ found=0
+ eday=
++ date -d '20260615 +1 day' +%Y%m%d
+ bday=20260616
+ count=0
+ [[ 20260617 -ge 20260616 ]]
+ '[' 0 -ge 20 ']'
+ done_file_path=hdfs://DClusterUS1/user/prod_soda_trade_strategy/rank/zhangshuai/MX/mew_sam/data_df_all//20260617/_SUCCESS
+ /usr/local/hadoop-current/bin/hadoop fs -test -e hdfs://DClusterUS1/user/prod_soda_trade_strategy/rank/zhangshuai/MX/mew_sam/data_df_all//20260617/_SUCCESS
++ date -d '20260617 -1 day' +%Y%m%d
+ temp_date=20260616
+ [[ 0 -ne 0 ]]
+ count=1
+ [[ 20260616 -ge 20260616 ]]
+ '[' 1 -ge 20 ']'
+ done_file_path=hdfs://DClusterUS1/user/prod_soda_trade_strategy/rank/zhangshuai/MX/mew_sam/data_df_all//20260616/_SUCCESS
+ /usr/local/hadoop-current/bin/hadoop fs -test -e hdfs://DClusterUS1/user/prod_soda_trade_strategy/rank/zhangshuai/MX/mew_sam/data_df_all//20260616/_SUCCESS
++ date -d '20260616 -1 day' +%Y%m%d
+ temp_date=20260615
+ [[ 0 -ne 0 ]]
+ count=2
+ [[ 20260615 -ge 20260616 ]]
+ [[ 0 -eq 0 ]]
+ echo 'no ready day'
no ready day
+ exit 1
+ cleanup
+ rm -f my_job.lock
=== 2026-06-17 09:10:01 ===
submit_luban.sh: line 3: /home/luban/.bash_profile: No such file or directory
+ set -e
+ LOCK_FILE=my_job.lock
+ '[' -f my_job.lock ']'
+ echo 1457711
+ trap cleanup EXIT
+ echo 'Start job...'
Start job...
+ CONF_FILE=./common.conf
+ ckpt_day=20260615
+ : 1
+ '[' 1 -eq 1 ']'
++ date +%Y%m%d
+ current_date=20260617
+ temp_date=20260617
+ max_days=20
+ found=0
+ eday=
++ date -d '20260615 +1 day' +%Y%m%d
+ bday=20260616
+ count=0
+ [[ 20260617 -ge 20260616 ]]
+ '[' 0 -ge 20 ']'
+ done_file_path=hdfs://DClusterUS1/user/prod_soda_trade_strategy/rank/zhangshuai/MX/mew_sam/data_df_all//20260617/_SUCCESS
+ /usr/local/hadoop-current/bin/hadoop fs -test -e hdfs://DClusterUS1/user/prod_soda_trade_strategy/rank/zhangshuai/MX/mew_sam/data_df_all//20260617/_SUCCESS
++ date -d '20260617 -1 day' +%Y%m%d
+ temp_date=20260616
+ [[ 0 -ne 0 ]]
+ count=1
+ [[ 20260616 -ge 20260616 ]]
+ '[' 1 -ge 20 ']'
+ done_file_path=hdfs://DClusterUS1/user/prod_soda_trade_strategy/rank/zhangshuai/MX/mew_sam/data_df_all//20260616/_SUCCESS
+ /usr/local/hadoop-current/bin/hadoop fs -test -e hdfs://DClusterUS1/user/prod_soda_trade_strategy/rank/zhangshuai/MX/mew_sam/data_df_all//20260616/_SUCCESS
++ date -d '20260616 -1 day' +%Y%m%d
+ temp_date=20260615
+ [[ 0 -ne 0 ]]
+ count=2
+ [[ 20260615 -ge 20260616 ]]
+ [[ 0 -eq 0 ]]
+ echo 'no ready day'
no ready day
+ exit 1
+ cleanup
+ rm -f my_job.lock
=== 2026-06-17 09:15:01 ===
submit_luban.sh: line 3: /home/luban/.bash_profile: No such file or directory
+ set -e
+ LOCK_FILE=my_job.lock
+ '[' -f my_job.lock ']'
+ echo 1463826
+ trap cleanup EXIT
+ echo 'Start job...'
Start job...
+ CONF_FILE=./common.conf
+ ckpt_day=20260615
+ : 1
+ '[' 1 -eq 1 ']'
++ date +%Y%m%d
+ current_date=20260617
+ temp_date=20260617
+ max_days=20
+ found=0
+ eday=
++ date -d '20260615 +1 day' +%Y%m%d
+ bday=20260616
+ count=0
+ [[ 20260617 -ge 20260616 ]]
+ '[' 0 -ge 20 ']'
+ done_file_path=hdfs://DClusterUS1/user/prod_soda_trade_strategy/rank/zhangshuai/MX/mew_sam/data_df_all//20260617/_SUCCESS
+ /usr/local/hadoop-current/bin/hadoop fs -test -e hdfs://DClusterUS1/user/prod_soda_trade_strategy/rank/zhangshuai/MX/mew_sam/data_df_all//20260617/_SUCCESS
++ date -d '20260617 -1 day' +%Y%m%d
+ temp_date=20260616
+ [[ 0 -ne 0 ]]
+ count=1
+ [[ 20260616 -ge 20260616 ]]
+ '[' 1 -ge 20 ']'
+ done_file_path=hdfs://DClusterUS1/user/prod_soda_trade_strategy/rank/zhangshuai/MX/mew_sam/data_df_all//20260616/_SUCCESS
+ /usr/local/hadoop-current/bin/hadoop fs -test -e hdfs://DClusterUS1/user/prod_soda_trade_strategy/rank/zhangshuai/MX/mew_sam/data_df_all//20260616/_SUCCESS
++ date -d '20260616 -1 day' +%Y%m%d
+ temp_date=20260615
+ [[ 0 -ne 0 ]]
+ count=2
+ [[ 20260615 -ge 20260616 ]]
+ [[ 0 -eq 0 ]]
+ echo 'no ready day'
no ready day
+ exit 1
+ cleanup
+ rm -f my_job.lock
=== 2026-06-17 09:20:01 ===
submit_luban.sh: line 3: /home/luban/.bash_profile: No such file or directory
+ set -e
+ LOCK_FILE=my_job.lock
+ '[' -f my_job.lock ']'
+ echo 1470463
+ trap cleanup EXIT
+ echo 'Start job...'
Start job...
+ CONF_FILE=./common.conf
+ ckpt_day=20260615
+ : 1
+ '[' 1 -eq 1 ']'
++ date +%Y%m%d
+ current_date=20260617
+ temp_date=20260617
+ max_days=20
+ found=0
+ eday=
++ date -d '20260615 +1 day' +%Y%m%d
+ bday=20260616
+ count=0
+ [[ 20260617 -ge 20260616 ]]
+ '[' 0 -ge 20 ']'
+ done_file_path=hdfs://DClusterUS1/user/prod_soda_trade_strategy/rank/zhangshuai/MX/mew_sam/data_df_all//20260617/_SUCCESS
+ /usr/local/hadoop-current/bin/hadoop fs -test -e hdfs://DClusterUS1/user/prod_soda_trade_strategy/rank/zhangshuai/MX/mew_sam/data_df_all//20260617/_SUCCESS
++ date -d '20260617 -1 day' +%Y%m%d
+ temp_date=20260616
+ [[ 0 -ne 0 ]]
+ count=1
+ [[ 20260616 -ge 20260616 ]]
+ '[' 1 -ge 20 ']'
+ done_file_path=hdfs://DClusterUS1/user/prod_soda_trade_strategy/rank/zhangshuai/MX/mew_sam/data_df_all//20260616/_SUCCESS
+ /usr/local/hadoop-current/bin/hadoop fs -test -e hdfs://DClusterUS1/user/prod_soda_trade_strategy/rank/zhangshuai/MX/mew_sam/data_df_all//20260616/_SUCCESS
++ date -d '20260616 -1 day' +%Y%m%d
+ temp_date=20260615
+ [[ 0 -ne 0 ]]
+ count=2
+ [[ 20260615 -ge 20260616 ]]
+ [[ 0 -eq 0 ]]
+ echo 'no ready day'
no ready day
+ exit 1
+ cleanup
+ rm -f my_job.lock
=== 2026-06-17 09:25:01 ===
submit_luban.sh: line 3: /home/luban/.bash_profile: No such file or directory
+ set -e
+ LOCK_FILE=my_job.lock
+ '[' -f my_job.lock ']'
+ echo 1476664
+ trap cleanup EXIT
+ echo 'Start job...'
Start job...
+ CONF_FILE=./common.conf
+ ckpt_day=20260615
+ : 1
+ '[' 1 -eq 1 ']'
++ date +%Y%m%d
+ current_date=20260617
+ temp_date=20260617
+ max_days=20
+ found=0
+ eday=
++ date -d '20260615 +1 day' +%Y%m%d
+ bday=20260616
+ count=0
+ [[ 20260617 -ge 20260616 ]]
+ '[' 0 -ge 20 ']'
+ done_file_path=hdfs://DClusterUS1/user/prod_soda_trade_strategy/rank/zhangshuai/MX/mew_sam/data_df_all//20260617/_SUCCESS
+ /usr/local/hadoop-current/bin/hadoop fs -test -e hdfs://DClusterUS1/user/prod_soda_trade_strategy/rank/zhangshuai/MX/mew_sam/data_df_all//20260617/_SUCCESS
++ date -d '20260617 -1 day' +%Y%m%d
+ temp_date=20260616
+ [[ 0 -ne 0 ]]
+ count=1
+ [[ 20260616 -ge 20260616 ]]
+ '[' 1 -ge 20 ']'
+ done_file_path=hdfs://DClusterUS1/user/prod_soda_trade_strategy/rank/zhangshuai/MX/mew_sam/data_df_all//20260616/_SUCCESS
+ /usr/local/hadoop-current/bin/hadoop fs -test -e hdfs://DClusterUS1/user/prod_soda_trade_strategy/rank/zhangshuai/MX/mew_sam/data_df_all//20260616/_SUCCESS
++ date -d '20260616 -1 day' +%Y%m%d
+ temp_date=20260615
+ [[ 0 -ne 0 ]]
+ count=2
+ [[ 20260615 -ge 20260616 ]]
+ [[ 0 -eq 0 ]]
+ echo 'no ready day'
no ready day
+ exit 1
+ cleanup
+ rm -f my_job.lock
=== 2026-06-17 09:30:01 ===
submit_luban.sh: line 3: /home/luban/.bash_profile: No such file or directory
+ set -e
+ LOCK_FILE=my_job.lock
+ '[' -f my_job.lock ']'
+ echo 1482786
+ trap cleanup EXIT
+ echo 'Start job...'
Start job...
+ CONF_FILE=./common.conf
+ ckpt_day=20260615
+ : 1
+ '[' 1 -eq 1 ']'
++ date +%Y%m%d
+ current_date=20260617
+ temp_date=20260617
+ max_days=20
+ found=0
+ eday=
++ date -d '20260615 +1 day' +%Y%m%d
+ bday=20260616
+ count=0
+ [[ 20260617 -ge 20260616 ]]
+ '[' 0 -ge 20 ']'
+ done_file_path=hdfs://DClusterUS1/user/prod_soda_trade_strategy/rank/zhangshuai/MX/mew_sam/data_df_all//20260617/_SUCCESS
+ /usr/local/hadoop-current/bin/hadoop fs -test -e hdfs://DClusterUS1/user/prod_soda_trade_strategy/rank/zhangshuai/MX/mew_sam/data_df_all//20260617/_SUCCESS
++ date -d '20260617 -1 day' +%Y%m%d
+ temp_date=20260616
+ [[ 0 -ne 0 ]]
+ count=1
+ [[ 20260616 -ge 20260616 ]]
+ '[' 1 -ge 20 ']'
+ done_file_path=hdfs://DClusterUS1/user/prod_soda_trade_strategy/rank/zhangshuai/MX/mew_sam/data_df_all//20260616/_SUCCESS
+ /usr/local/hadoop-current/bin/hadoop fs -test -e hdfs://DClusterUS1/user/prod_soda_trade_strategy/rank/zhangshuai/MX/mew_sam/data_df_all//20260616/_SUCCESS
++ date -d '20260616 -1 day' +%Y%m%d
+ temp_date=20260615
+ [[ 0 -ne 0 ]]
+ count=2
+ [[ 20260615 -ge 20260616 ]]
+ [[ 0 -eq 0 ]]
+ echo 'no ready day'
no ready day
+ exit 1
+ cleanup
+ rm -f my_job.lock
=== 2026-06-17 09:35:01 ===
submit_luban.sh: line 3: /home/luban/.bash_profile: No such file or directory
+ set -e
+ LOCK_FILE=my_job.lock
+ '[' -f my_job.lock ']'
+ echo 1488878
+ trap cleanup EXIT
+ echo 'Start job...'
Start job...
+ CONF_FILE=./common.conf
+ ckpt_day=20260615
+ : 1
+ '[' 1 -eq 1 ']'
++ date +%Y%m%d
+ current_date=20260617
+ temp_date=20260617
+ max_days=20
+ found=0
+ eday=
++ date -d '20260615 +1 day' +%Y%m%d
+ bday=20260616
+ count=0
+ [[ 20260617 -ge 20260616 ]]
+ '[' 0 -ge 20 ']'
+ done_file_path=hdfs://DClusterUS1/user/prod_soda_trade_strategy/rank/zhangshuai/MX/mew_sam/data_df_all//20260617/_SUCCESS
+ /usr/local/hadoop-current/bin/hadoop fs -test -e hdfs://DClusterUS1/user/prod_soda_trade_strategy/rank/zhangshuai/MX/mew_sam/data_df_all//20260617/_SUCCESS
++ date -d '20260617 -1 day' +%Y%m%d
+ temp_date=20260616
+ [[ 0 -ne 0 ]]
+ count=1
+ [[ 20260616 -ge 20260616 ]]
+ '[' 1 -ge 20 ']'
+ done_file_path=hdfs://DClusterUS1/user/prod_soda_trade_strategy/rank/zhangshuai/MX/mew_sam/data_df_all//20260616/_SUCCESS
+ /usr/local/hadoop-current/bin/hadoop fs -test -e hdfs://DClusterUS1/user/prod_soda_trade_strategy/rank/zhangshuai/MX/mew_sam/data_df_all//20260616/_SUCCESS
++ date -d '20260616 -1 day' +%Y%m%d
+ temp_date=20260615
+ [[ 0 -ne 0 ]]
+ count=2
+ [[ 20260615 -ge 20260616 ]]
+ [[ 0 -eq 0 ]]
+ echo 'no ready day'
no ready day
+ exit 1
+ cleanup
+ rm -f my_job.lock
=== 2026-06-17 09:40:01 ===
submit_luban.sh: line 3: /home/luban/.bash_profile: No such file or directory
+ set -e
+ LOCK_FILE=my_job.lock
+ '[' -f my_job.lock ']'
+ echo 1495000
+ trap cleanup EXIT
+ echo 'Start job...'
Start job...
+ CONF_FILE=./common.conf
+ ckpt_day=20260615
+ : 1
+ '[' 1 -eq 1 ']'
++ date +%Y%m%d
+ current_date=20260617
+ temp_date=20260617
+ max_days=20
+ found=0
+ eday=
++ date -d '20260615 +1 day' +%Y%m%d
+ bday=20260616
+ count=0
+ [[ 20260617 -ge 20260616 ]]
+ '[' 0 -ge 20 ']'
+ done_file_path=hdfs://DClusterUS1/user/prod_soda_trade_strategy/rank/zhangshuai/MX/mew_sam/data_df_all//20260617/_SUCCESS
+ /usr/local/hadoop-current/bin/hadoop fs -test -e hdfs://DClusterUS1/user/prod_soda_trade_strategy/rank/zhangshuai/MX/mew_sam/data_df_all//20260617/_SUCCESS
++ date -d '20260617 -1 day' +%Y%m%d
+ temp_date=20260616
+ [[ 0 -ne 0 ]]
+ count=1
+ [[ 20260616 -ge 20260616 ]]
+ '[' 1 -ge 20 ']'
+ done_file_path=hdfs://DClusterUS1/user/prod_soda_trade_strategy/rank/zhangshuai/MX/mew_sam/data_df_all//20260616/_SUCCESS
+ /usr/local/hadoop-current/bin/hadoop fs -test -e hdfs://DClusterUS1/user/prod_soda_trade_strategy/rank/zhangshuai/MX/mew_sam/data_df_all//20260616/_SUCCESS
++ date -d '20260616 -1 day' +%Y%m%d
+ temp_date=20260615
+ [[ 0 -ne 0 ]]
+ count=2
+ [[ 20260615 -ge 20260616 ]]
+ [[ 0 -eq 0 ]]
+ echo 'no ready day'
no ready day
+ exit 1
+ cleanup
+ rm -f my_job.lock
=== 2026-06-17 09:45:01 ===
submit_luban.sh: line 3: /home/luban/.bash_profile: No such file or directory
+ set -e
+ LOCK_FILE=my_job.lock
+ '[' -f my_job.lock ']'
+ echo 1501132
+ trap cleanup EXIT
+ echo 'Start job...'
Start job...
+ CONF_FILE=./common.conf
+ ckpt_day=20260615
+ : 1
+ '[' 1 -eq 1 ']'
++ date +%Y%m%d
+ current_date=20260617
+ temp_date=20260617
+ max_days=20
+ found=0
+ eday=
++ date -d '20260615 +1 day' +%Y%m%d
+ bday=20260616
+ count=0
+ [[ 20260617 -ge 20260616 ]]
+ '[' 0 -ge 20 ']'
+ done_file_path=hdfs://DClusterUS1/user/prod_soda_trade_strategy/rank/zhangshuai/MX/mew_sam/data_df_all//20260617/_SUCCESS
+ /usr/local/hadoop-current/bin/hadoop fs -test -e hdfs://DClusterUS1/user/prod_soda_trade_strategy/rank/zhangshuai/MX/mew_sam/data_df_all//20260617/_SUCCESS
++ date -d '20260617 -1 day' +%Y%m%d
+ temp_date=20260616
+ [[ 0 -ne 0 ]]
+ count=1
+ [[ 20260616 -ge 20260616 ]]
+ '[' 1 -ge 20 ']'
+ done_file_path=hdfs://DClusterUS1/user/prod_soda_trade_strategy/rank/zhangshuai/MX/mew_sam/data_df_all//20260616/_SUCCESS
+ /usr/local/hadoop-current/bin/hadoop fs -test -e hdfs://DClusterUS1/user/prod_soda_trade_strategy/rank/zhangshuai/MX/mew_sam/data_df_all//20260616/_SUCCESS
++ date -d '20260616 -1 day' +%Y%m%d
+ temp_date=20260615
+ [[ 0 -ne 0 ]]
+ count=2
+ [[ 20260615 -ge 20260616 ]]
+ [[ 0 -eq 0 ]]
+ echo 'no ready day'
no ready day
+ exit 1
+ cleanup
+ rm -f my_job.lock
=== 2026-06-17 09:50:01 ===
submit_luban.sh: line 3: /home/luban/.bash_profile: No such file or directory
+ set -e
+ LOCK_FILE=my_job.lock
+ '[' -f my_job.lock ']'
+ echo 1507252
+ trap cleanup EXIT
+ echo 'Start job...'
Start job...
+ CONF_FILE=./common.conf
+ ckpt_day=20260615
+ : 1
+ '[' 1 -eq 1 ']'
++ date +%Y%m%d
+ current_date=20260617
+ temp_date=20260617
+ max_days=20
+ found=0
+ eday=
++ date -d '20260615 +1 day' +%Y%m%d
+ bday=20260616
+ count=0
+ [[ 20260617 -ge 20260616 ]]
+ '[' 0 -ge 20 ']'
+ done_file_path=hdfs://DClusterUS1/user/prod_soda_trade_strategy/rank/zhangshuai/MX/mew_sam/data_df_all//20260617/_SUCCESS
+ /usr/local/hadoop-current/bin/hadoop fs -test -e hdfs://DClusterUS1/user/prod_soda_trade_strategy/rank/zhangshuai/MX/mew_sam/data_df_all//20260617/_SUCCESS
++ date -d '20260617 -1 day' +%Y%m%d
+ temp_date=20260616
+ [[ 0 -ne 0 ]]
+ count=1
+ [[ 20260616 -ge 20260616 ]]
+ '[' 1 -ge 20 ']'
+ done_file_path=hdfs://DClusterUS1/user/prod_soda_trade_strategy/rank/zhangshuai/MX/mew_sam/data_df_all//20260616/_SUCCESS
+ /usr/local/hadoop-current/bin/hadoop fs -test -e hdfs://DClusterUS1/user/prod_soda_trade_strategy/rank/zhangshuai/MX/mew_sam/data_df_all//20260616/_SUCCESS
++ date -d '20260616 -1 day' +%Y%m%d
+ temp_date=20260615
+ [[ 0 -ne 0 ]]
+ count=2
+ [[ 20260615 -ge 20260616 ]]
+ [[ 0 -eq 0 ]]
+ echo 'no ready day'
no ready day
+ exit 1
+ cleanup
+ rm -f my_job.lock
=== 2026-06-17 09:55:01 ===
submit_luban.sh: line 3: /home/luban/.bash_profile: No such file or directory
+ set -e
+ LOCK_FILE=my_job.lock
+ '[' -f my_job.lock ']'
+ echo 1513375
+ trap cleanup EXIT
+ echo 'Start job...'
Start job...
+ CONF_FILE=./common.conf
+ ckpt_day=20260615
+ : 1
+ '[' 1 -eq 1 ']'
++ date +%Y%m%d
+ current_date=20260617
+ temp_date=20260617
+ max_days=20
+ found=0
+ eday=
++ date -d '20260615 +1 day' +%Y%m%d
+ bday=20260616
+ count=0
+ [[ 20260617 -ge 20260616 ]]
+ '[' 0 -ge 20 ']'
+ done_file_path=hdfs://DClusterUS1/user/prod_soda_trade_strategy/rank/zhangshuai/MX/mew_sam/data_df_all//20260617/_SUCCESS
+ /usr/local/hadoop-current/bin/hadoop fs -test -e hdfs://DClusterUS1/user/prod_soda_trade_strategy/rank/zhangshuai/MX/mew_sam/data_df_all//20260617/_SUCCESS
++ date -d '20260617 -1 day' +%Y%m%d
+ temp_date=20260616
+ [[ 0 -ne 0 ]]
+ count=1
+ [[ 20260616 -ge 20260616 ]]
+ '[' 1 -ge 20 ']'
+ done_file_path=hdfs://DClusterUS1/user/prod_soda_trade_strategy/rank/zhangshuai/MX/mew_sam/data_df_all//20260616/_SUCCESS
+ /usr/local/hadoop-current/bin/hadoop fs -test -e hdfs://DClusterUS1/user/prod_soda_trade_strategy/rank/zhangshuai/MX/mew_sam/data_df_all//20260616/_SUCCESS
++ date -d '20260616 -1 day' +%Y%m%d
+ temp_date=20260615
+ [[ 0 -ne 0 ]]
+ count=2
+ [[ 20260615 -ge 20260616 ]]
+ [[ 0 -eq 0 ]]
+ echo 'no ready day'
no ready day
+ exit 1
+ cleanup
+ rm -f my_job.lock
=== 2026-06-17 10:00:01 ===
submit_luban.sh: line 3: /home/luban/.bash_profile: No such file or directory
+ set -e
+ LOCK_FILE=my_job.lock
+ '[' -f my_job.lock ']'
+ echo 1519501
+ trap cleanup EXIT
+ echo 'Start job...'
Start job...
+ CONF_FILE=./common.conf
+ ckpt_day=20260615
+ : 1
+ '[' 1 -eq 1 ']'
++ date +%Y%m%d
+ current_date=20260617
+ temp_date=20260617
+ max_days=20
+ found=0
+ eday=
++ date -d '20260615 +1 day' +%Y%m%d
+ bday=20260616
+ count=0
+ [[ 20260617 -ge 20260616 ]]
+ '[' 0 -ge 20 ']'
+ done_file_path=hdfs://DClusterUS1/user/prod_soda_trade_strategy/rank/zhangshuai/MX/mew_sam/data_df_all//20260617/_SUCCESS
+ /usr/local/hadoop-current/bin/hadoop fs -test -e hdfs://DClusterUS1/user/prod_soda_trade_strategy/rank/zhangshuai/MX/mew_sam/data_df_all//20260617/_SUCCESS
++ date -d '20260617 -1 day' +%Y%m%d
+ temp_date=20260616
+ [[ 0 -ne 0 ]]
+ count=1
+ [[ 20260616 -ge 20260616 ]]
+ '[' 1 -ge 20 ']'
+ done_file_path=hdfs://DClusterUS1/user/prod_soda_trade_strategy/rank/zhangshuai/MX/mew_sam/data_df_all//20260616/_SUCCESS
+ /usr/local/hadoop-current/bin/hadoop fs -test -e hdfs://DClusterUS1/user/prod_soda_trade_strategy/rank/zhangshuai/MX/mew_sam/data_df_all//20260616/_SUCCESS
++ date -d '20260616 -1 day' +%Y%m%d
+ temp_date=20260615
+ [[ 0 -ne 0 ]]
+ count=2
+ [[ 20260615 -ge 20260616 ]]
+ [[ 0 -eq 0 ]]
+ echo 'no ready day'
no ready day
+ exit 1
+ cleanup
+ rm -f my_job.lock
=== 2026-06-17 10:05:01 ===
submit_luban.sh: line 3: /home/luban/.bash_profile: No such file or directory
+ set -e
+ LOCK_FILE=my_job.lock
+ '[' -f my_job.lock ']'
+ echo 1525621
+ trap cleanup EXIT
+ echo 'Start job...'
Start job...
+ CONF_FILE=./common.conf
+ ckpt_day=20260615
+ : 1
+ '[' 1 -eq 1 ']'
++ date +%Y%m%d
+ current_date=20260617
+ temp_date=20260617
+ max_days=20
+ found=0
+ eday=
++ date -d '20260615 +1 day' +%Y%m%d
+ bday=20260616
+ count=0
+ [[ 20260617 -ge 20260616 ]]
+ '[' 0 -ge 20 ']'
+ done_file_path=hdfs://DClusterUS1/user/prod_soda_trade_strategy/rank/zhangshuai/MX/mew_sam/data_df_all//20260617/_SUCCESS
+ /usr/local/hadoop-current/bin/hadoop fs -test -e hdfs://DClusterUS1/user/prod_soda_trade_strategy/rank/zhangshuai/MX/mew_sam/data_df_all//20260617/_SUCCESS
++ date -d '20260617 -1 day' +%Y%m%d
+ temp_date=20260616
+ [[ 0 -ne 0 ]]
+ count=1
+ [[ 20260616 -ge 20260616 ]]
+ '[' 1 -ge 20 ']'
+ done_file_path=hdfs://DClusterUS1/user/prod_soda_trade_strategy/rank/zhangshuai/MX/mew_sam/data_df_all//20260616/_SUCCESS
+ /usr/local/hadoop-current/bin/hadoop fs -test -e hdfs://DClusterUS1/user/prod_soda_trade_strategy/rank/zhangshuai/MX/mew_sam/data_df_all//20260616/_SUCCESS
++ date -d '20260616 -1 day' +%Y%m%d
+ temp_date=20260615
+ [[ 0 -ne 0 ]]
+ count=2
+ [[ 20260615 -ge 20260616 ]]
+ [[ 0 -eq 0 ]]
+ echo 'no ready day'
no ready day
+ exit 1
+ cleanup
+ rm -f my_job.lock
=== 2026-06-17 10:10:01 ===
submit_luban.sh: line 3: /home/luban/.bash_profile: No such file or directory
+ set -e
+ LOCK_FILE=my_job.lock
+ '[' -f my_job.lock ']'
+ echo 1531731
+ trap cleanup EXIT
+ echo 'Start job...'
Start job...
+ CONF_FILE=./common.conf
+ ckpt_day=20260615
+ : 1
+ '[' 1 -eq 1 ']'
++ date +%Y%m%d
+ current_date=20260617
+ temp_date=20260617
+ max_days=20
+ found=0
+ eday=
++ date -d '20260615 +1 day' +%Y%m%d
+ bday=20260616
+ count=0
+ [[ 20260617 -ge 20260616 ]]
+ '[' 0 -ge 20 ']'
+ done_file_path=hdfs://DClusterUS1/user/prod_soda_trade_strategy/rank/zhangshuai/MX/mew_sam/data_df_all//20260617/_SUCCESS
+ /usr/local/hadoop-current/bin/hadoop fs -test -e hdfs://DClusterUS1/user/prod_soda_trade_strategy/rank/zhangshuai/MX/mew_sam/data_df_all//20260617/_SUCCESS
++ date -d '20260617 -1 day' +%Y%m%d
+ temp_date=20260616
+ [[ 0 -ne 0 ]]
+ count=1
+ [[ 20260616 -ge 20260616 ]]
+ '[' 1 -ge 20 ']'
+ done_file_path=hdfs://DClusterUS1/user/prod_soda_trade_strategy/rank/zhangshuai/MX/mew_sam/data_df_all//20260616/_SUCCESS
+ /usr/local/hadoop-current/bin/hadoop fs -test -e hdfs://DClusterUS1/user/prod_soda_trade_strategy/rank/zhangshuai/MX/mew_sam/data_df_all//20260616/_SUCCESS
++ date -d '20260616 -1 day' +%Y%m%d
+ temp_date=20260615
+ [[ 0 -ne 0 ]]
+ count=2
+ [[ 20260615 -ge 20260616 ]]
+ [[ 0 -eq 0 ]]
+ echo 'no ready day'
no ready day
+ exit 1
+ cleanup
+ rm -f my_job.lock
=== 2026-06-17 10:15:01 ===
submit_luban.sh: line 3: /home/luban/.bash_profile: No such file or directory
+ set -e
+ LOCK_FILE=my_job.lock
+ '[' -f my_job.lock ']'
+ echo 1537853
+ trap cleanup EXIT
+ echo 'Start job...'
Start job...
+ CONF_FILE=./common.conf
+ ckpt_day=20260615
+ : 1
+ '[' 1 -eq 1 ']'
++ date +%Y%m%d
+ current_date=20260617
+ temp_date=20260617
+ max_days=20
+ found=0
+ eday=
++ date -d '20260615 +1 day' +%Y%m%d
+ bday=20260616
+ count=0
+ [[ 20260617 -ge 20260616 ]]
+ '[' 0 -ge 20 ']'
+ done_file_path=hdfs://DClusterUS1/user/prod_soda_trade_strategy/rank/zhangshuai/MX/mew_sam/data_df_all//20260617/_SUCCESS
+ /usr/local/hadoop-current/bin/hadoop fs -test -e hdfs://DClusterUS1/user/prod_soda_trade_strategy/rank/zhangshuai/MX/mew_sam/data_df_all//20260617/_SUCCESS
++ date -d '20260617 -1 day' +%Y%m%d
+ temp_date=20260616
+ [[ 0 -ne 0 ]]
+ count=1
+ [[ 20260616 -ge 20260616 ]]
+ '[' 1 -ge 20 ']'
+ done_file_path=hdfs://DClusterUS1/user/prod_soda_trade_strategy/rank/zhangshuai/MX/mew_sam/data_df_all//20260616/_SUCCESS
+ /usr/local/hadoop-current/bin/hadoop fs -test -e hdfs://DClusterUS1/user/prod_soda_trade_strategy/rank/zhangshuai/MX/mew_sam/data_df_all//20260616/_SUCCESS
++ date -d '20260616 -1 day' +%Y%m%d
+ temp_date=20260615
+ [[ 0 -ne 0 ]]
+ count=2
+ [[ 20260615 -ge 20260616 ]]
+ [[ 0 -eq 0 ]]
+ echo 'no ready day'
no ready day
+ exit 1
+ cleanup
+ rm -f my_job.lock
=== 2026-06-17 10:20:01 ===
submit_luban.sh: line 3: /home/luban/.bash_profile: No such file or directory
+ set -e
+ LOCK_FILE=my_job.lock
+ '[' -f my_job.lock ']'
+ echo 1543982
+ trap cleanup EXIT
+ echo 'Start job...'
Start job...
+ CONF_FILE=./common.conf
+ ckpt_day=20260615
+ : 1
+ '[' 1 -eq 1 ']'
++ date +%Y%m%d
+ current_date=20260617
+ temp_date=20260617
+ max_days=20
+ found=0
+ eday=
++ date -d '20260615 +1 day' +%Y%m%d
+ bday=20260616
+ count=0
+ [[ 20260617 -ge 20260616 ]]
+ '[' 0 -ge 20 ']'
+ done_file_path=hdfs://DClusterUS1/user/prod_soda_trade_strategy/rank/zhangshuai/MX/mew_sam/data_df_all//20260617/_SUCCESS
+ /usr/local/hadoop-current/bin/hadoop fs -test -e hdfs://DClusterUS1/user/prod_soda_trade_strategy/rank/zhangshuai/MX/mew_sam/data_df_all//20260617/_SUCCESS
++ date -d '20260617 -1 day' +%Y%m%d
+ temp_date=20260616
+ [[ 0 -ne 0 ]]
+ count=1
+ [[ 20260616 -ge 20260616 ]]
+ '[' 1 -ge 20 ']'
+ done_file_path=hdfs://DClusterUS1/user/prod_soda_trade_strategy/rank/zhangshuai/MX/mew_sam/data_df_all//20260616/_SUCCESS
+ /usr/local/hadoop-current/bin/hadoop fs -test -e hdfs://DClusterUS1/user/prod_soda_trade_strategy/rank/zhangshuai/MX/mew_sam/data_df_all//20260616/_SUCCESS
++ date -d '20260616 -1 day' +%Y%m%d
+ temp_date=20260615
+ [[ 0 -ne 0 ]]
+ count=2
+ [[ 20260615 -ge 20260616 ]]
+ [[ 0 -eq 0 ]]
+ echo 'no ready day'
no ready day
+ exit 1
+ cleanup
+ rm -f my_job.lock
=== 2026-06-17 10:25:01 ===
submit_luban.sh: line 3: /home/luban/.bash_profile: No such file or directory
+ set -e
+ LOCK_FILE=my_job.lock
+ '[' -f my_job.lock ']'
+ echo 1550085
+ trap cleanup EXIT
+ echo 'Start job...'
Start job...
+ CONF_FILE=./common.conf
+ ckpt_day=20260615
+ : 1
+ '[' 1 -eq 1 ']'
++ date +%Y%m%d
+ current_date=20260617
+ temp_date=20260617
+ max_days=20
+ found=0
+ eday=
++ date -d '20260615 +1 day' +%Y%m%d
+ bday=20260616
+ count=0
+ [[ 20260617 -ge 20260616 ]]
+ '[' 0 -ge 20 ']'
+ done_file_path=hdfs://DClusterUS1/user/prod_soda_trade_strategy/rank/zhangshuai/MX/mew_sam/data_df_all//20260617/_SUCCESS
+ /usr/local/hadoop-current/bin/hadoop fs -test -e hdfs://DClusterUS1/user/prod_soda_trade_strategy/rank/zhangshuai/MX/mew_sam/data_df_all//20260617/_SUCCESS
++ date -d '20260617 -1 day' +%Y%m%d
+ temp_date=20260616
+ [[ 0 -ne 0 ]]
+ count=1
+ [[ 20260616 -ge 20260616 ]]
+ '[' 1 -ge 20 ']'
+ done_file_path=hdfs://DClusterUS1/user/prod_soda_trade_strategy/rank/zhangshuai/MX/mew_sam/data_df_all//20260616/_SUCCESS
+ /usr/local/hadoop-current/bin/hadoop fs -test -e hdfs://DClusterUS1/user/prod_soda_trade_strategy/rank/zhangshuai/MX/mew_sam/data_df_all//20260616/_SUCCESS
++ date -d '20260616 -1 day' +%Y%m%d
+ temp_date=20260615
+ [[ 0 -ne 0 ]]
+ count=2
+ [[ 20260615 -ge 20260616 ]]
+ [[ 0 -eq 0 ]]
+ echo 'no ready day'
no ready day
+ exit 1
+ cleanup
+ rm -f my_job.lock
=== 2026-06-17 10:30:01 ===
submit_luban.sh: line 3: /home/luban/.bash_profile: No such file or directory
+ set -e
+ LOCK_FILE=my_job.lock
+ '[' -f my_job.lock ']'
+ echo 1556212
+ trap cleanup EXIT
+ echo 'Start job...'
Start job...
+ CONF_FILE=./common.conf
+ ckpt_day=20260615
+ : 1
+ '[' 1 -eq 1 ']'
++ date +%Y%m%d
+ current_date=20260617
+ temp_date=20260617
+ max_days=20
+ found=0
+ eday=
++ date -d '20260615 +1 day' +%Y%m%d
+ bday=20260616
+ count=0
+ [[ 20260617 -ge 20260616 ]]
+ '[' 0 -ge 20 ']'
+ done_file_path=hdfs://DClusterUS1/user/prod_soda_trade_strategy/rank/zhangshuai/MX/mew_sam/data_df_all//20260617/_SUCCESS
+ /usr/local/hadoop-current/bin/hadoop fs -test -e hdfs://DClusterUS1/user/prod_soda_trade_strategy/rank/zhangshuai/MX/mew_sam/data_df_all//20260617/_SUCCESS
++ date -d '20260617 -1 day' +%Y%m%d
+ temp_date=20260616
+ [[ 0 -ne 0 ]]
+ count=1
+ [[ 20260616 -ge 20260616 ]]
+ '[' 1 -ge 20 ']'
+ done_file_path=hdfs://DClusterUS1/user/prod_soda_trade_strategy/rank/zhangshuai/MX/mew_sam/data_df_all//20260616/_SUCCESS
+ /usr/local/hadoop-current/bin/hadoop fs -test -e hdfs://DClusterUS1/user/prod_soda_trade_strategy/rank/zhangshuai/MX/mew_sam/data_df_all//20260616/_SUCCESS
++ date -d '20260616 -1 day' +%Y%m%d
+ temp_date=20260615
+ [[ 0 -ne 0 ]]
+ count=2
+ [[ 20260615 -ge 20260616 ]]
+ [[ 0 -eq 0 ]]
+ echo 'no ready day'
no ready day
+ exit 1
+ cleanup
+ rm -f my_job.lock
=== 2026-06-17 10:35:01 ===
submit_luban.sh: line 3: /home/luban/.bash_profile: No such file or directory
+ set -e
+ LOCK_FILE=my_job.lock
+ '[' -f my_job.lock ']'
+ echo 1562789
+ trap cleanup EXIT
+ echo 'Start job...'
Start job...
+ CONF_FILE=./common.conf
+ ckpt_day=20260615
+ : 1
+ '[' 1 -eq 1 ']'
++ date +%Y%m%d
+ current_date=20260617
+ temp_date=20260617
+ max_days=20
+ found=0
+ eday=
++ date -d '20260615 +1 day' +%Y%m%d
+ bday=20260616
+ count=0
+ [[ 20260617 -ge 20260616 ]]
+ '[' 0 -ge 20 ']'
+ done_file_path=hdfs://DClusterUS1/user/prod_soda_trade_strategy/rank/zhangshuai/MX/mew_sam/data_df_all//20260617/_SUCCESS
+ /usr/local/hadoop-current/bin/hadoop fs -test -e hdfs://DClusterUS1/user/prod_soda_trade_strategy/rank/zhangshuai/MX/mew_sam/data_df_all//20260617/_SUCCESS
++ date -d '20260617 -1 day' +%Y%m%d
+ temp_date=20260616
+ [[ 0 -ne 0 ]]
+ count=1
+ [[ 20260616 -ge 20260616 ]]
+ '[' 1 -ge 20 ']'
+ done_file_path=hdfs://DClusterUS1/user/prod_soda_trade_strategy/rank/zhangshuai/MX/mew_sam/data_df_all//20260616/_SUCCESS
+ /usr/local/hadoop-current/bin/hadoop fs -test -e hdfs://DClusterUS1/user/prod_soda_trade_strategy/rank/zhangshuai/MX/mew_sam/data_df_all//20260616/_SUCCESS
++ date -d '20260616 -1 day' +%Y%m%d
+ temp_date=20260615
+ [[ 0 -ne 0 ]]
+ count=2
+ [[ 20260615 -ge 20260616 ]]
+ [[ 0 -eq 0 ]]
+ echo 'no ready day'
no ready day
+ exit 1
+ cleanup
+ rm -f my_job.lock
=== 2026-06-17 10:40:01 ===
submit_luban.sh: line 3: /home/luban/.bash_profile: No such file or directory
+ set -e
+ LOCK_FILE=my_job.lock
+ '[' -f my_job.lock ']'
+ echo 1569120
+ trap cleanup EXIT
+ echo 'Start job...'
Start job...
+ CONF_FILE=./common.conf
+ ckpt_day=20260615
+ : 1
+ '[' 1 -eq 1 ']'
++ date +%Y%m%d
+ current_date=20260617
+ temp_date=20260617
+ max_days=20
+ found=0
+ eday=
++ date -d '20260615 +1 day' +%Y%m%d
+ bday=20260616
+ count=0
+ [[ 20260617 -ge 20260616 ]]
+ '[' 0 -ge 20 ']'
+ done_file_path=hdfs://DClusterUS1/user/prod_soda_trade_strategy/rank/zhangshuai/MX/mew_sam/data_df_all//20260617/_SUCCESS
+ /usr/local/hadoop-current/bin/hadoop fs -test -e hdfs://DClusterUS1/user/prod_soda_trade_strategy/rank/zhangshuai/MX/mew_sam/data_df_all//20260617/_SUCCESS
++ date -d '20260617 -1 day' +%Y%m%d
+ temp_date=20260616
+ [[ 0 -ne 0 ]]
+ count=1
+ [[ 20260616 -ge 20260616 ]]
+ '[' 1 -ge 20 ']'
+ done_file_path=hdfs://DClusterUS1/user/prod_soda_trade_strategy/rank/zhangshuai/MX/mew_sam/data_df_all//20260616/_SUCCESS
+ /usr/local/hadoop-current/bin/hadoop fs -test -e hdfs://DClusterUS1/user/prod_soda_trade_strategy/rank/zhangshuai/MX/mew_sam/data_df_all//20260616/_SUCCESS
++ date -d '20260616 -1 day' +%Y%m%d
+ temp_date=20260615
+ [[ 0 -ne 0 ]]
+ count=2
+ [[ 20260615 -ge 20260616 ]]
+ [[ 0 -eq 0 ]]
+ echo 'no ready day'
no ready day
+ exit 1
+ cleanup
+ rm -f my_job.lock
=== 2026-06-17 10:45:01 ===
submit_luban.sh: line 3: /home/luban/.bash_profile: No such file or directory
+ set -e
+ LOCK_FILE=my_job.lock
+ '[' -f my_job.lock ']'
+ echo 1575631
+ trap cleanup EXIT
+ echo 'Start job...'
Start job...
+ CONF_FILE=./common.conf
+ ckpt_day=20260615
+ : 1
+ '[' 1 -eq 1 ']'
++ date +%Y%m%d
+ current_date=20260617
+ temp_date=20260617
+ max_days=20
+ found=0
+ eday=
++ date -d '20260615 +1 day' +%Y%m%d
+ bday=20260616
+ count=0
+ [[ 20260617 -ge 20260616 ]]
+ '[' 0 -ge 20 ']'
+ done_file_path=hdfs://DClusterUS1/user/prod_soda_trade_strategy/rank/zhangshuai/MX/mew_sam/data_df_all//20260617/_SUCCESS
+ /usr/local/hadoop-current/bin/hadoop fs -test -e hdfs://DClusterUS1/user/prod_soda_trade_strategy/rank/zhangshuai/MX/mew_sam/data_df_all//20260617/_SUCCESS
++ date -d '20260617 -1 day' +%Y%m%d
+ temp_date=20260616
+ [[ 0 -ne 0 ]]
+ count=1
+ [[ 20260616 -ge 20260616 ]]
+ '[' 1 -ge 20 ']'
+ done_file_path=hdfs://DClusterUS1/user/prod_soda_trade_strategy/rank/zhangshuai/MX/mew_sam/data_df_all//20260616/_SUCCESS
+ /usr/local/hadoop-current/bin/hadoop fs -test -e hdfs://DClusterUS1/user/prod_soda_trade_strategy/rank/zhangshuai/MX/mew_sam/data_df_all//20260616/_SUCCESS
++ date -d '20260616 -1 day' +%Y%m%d
+ temp_date=20260615
+ [[ 0 -ne 0 ]]
+ count=2
+ [[ 20260615 -ge 20260616 ]]
+ [[ 0 -eq 0 ]]
+ echo 'no ready day'
no ready day
+ exit 1
+ cleanup
+ rm -f my_job.lock
=== 2026-06-17 10:50:01 ===
submit_luban.sh: line 3: /home/luban/.bash_profile: No such file or directory
+ set -e
+ LOCK_FILE=my_job.lock
+ '[' -f my_job.lock ']'
+ echo 1581753
+ trap cleanup EXIT
+ echo 'Start job...'
Start job...
+ CONF_FILE=./common.conf
+ ckpt_day=20260615
+ : 1
+ '[' 1 -eq 1 ']'
++ date +%Y%m%d
+ current_date=20260617
+ temp_date=20260617
+ max_days=20
+ found=0
+ eday=
++ date -d '20260615 +1 day' +%Y%m%d
+ bday=20260616
+ count=0
+ [[ 20260617 -ge 20260616 ]]
+ '[' 0 -ge 20 ']'
+ done_file_path=hdfs://DClusterUS1/user/prod_soda_trade_strategy/rank/zhangshuai/MX/mew_sam/data_df_all//20260617/_SUCCESS
+ /usr/local/hadoop-current/bin/hadoop fs -test -e hdfs://DClusterUS1/user/prod_soda_trade_strategy/rank/zhangshuai/MX/mew_sam/data_df_all//20260617/_SUCCESS
++ date -d '20260617 -1 day' +%Y%m%d
+ temp_date=20260616
+ [[ 0 -ne 0 ]]
+ count=1
+ [[ 20260616 -ge 20260616 ]]
+ '[' 1 -ge 20 ']'
+ done_file_path=hdfs://DClusterUS1/user/prod_soda_trade_strategy/rank/zhangshuai/MX/mew_sam/data_df_all//20260616/_SUCCESS
+ /usr/local/hadoop-current/bin/hadoop fs -test -e hdfs://DClusterUS1/user/prod_soda_trade_strategy/rank/zhangshuai/MX/mew_sam/data_df_all//20260616/_SUCCESS
++ date -d '20260616 -1 day' +%Y%m%d
+ temp_date=20260615
+ [[ 0 -ne 0 ]]
+ count=2
+ [[ 20260615 -ge 20260616 ]]
+ [[ 0 -eq 0 ]]
+ echo 'no ready day'
no ready day
+ exit 1
+ cleanup
+ rm -f my_job.lock
=== 2026-06-17 10:55:01 ===
submit_luban.sh: line 3: /home/luban/.bash_profile: No such file or directory
+ set -e
+ LOCK_FILE=my_job.lock
+ '[' -f my_job.lock ']'
+ echo 1587860
+ trap cleanup EXIT
+ echo 'Start job...'
Start job...
+ CONF_FILE=./common.conf
+ ckpt_day=20260615
+ : 1
+ '[' 1 -eq 1 ']'
++ date +%Y%m%d
+ current_date=20260617
+ temp_date=20260617
+ max_days=20
+ found=0
+ eday=
++ date -d '20260615 +1 day' +%Y%m%d
+ bday=20260616
+ count=0
+ [[ 20260617 -ge 20260616 ]]
+ '[' 0 -ge 20 ']'
+ done_file_path=hdfs://DClusterUS1/user/prod_soda_trade_strategy/rank/zhangshuai/MX/mew_sam/data_df_all//20260617/_SUCCESS
+ /usr/local/hadoop-current/bin/hadoop fs -test -e hdfs://DClusterUS1/user/prod_soda_trade_strategy/rank/zhangshuai/MX/mew_sam/data_df_all//20260617/_SUCCESS
++ date -d '20260617 -1 day' +%Y%m%d
+ temp_date=20260616
+ [[ 0 -ne 0 ]]
+ count=1
+ [[ 20260616 -ge 20260616 ]]
+ '[' 1 -ge 20 ']'
+ done_file_path=hdfs://DClusterUS1/user/prod_soda_trade_strategy/rank/zhangshuai/MX/mew_sam/data_df_all//20260616/_SUCCESS
+ /usr/local/hadoop-current/bin/hadoop fs -test -e hdfs://DClusterUS1/user/prod_soda_trade_strategy/rank/zhangshuai/MX/mew_sam/data_df_all//20260616/_SUCCESS
++ date -d '20260616 -1 day' +%Y%m%d
+ temp_date=20260615
+ [[ 0 -ne 0 ]]
+ count=2
+ [[ 20260615 -ge 20260616 ]]
+ [[ 0 -eq 0 ]]
+ echo 'no ready day'
no ready day
+ exit 1
+ cleanup
+ rm -f my_job.lock
=== 2026-06-17 11:00:01 ===
submit_luban.sh: line 3: /home/luban/.bash_profile: No such file or directory
+ set -e
+ LOCK_FILE=my_job.lock
+ '[' -f my_job.lock ']'
+ echo 1594050
+ trap cleanup EXIT
+ echo 'Start job...'
Start job...
+ CONF_FILE=./common.conf
+ ckpt_day=20260615
+ : 1
+ '[' 1 -eq 1 ']'
++ date +%Y%m%d
+ current_date=20260617
+ temp_date=20260617
+ max_days=20
+ found=0
+ eday=
++ date -d '20260615 +1 day' +%Y%m%d
+ bday=20260616
+ count=0
+ [[ 20260617 -ge 20260616 ]]
+ '[' 0 -ge 20 ']'
+ done_file_path=hdfs://DClusterUS1/user/prod_soda_trade_strategy/rank/zhangshuai/MX/mew_sam/data_df_all//20260617/_SUCCESS
+ /usr/local/hadoop-current/bin/hadoop fs -test -e hdfs://DClusterUS1/user/prod_soda_trade_strategy/rank/zhangshuai/MX/mew_sam/data_df_all//20260617/_SUCCESS
++ date -d '20260617 -1 day' +%Y%m%d
+ temp_date=20260616
+ [[ 0 -ne 0 ]]
+ count=1
+ [[ 20260616 -ge 20260616 ]]
+ '[' 1 -ge 20 ']'
+ done_file_path=hdfs://DClusterUS1/user/prod_soda_trade_strategy/rank/zhangshuai/MX/mew_sam/data_df_all//20260616/_SUCCESS
+ /usr/local/hadoop-current/bin/hadoop fs -test -e hdfs://DClusterUS1/user/prod_soda_trade_strategy/rank/zhangshuai/MX/mew_sam/data_df_all//20260616/_SUCCESS
++ date -d '20260616 -1 day' +%Y%m%d
+ temp_date=20260615
+ [[ 0 -ne 0 ]]
+ count=2
+ [[ 20260615 -ge 20260616 ]]
+ [[ 0 -eq 0 ]]
+ echo 'no ready day'
no ready day
+ exit 1
+ cleanup
+ rm -f my_job.lock
=== 2026-06-17 11:05:01 ===
submit_luban.sh: line 3: /home/luban/.bash_profile: No such file or directory
+ set -e
+ LOCK_FILE=my_job.lock
+ '[' -f my_job.lock ']'
+ echo 1600168
+ trap cleanup EXIT
+ echo 'Start job...'
Start job...
+ CONF_FILE=./common.conf
+ ckpt_day=20260615
+ : 1
+ '[' 1 -eq 1 ']'
++ date +%Y%m%d
+ current_date=20260617
+ temp_date=20260617
+ max_days=20
+ found=0
+ eday=
++ date -d '20260615 +1 day' +%Y%m%d
+ bday=20260616
+ count=0
+ [[ 20260617 -ge 20260616 ]]
+ '[' 0 -ge 20 ']'
+ done_file_path=hdfs://DClusterUS1/user/prod_soda_trade_strategy/rank/zhangshuai/MX/mew_sam/data_df_all//20260617/_SUCCESS
+ /usr/local/hadoop-current/bin/hadoop fs -test -e hdfs://DClusterUS1/user/prod_soda_trade_strategy/rank/zhangshuai/MX/mew_sam/data_df_all//20260617/_SUCCESS
++ date -d '20260617 -1 day' +%Y%m%d
+ temp_date=20260616
+ [[ 0 -ne 0 ]]
+ count=1
+ [[ 20260616 -ge 20260616 ]]
+ '[' 1 -ge 20 ']'
+ done_file_path=hdfs://DClusterUS1/user/prod_soda_trade_strategy/rank/zhangshuai/MX/mew_sam/data_df_all//20260616/_SUCCESS
+ /usr/local/hadoop-current/bin/hadoop fs -test -e hdfs://DClusterUS1/user/prod_soda_trade_strategy/rank/zhangshuai/MX/mew_sam/data_df_all//20260616/_SUCCESS
++ date -d '20260616 -1 day' +%Y%m%d
+ temp_date=20260615
+ [[ 0 -ne 0 ]]
+ count=2
+ [[ 20260615 -ge 20260616 ]]
+ [[ 0 -eq 0 ]]
+ echo 'no ready day'
no ready day
+ exit 1
+ cleanup
+ rm -f my_job.lock
=== 2026-06-17 11:10:01 ===
submit_luban.sh: line 3: /home/luban/.bash_profile: No such file or directory
+ set -e
+ LOCK_FILE=my_job.lock
+ '[' -f my_job.lock ']'
+ echo 1606387
+ trap cleanup EXIT
+ echo 'Start job...'
Start job...
+ CONF_FILE=./common.conf
+ ckpt_day=20260615
+ : 1
+ '[' 1 -eq 1 ']'
++ date +%Y%m%d
+ current_date=20260617
+ temp_date=20260617
+ max_days=20
+ found=0
+ eday=
++ date -d '20260615 +1 day' +%Y%m%d
+ bday=20260616
+ count=0
+ [[ 20260617 -ge 20260616 ]]
+ '[' 0 -ge 20 ']'
+ done_file_path=hdfs://DClusterUS1/user/prod_soda_trade_strategy/rank/zhangshuai/MX/mew_sam/data_df_all//20260617/_SUCCESS
+ /usr/local/hadoop-current/bin/hadoop fs -test -e hdfs://DClusterUS1/user/prod_soda_trade_strategy/rank/zhangshuai/MX/mew_sam/data_df_all//20260617/_SUCCESS
++ date -d '20260617 -1 day' +%Y%m%d
+ temp_date=20260616
+ [[ 0 -ne 0 ]]
+ count=1
+ [[ 20260616 -ge 20260616 ]]
+ '[' 1 -ge 20 ']'
+ done_file_path=hdfs://DClusterUS1/user/prod_soda_trade_strategy/rank/zhangshuai/MX/mew_sam/data_df_all//20260616/_SUCCESS
+ /usr/local/hadoop-current/bin/hadoop fs -test -e hdfs://DClusterUS1/user/prod_soda_trade_strategy/rank/zhangshuai/MX/mew_sam/data_df_all//20260616/_SUCCESS
++ date -d '20260616 -1 day' +%Y%m%d
+ temp_date=20260615
+ [[ 0 -ne 0 ]]
+ count=2
+ [[ 20260615 -ge 20260616 ]]
+ [[ 0 -eq 0 ]]
+ echo 'no ready day'
no ready day
+ exit 1
+ cleanup
+ rm -f my_job.lock
=== 2026-06-17 11:15:01 ===
submit_luban.sh: line 3: /home/luban/.bash_profile: No such file or directory
+ set -e
+ LOCK_FILE=my_job.lock
+ '[' -f my_job.lock ']'
+ echo 1612570
+ trap cleanup EXIT
+ echo 'Start job...'
Start job...
+ CONF_FILE=./common.conf
+ ckpt_day=20260615
+ : 1
+ '[' 1 -eq 1 ']'
++ date +%Y%m%d
+ current_date=20260617
+ temp_date=20260617
+ max_days=20
+ found=0
+ eday=
++ date -d '20260615 +1 day' +%Y%m%d
+ bday=20260616
+ count=0
+ [[ 20260617 -ge 20260616 ]]
+ '[' 0 -ge 20 ']'
+ done_file_path=hdfs://DClusterUS1/user/prod_soda_trade_strategy/rank/zhangshuai/MX/mew_sam/data_df_all//20260617/_SUCCESS
+ /usr/local/hadoop-current/bin/hadoop fs -test -e hdfs://DClusterUS1/user/prod_soda_trade_strategy/rank/zhangshuai/MX/mew_sam/data_df_all//20260617/_SUCCESS
++ date -d '20260617 -1 day' +%Y%m%d
+ temp_date=20260616
+ [[ 0 -ne 0 ]]
+ count=1
+ [[ 20260616 -ge 20260616 ]]
+ '[' 1 -ge 20 ']'
+ done_file_path=hdfs://DClusterUS1/user/prod_soda_trade_strategy/rank/zhangshuai/MX/mew_sam/data_df_all//20260616/_SUCCESS
+ /usr/local/hadoop-current/bin/hadoop fs -test -e hdfs://DClusterUS1/user/prod_soda_trade_strategy/rank/zhangshuai/MX/mew_sam/data_df_all//20260616/_SUCCESS
++ date -d '20260616 -1 day' +%Y%m%d
+ temp_date=20260615
+ [[ 0 -ne 0 ]]
+ count=2
+ [[ 20260615 -ge 20260616 ]]
+ [[ 0 -eq 0 ]]
+ echo 'no ready day'
no ready day
+ exit 1
+ cleanup
+ rm -f my_job.lock
=== 2026-06-17 11:20:01 ===
submit_luban.sh: line 3: /home/luban/.bash_profile: No such file or directory
+ set -e
+ LOCK_FILE=my_job.lock
+ '[' -f my_job.lock ']'
+ echo 1618732
+ trap cleanup EXIT
+ echo 'Start job...'
Start job...
+ CONF_FILE=./common.conf
+ ckpt_day=20260615
+ : 1
+ '[' 1 -eq 1 ']'
++ date +%Y%m%d
+ current_date=20260617
+ temp_date=20260617
+ max_days=20
+ found=0
+ eday=
++ date -d '20260615 +1 day' +%Y%m%d
+ bday=20260616
+ count=0
+ [[ 20260617 -ge 20260616 ]]
+ '[' 0 -ge 20 ']'
+ done_file_path=hdfs://DClusterUS1/user/prod_soda_trade_strategy/rank/zhangshuai/MX/mew_sam/data_df_all//20260617/_SUCCESS
+ /usr/local/hadoop-current/bin/hadoop fs -test -e hdfs://DClusterUS1/user/prod_soda_trade_strategy/rank/zhangshuai/MX/mew_sam/data_df_all//20260617/_SUCCESS
++ date -d '20260617 -1 day' +%Y%m%d
+ temp_date=20260616
+ [[ 0 -ne 0 ]]
+ count=1
+ [[ 20260616 -ge 20260616 ]]
+ '[' 1 -ge 20 ']'
+ done_file_path=hdfs://DClusterUS1/user/prod_soda_trade_strategy/rank/zhangshuai/MX/mew_sam/data_df_all//20260616/_SUCCESS
+ /usr/local/hadoop-current/bin/hadoop fs -test -e hdfs://DClusterUS1/user/prod_soda_trade_strategy/rank/zhangshuai/MX/mew_sam/data_df_all//20260616/_SUCCESS
++ date -d '20260616 -1 day' +%Y%m%d
+ temp_date=20260615
+ [[ 0 -ne 0 ]]
+ count=2
+ [[ 20260615 -ge 20260616 ]]
+ [[ 0 -eq 0 ]]
+ echo 'no ready day'
no ready day
+ exit 1
+ cleanup
+ rm -f my_job.lock
=== 2026-06-17 11:25:01 ===
submit_luban.sh: line 3: /home/luban/.bash_profile: No such file or directory
+ set -e
+ LOCK_FILE=my_job.lock
+ '[' -f my_job.lock ']'
+ echo 1624903
+ trap cleanup EXIT
+ echo 'Start job...'
Start job...
+ CONF_FILE=./common.conf
+ ckpt_day=20260615
+ : 1
+ '[' 1 -eq 1 ']'
++ date +%Y%m%d
+ current_date=20260617
+ temp_date=20260617
+ max_days=20
+ found=0
+ eday=
++ date -d '20260615 +1 day' +%Y%m%d
+ bday=20260616
+ count=0
+ [[ 20260617 -ge 20260616 ]]
+ '[' 0 -ge 20 ']'
+ done_file_path=hdfs://DClusterUS1/user/prod_soda_trade_strategy/rank/zhangshuai/MX/mew_sam/data_df_all//20260617/_SUCCESS
+ /usr/local/hadoop-current/bin/hadoop fs -test -e hdfs://DClusterUS1/user/prod_soda_trade_strategy/rank/zhangshuai/MX/mew_sam/data_df_all//20260617/_SUCCESS
++ date -d '20260617 -1 day' +%Y%m%d
+ temp_date=20260616
+ [[ 0 -ne 0 ]]
+ count=1
+ [[ 20260616 -ge 20260616 ]]
+ '[' 1 -ge 20 ']'
+ done_file_path=hdfs://DClusterUS1/user/prod_soda_trade_strategy/rank/zhangshuai/MX/mew_sam/data_df_all//20260616/_SUCCESS
+ /usr/local/hadoop-current/bin/hadoop fs -test -e hdfs://DClusterUS1/user/prod_soda_trade_strategy/rank/zhangshuai/MX/mew_sam/data_df_all//20260616/_SUCCESS
++ date -d '20260616 -1 day' +%Y%m%d
+ temp_date=20260615
+ [[ 0 -ne 0 ]]
+ count=2
+ [[ 20260615 -ge 20260616 ]]
+ [[ 0 -eq 0 ]]
+ echo 'no ready day'
no ready day
+ exit 1
+ cleanup
+ rm -f my_job.lock
=== 2026-06-17 11:30:01 ===
submit_luban.sh: line 3: /home/luban/.bash_profile: No such file or directory
+ set -e
+ LOCK_FILE=my_job.lock
+ '[' -f my_job.lock ']'
+ echo 1631592
+ trap cleanup EXIT
+ echo 'Start job...'
Start job...
+ CONF_FILE=./common.conf
+ ckpt_day=20260615
+ : 1
+ '[' 1 -eq 1 ']'
++ date +%Y%m%d
+ current_date=20260617
+ temp_date=20260617
+ max_days=20
+ found=0
+ eday=
++ date -d '20260615 +1 day' +%Y%m%d
+ bday=20260616
+ count=0
+ [[ 20260617 -ge 20260616 ]]
+ '[' 0 -ge 20 ']'
+ done_file_path=hdfs://DClusterUS1/user/prod_soda_trade_strategy/rank/zhangshuai/MX/mew_sam/data_df_all//20260617/_SUCCESS
+ /usr/local/hadoop-current/bin/hadoop fs -test -e hdfs://DClusterUS1/user/prod_soda_trade_strategy/rank/zhangshuai/MX/mew_sam/data_df_all//20260617/_SUCCESS
++ date -d '20260617 -1 day' +%Y%m%d
+ temp_date=20260616
+ [[ 0 -ne 0 ]]
+ count=1
+ [[ 20260616 -ge 20260616 ]]
+ '[' 1 -ge 20 ']'
+ done_file_path=hdfs://DClusterUS1/user/prod_soda_trade_strategy/rank/zhangshuai/MX/mew_sam/data_df_all//20260616/_SUCCESS
+ /usr/local/hadoop-current/bin/hadoop fs -test -e hdfs://DClusterUS1/user/prod_soda_trade_strategy/rank/zhangshuai/MX/mew_sam/data_df_all//20260616/_SUCCESS
++ date -d '20260616 -1 day' +%Y%m%d
+ temp_date=20260615
+ [[ 0 -ne 0 ]]
+ count=2
+ [[ 20260615 -ge 20260616 ]]
+ [[ 0 -eq 0 ]]
+ echo 'no ready day'
no ready day
+ exit 1
+ cleanup
+ rm -f my_job.lock
